trade_id,transition_type,direction,from_leg_id,to_leg_id,target_leg_id,entry_time,entry_price,stop_price,stop_distance,target_time,target_price,exit_time,exit_price,exit_reason,holding_minutes,lvn_price_center,lvn_price_min,lvn_price_max,risk_eur,units,pnl_eur,balance_before_trade,balance_after_trade
1,LH_to_LL,long,17,18,28,2024-12-02 00:18:00,68.34,68.43,0.0900000000000034,2024-12-02 02:48:00,68.49,2024-12-02 00:54:00,68.43,stop,36.0,68.30720000000001,68.2904,68.32400000000001,100.0,1111.111111111069,100.0,10000.0,10100.0
2,HL_to_HH,short,14,15,21,2024-12-02 00:55:00,68.42,68.3,0.1200000000000045,2024-12-02 01:18:00,68.52,2024-12-02 01:18:00,68.52,target,23.0,68.44160000000001,68.4248,68.45840000000001,99.0,824.9999999999687,-82.49999999999218,10000.0,10017.500000000007
3,HL_to_HH,short,20,21,23,2024-12-02 01:33:00,68.48,68.3,0.1800000000000068,2024-12-02 01:54:00,68.7,2024-12-02 01:54:00,68.7,target,21.0,68.44160000000001,68.4248,68.45840000000001,99.82499999999992,554.5833333333119,-122.008333333328,10000.0,9895.49166666668
4,HL_to_HH,short,22,23,27,2024-12-02 02:06:00,68.52,68.47,0.0499999999999971,2024-12-02 02:39:00,68.62,2024-12-02 02:39:00,68.62,target,33.0,68.50880000000001,68.492,68.52560000000001,101.0450833333332,2020.901666666779,-202.09016666669513,10000.0,9693.401499999984
5,HL_to_HH,short,26,27,31,2024-12-02 02:40:00,68.59,68.54,0.0499999999999971,2024-12-02 03:31:00,68.75,2024-12-02 02:44:00,68.54,stop,4.0,68.6096,68.5928,68.6264,103.06598500000015,2061.3197000001205,103.06598500000015,10000.0,9796.467484999983
6,LH_to_LL,long,29,30,36,2024-12-02 03:09:00,68.42,68.57,0.1499999999999914,2024-12-02 04:13:00,68.47,2024-12-02 03:15:00,68.57,stop,6.0,68.44160000000001,68.4248,68.45840000000001,102.03532515000018,680.2355010000398,102.03532515000018,10000.0,9898.502810149983
7,HL_to_HH,short,34,35,39,2024-12-02 04:05:00,68.7,68.53,0.1700000000000017,2024-12-02 04:36:00,68.65,2024-12-02 04:07:00,68.53,stop,2.0,68.7104,68.6936,68.72720000000001,101.01497189850018,594.2057170499951,101.01497189850018,10000.0,9999.517782048482
8,HL_to_HH,short,38,39,43,2024-12-02 04:37:00,68.59,68.58,0.0100000000000051,2024-12-02 04:46:00,68.67,2024-12-02 04:37:00,68.58,stop,0.0,68.6096,68.5928,68.6264,100.00482217951516,10000.4822179464,100.00482217951516,10000.0,10099.522604227997
9,HL_to_HH,short,42,43,45,2024-12-02 04:47:00,68.61,68.57,0.0400000000000062,2024-12-02 04:51:00,68.7,2024-12-02 04:51:00,68.7,target,4.0,68.6096,68.5928,68.6264,99.00477395772003,2475.119348942614,-222.76074140484369,10000.0,9876.761862823154
10,HL_to_HH,short,44,45,47,2024-12-02 04:56:00,68.68,68.6,0.0800000000000125,2024-12-02 05:07:00,68.78,2024-12-02 05:07:00,68.78,target,11.0,68.6096,68.5928,68.6264,101.23238137176848,1265.404767146908,-126.5404767146836,10000.0,9750.221386108471
11,HL_to_HH,short,46,47,51,2024-12-02 05:10:00,68.67,68.63,0.0400000000000062,2024-12-02 05:55:00,68.68,2024-12-02 05:15:00,68.63,stop,5.0,68.7104,68.6936,68.72720000000001,102.49778613891527,2562.4446534724816,102.49778613891527,10000.0,9852.719172247387
12,LH_to_LL,long,49,50,62,2024-12-02 05:38:00,68.59,68.68,0.0900000000000034,2024-12-02 07:52:00,68.66,2024-12-02 05:48:00,68.68,stop,10.0,68.6096,68.5928,68.6264,101.47280827752613,1127.475647528025,101.47280827752613,10000.0,9954.191980524913
13,HL_to_HH,short,52,53,55,2024-12-02 06:05:00,68.71,68.62,0.0899999999999892,2024-12-02 06:25:00,68.72,2024-12-02 06:09:00,68.62,stop,4.0,68.7104,68.6936,68.72720000000001,100.45808019475088,1116.2008910529214,100.45808019475088,10000.0,10054.650060719663
14,HL_to_HH,short,54,55,57,2024-12-02 06:26:00,68.68,68.62,0.0600000000000022,2024-12-02 06:59:00,68.85,2024-12-02 06:59:00,68.85,target,33.0,68.7104,68.6936,68.72720000000001,99.45349939280337,1657.5583232133265,-281.78491494624484,10000.0,9772.865145773418
15,HL_to_HH,short,58,59,63,2024-12-02 07:21:00,68.9,68.78,0.1200000000000045,2024-12-02 08:07:00,68.91,2024-12-02 07:29:00,68.78,stop,8.0,68.912,68.8952,68.92880000000001,102.27134854226584,852.261237852183,102.27134854226584,10000.0,9875.136494315684
16,LH_to_LL,long,61,62,70,2024-12-02 07:54:00,68.69,68.86,0.1700000000000017,2024-12-02 09:19:00,68.77,2024-12-02 08:01:00,68.86,stop,7.0,68.7104,68.6936,68.72720000000001,101.24863505684316,595.5802062167185,101.24863505684316,10000.0,9976.385129372527
17,HL_to_HH,short,64,65,67,2024-12-02 08:38:00,68.98,68.75,0.2300000000000039,2024-12-02 08:51:00,69.09,2024-12-02 08:51:00,69.09,target,13.0,68.9792,68.9624,68.99600000000001,100.23614870627472,435.80934220118695,-47.93902764213031,10000.0,9928.446101730397
18,HL_to_HH,short,66,67,77,2024-12-02 08:52:00,69.06,68.92,0.1400000000000005,2024-12-02 10:30:00,68.75,2024-12-02 08:54:00,68.92,stop,2.0,69.08,69.0632,69.0968,100.71553898269605,719.3967070192544,100.71553898269605,10000.0,10029.161640713093
19,LH_to_LL,long,71,72,74,2024-12-02 09:49:00,68.4,68.89,0.4899999999999949,2024-12-02 09:58:00,68.2,2024-12-02 09:58:00,68.2,target,9.0,68.44160000000001,68.4248,68.45840000000001,99.70838359286908,203.48649712830635,-40.697299425661846,10000.0,9988.464341287432
20,LH_to_LL,long,73,74,76,2024-12-02 09:59:00,68.23,68.42,0.1899999999999977,2024-12-02 10:18:00,68.16,2024-12-02 10:05:00,68.42,stop,6.0,68.24000000000001,68.2232,68.25680000000001,100.11535658712567,526.922929405931,100.11535658712567,10000.0,10088.579697874558
21,LH_to_LL,long,75,76,80,2024-12-02 10:21:00,68.24,68.41,0.1700000000000017,2024-12-02 10:53:00,68.29,2024-12-02 10:23:00,68.41,stop,2.0,68.24000000000001,68.2232,68.25680000000001,99.1142030212544,583.0247236544319,99.1142030212544,10000.0,10187.693900895812
22,LH_to_LL,long,79,80,84,2024-12-02 10:54:00,68.29,68.37,0.0799999999999983,2024-12-02 11:29:00,67.9,2024-12-02 10:56:00,68.37,stop,2.0,68.30720000000001,68.2904,68.32400000000001,98.12306099104188,1226.5382623880496,98.12306099104188,10000.0,10285.816961886854
23,LH_to_LL,long,83,84,86,2024-12-02 11:30:00,67.99,68.46,0.4699999999999988,2024-12-02 11:45:00,67.84,2024-12-02 11:45:00,67.84,target,15.0,67.90400000000001,67.8872,67.92080000000001,97.14183038113146,206.68474549176955,-31.002711823763672,10000.0,10254.814250063091
24,LH_to_LL,long,85,86,88,2024-12-02 11:46:00,67.84,68.1,0.2599999999999909,2024-12-02 12:05:00,67.74,2024-12-02 12:05:00,67.74,target,19.0,67.83680000000001,67.82000000000001,67.85360000000001,97.4518574993691,374.8148365360481,-37.48148365360801,10000.0,10217.332766409483
25,LH_to_LL,long,87,88,96,2024-12-02 12:06:00,67.77,67.96,0.1899999999999977,2024-12-02 13:44:00,67.81,2024-12-02 12:15:00,67.96,stop,9.0,67.76960000000001,67.75280000000001,67.78640000000001,97.82667233590516,514.8772228205597,97.82667233590516,10000.0,10315.159438745388
26,HL_to_HH,short,92,93,99,2024-12-02 13:04:00,68.0,67.94,0.0600000000000022,2024-12-02 14:02:00,68.0,2024-12-02 13:20:00,67.94,stop,16.0,67.97120000000001,67.9544,67.98800000000001,96.84840561254612,1614.1400935423742,96.84840561254612,10000.0,10412.007844357933
28,HL_to_HH,short,98,99,101,2024-12-02 14:04:00,67.98,67.93,0.0499999999999971,2024-12-02 14:28:00,68.12,2024-12-02 14:04:00,67.93,stop,0.0,67.9376,67.9208,67.9544,95.87992155642068,1917.5984311285224,95.87992155642068,10000.0,10507.887765914355
27,LH_to_LL,long,95,96,100,2024-12-02 13:45:00,67.82,68.05,0.2300000000000039,2024-12-02 14:14:00,67.88,2024-12-02 14:14:00,67.88,target,29.0,67.83680000000001,67.82000000000001,67.85360000000001,95.87992155642068,416.8692241583435,25.01215344950156,10000.0,10532.899919363856
29,HL_to_HH,short,102,103,105,2024-12-02 14:39:00,68.13,68.04,0.0899999999999892,2024-12-02 16:32:00,68.18,2024-12-02 15:09:00,68.04,stop,30.0,68.1392,68.1224,68.156,94.67100080636143,1051.900008959698,94.67100080636143,10000.0,10627.570920170218
30,HL_to_HH,short,106,107,113,2024-12-02 20:30:00,68.15,68.1,0.0500000000000113,2024-12-02 23:34:00,68.21,2024-12-02 20:30:00,68.1,stop,0.0,68.1392,68.1224,68.156,93.72429079829784,1874.4858159655305,93.72429079829784,10000.0,10721.295210968516
31,LH_to_LL,long,109,110,116,2024-12-02 21:46:00,67.96,68.07,0.1099999999999994,2024-12-03 00:15:00,68.13,2024-12-02 22:30:00,68.07,stop,44.0,67.9376,67.9208,67.9544,92.78704789031484,843.5186171846847,92.78704789031484,10000.0,10814.08225885883
32,LH_to_LL,long,115,116,120,2024-12-03 00:16:00,68.13,68.21,0.0799999999999983,2024-12-03 02:19:00,68.29,2024-12-03 00:38:00,68.21,stop,22.0,68.1392,68.1224,68.156,91.8591774114117,1148.2397176426707,91.8591774114117,10000.0,10905.941436270243
33,HL_to_HH,short,118,119,121,2024-12-03 02:17:00,68.31,68.3,0.0100000000000051,2024-12-03 03:07:00,68.56,2024-12-03 02:17:00,68.3,stop,0.0,68.30720000000001,68.2904,68.32400000000001,90.94058563729756,9094.058563725104,90.94058563729756,10000.0,10996.88202190754
34,HL_to_HH,short,124,125,127,2024-12-03 04:32:00,68.9,68.72,0.1800000000000068,2024-12-03 04:58:00,68.93,2024-12-03 04:58:00,68.93,target,26.0,68.8784,68.8616,68.8952,90.0311797809246,500.17322100511774,-15.0051966301541,10000.0,10981.876825277386
35,HL_to_HH,short,126,127,131,2024-12-03 04:59:00,68.9,68.78,0.1200000000000045,2024-12-03 05:40:00,68.87,2024-12-03 05:05:00,68.78,stop,6.0,68.912,68.8952,68.92880000000001,90.18123174722614,751.5102645601893,90.18123174722614,10000.0,11072.058057024613
36,HL_to_HH,short,130,131,135,2024-12-03 05:41:00,68.87,68.76,0.1099999999999994,2024-12-03 06:34:00,68.93,2024-12-03 05:45:00,68.76,stop,4.0,68.8784,68.8616,68.8952,89.27941942975387,811.6310857250394,89.27941942975387,10000.0,11161.337476454366
37,LH_to_LL,long,133,134,146,2024-12-03 06:00:00,68.69,68.84,0.1500000000000056,2024-12-03 08:25:00,69.09,2024-12-03 06:27:00,68.84,stop,27.0,68.7104,68.6936,68.72720000000001,88.38662523545634,589.2441682363533,88.38662523545634,10000.0,11249.724101689822
38,HL_to_HH,short,136,137,139,2024-12-03 06:50:00,68.88,68.81,0.0699999999999931,2024-12-03 07:23:00,69.03,2024-12-03 07:23:00,69.03,target,33.0,68.912,68.8952,68.92880000000001,87.50275898310177,1250.0394140444328,-187.505912106672,10000.0,11062.21818958315
39,HL_to_HH,short,138,139,141,2024-12-03 07:26:00,68.98,68.84,0.1400000000000005,2024-12-03 07:42:00,69.25,2024-12-03 07:42:00,69.25,target,16.0,68.9792,68.9624,68.99600000000001,89.3778181041685,638.4129864583438,-172.3715063437503,10000.0,10889.8466832394
40,HL_to_HH,short,140,141,143,2024-12-03 07:45:00,69.18,68.93,0.25,2024-12-03 07:56:00,69.31,2024-12-03 07:56:00,69.31,target,11.0,69.1472,69.1304,69.164,91.101533167606,364.406132670424,-47.37279724715346,10000.0,10842.473885992247
41,HL_to_HH,short,144,145,149,2024-12-03 08:18:00,69.25,69.23,0.019999999999996,2024-12-03 08:46:00,69.3,2024-12-03 08:18:00,69.23,stop,0.0,69.248,69.2312,69.26480000000001,91.57526114007752,4578.763057004788,91.57526114007752,10000.0,10934.049147132324
42,HL_to_HH,short,150,151,161,2024-12-03 08:56:00,69.26,69.22,0.0400000000000062,2024-12-03 10:21:00,69.49,2024-12-03 08:56:00,69.22,stop,0.0,69.248,69.2312,69.26480000000001,90.65950852867677,2266.4877132165648,90.65950852867677,10000.0,11024.708655661001
43,LH_to_LL,long,153,154,156,2024-12-03 09:08:00,69.13,69.32,0.1899999999999977,2024-12-03 09:39:00,68.75,2024-12-03 09:39:00,68.75,target,31.0,69.1472,69.1304,69.164,89.75291344338999,472.3837549652161,-179.50582688677997,10000.0,10845.202828774221
44,LH_to_LL,long,155,156,166,2024-12-03 10:13:00,69.12,69.19,0.0699999999999931,2024-12-03 10:47:00,69.51,2024-12-03 10:16:00,69.19,stop,3.0,69.1472,69.1304,69.164,91.5479717122578,1307.828167318096,91.5479717122578,10000.0,10936.75080048648
45,HL_to_HH,short,162,163,165,2024-12-03 10:41:00,69.57,69.33,0.2399999999999948,2024-12-03 10:44:00,69.64,2024-12-03 10:44:00,69.64,target,3.0,69.55040000000001,69.5336,69.56720000000001,90.6324919951352,377.63538331307143,-26.434476831917788,10000.0,10910.316323654562
46,HL_to_HH,short,164,165,167,2024-12-03 10:45:00,69.61,69.57,0.0400000000000062,2024-12-03 11:04:00,69.75,2024-12-03 10:45:00,69.57,stop,0.0,69.61760000000001,69.6008,69.63440000000001,90.89683676345436,2272.420919086004,90.89683676345436,10000.0,11001.213160418018
47,LH_to_LL,long,169,170,176,2024-12-03 11:13:00,69.7,69.73,0.0300000000000011,2024-12-03 13:02:00,69.91,2024-12-03 11:15:00,69.73,stop,2.0,69.7184,69.7016,69.7352,89.98786839581983,2999.5956131938806,89.98786839581983,10000.0,11091.201028813837
48,HL_to_HH,short,174,175,181,2024-12-03 12:41:00,70.08,69.97,0.1099999999999994,2024-12-03 13:35:00,69.98,2024-12-03 12:47:00,69.97,stop,6.0,70.08800000000001,70.0712,70.10480000000001,89.08798971186162,809.8908155623826,89.08798971186162,10000.0,11180.289018525698
49,LH_to_LL,long,177,178,186,2024-12-03 13:13:00,69.8,69.98,0.1800000000000068,2024-12-03 14:30:00,69.91,2024-12-03 13:34:00,69.98,stop,21.0,69.81920000000001,69.8024,69.83600000000001,88.19710981474302,489.9839434152204,88.19710981474302,10000.0,11268.48612834044
50,HL_to_HH,short,180,181,183,2024-12-03 13:36:00,69.89,69.86,0.0300000000000011,2024-12-03 13:50:00,70.11,2024-12-03 13:50:00,70.11,target,14.0,69.92,69.9032,69.9368,87.3151387165956,2910.5046238864097,-640.3110172550068,10000.0,10628.175111085435
51,HL_to_HH,short,184,185,189,2024-12-03 14:12:00,70.1,70.04,0.059999999999988,2024-12-03 18:45:00,70.06,2024-12-03 14:16:00,70.04,stop,4.0,70.08800000000001,70.0712,70.10480000000001,93.71824888914566,1561.970814819405,93.71824888914566,10000.0,10721.89335997458
52,LH_to_LL,long,187,188,190,2024-12-03 16:34:00,69.93,70.08,0.1499999999999914,2024-12-03 20:50:00,69.88,2024-12-03 18:44:00,70.08,stop,130.0,69.92,69.9032,69.9368,92.7810664002542,618.5404426683965,92.7810664002542,10000.0,10814.674426374833
54,LH_to_LL,long,195,196,200,2024-12-03 22:31:00,69.94,70.02,0.0799999999999983,2024-12-04 03:18:00,69.99,2024-12-03 22:37:00,70.02,stop,6.0,69.92,69.9032,69.9368,91.85325573625168,1148.1656967031704,91.85325573625168,10000.0,10906.527682111086
53,HL_to_HH,short,192,193,197,2024-12-03 22:30:00,69.92,69.9,0.019999999999996,2024-12-04 01:51:00,70.18,2024-12-04 01:51:00,70.18,target,201.0,69.92,69.9032,69.9368,91.85325573625168,4592.662786813497,-1194.0923245715328,10000.0,9712.435357539553
55,HL_to_HH,short,198,199,205,2024-12-04 02:17:00,70.15,70.1,0.0500000000000113,2024-12-04 04:01:00,70.08,2024-12-04 02:46:00,70.1,stop,29.0,70.1216,70.1048,70.1384,102.87564642460448,2057.512928491622,102.87564642460448,10000.0,9815.311003964158
56,LH_to_LL,long,201,202,204,2024-12-04 03:42:00,70.07,70.14,0.0700000000000073,2024-12-04 03:56:00,69.88,2024-12-04 03:56:00,69.88,target,14.0,70.08800000000001,70.0712,70.10480000000001,101.84688996035842,1454.9555708621097,-276.4415584637975,10000.0,9538.86944550036
57,LH_to_LL,long,203,204,208,2024-12-04 03:57:00,69.94,70.07,0.1299999999999954,2024-12-04 04:19:00,69.96,2024-12-04 04:00:00,70.07,stop,3.0,69.92,69.9032,69.9368,104.6113055449964,804.7023503461543,104.6113055449964,10000.0,9643.480751045357
58,LH_to_LL,long,207,208,214,2024-12-04 04:20:00,70.0,70.07,0.0699999999999931,2024-12-04 06:18:00,70.1,2024-12-04 04:20:00,70.07,stop,0.0,69.9872,69.9704,70.004,103.56519248954643,1479.5027498508075,103.56519248954643,10000.0,9747.045943534904
59,HL_to_HH,short,212,213,221,2024-12-04 05:35:00,70.39,70.31,0.0799999999999983,2024-12-04 08:21:00,70.15,2024-12-04 05:56:00,70.31,stop,21.0,70.4576,70.4408,70.4744,102.52954056465096,1281.6192570581643,102.52954056465096,10000.0,9849.575484099554
60,LH_to_LL,long,215,216,218,2024-12-04 06:36:00,70.08,70.18,0.1000000000000085,2024-12-04 07:23:00,69.79,2024-12-04 07:23:00,69.79,target,47.0,70.08800000000001,70.0712,70.10480000000001,101.50424515900444,1015.042451589958,-294.36231096107974,10000.0,9555.213173138474
61,LH_to_LL,long,217,218,222,2024-12-04 07:24:00,69.81,70.15,0.3400000000000034,2024-12-04 08:35:00,69.95,2024-12-04 08:18:00,70.15,stop,54.0,69.81920000000001,69.8024,69.83600000000001,104.44786826861524,307.19961255474766,104.44786826861524,10000.0,9659.66104140709
62,HL_to_HH,short,220,221,223,2024-12-04 08:23:00,70.08,70.0,0.0799999999999983,2024-12-04 09:05:00,70.33,2024-12-04 08:33:00,70.0,stop,10.0,70.08800000000001,70.0712,70.10480000000001,103.4033895859291,1292.5423698241414,103.4033895859291,10000.0,9763.064430993018
63,HL_to_HH,short,226,227,237,2024-12-04 09:31:00,70.32,70.15,0.1699999999999875,2024-12-04 10:54:00,69.92,2024-12-04 09:34:00,70.15,stop,3.0,70.28960000000001,70.2728,70.30640000000001,102.36935569006982,602.1726805298667,102.36935569006982,10000.0,9865.433786683087
64,LH_to_LL,long,231,232,236,2024-12-04 10:31:00,70.06,70.15,0.0900000000000034,2024-12-04 10:49:00,69.65,2024-12-04 10:49:00,69.65,target,18.0,69.81920000000001,69.8024,69.83600000000001,101.34566213316914,1126.0629125907255,-461.6857941621936,10000.0,9403.747992520894
65,LH_to_LL,long,235,236,240,2024-12-04 10:51:00,69.7,69.88,0.1799999999999926,2024-12-04 11:25:00,69.46,2024-12-04 10:52:00,69.88,stop,1.0,69.81920000000001,69.8024,69.83600000000001,105.96252007479109,588.6806670821968,105.96252007479109,10000.0,9509.710512595684
66,HL_to_HH,short,242,243,247,2024-12-04 11:48:00,69.57,69.48,0.0899999999999892,2024-12-04 12:53:00,69.52,2024-12-04 11:50:00,69.48,stop,2.0,69.55040000000001,69.5336,69.56720000000001,104.90289487404316,1165.5877208228417,104.90289487404316,10000.0,9614.613407469727
67,LH_to_LL,long,245,246,248,2024-12-04 12:34:00,69.24,69.37,0.1300000000000096,2024-12-04 13:00:00,68.77,2024-12-04 12:38:00,69.37,stop,4.0,69.248,69.2312,69.26480000000001,103.85386592530271,798.8758917330385,103.85386592530271,10000.0,9718.46727339503
68,LH_to_LL,long,251,252,254,2024-12-04 13:18:00,68.68,68.83,0.1499999999999914,2024-12-04 13:35:00,68.59,2024-12-04 13:22:00,68.83,stop,4.0,68.7104,68.6936,68.72720000000001,102.8153272660497,685.435515107037,102.8153272660497,10000.0,9821.28260066108
69,LH_to_LL,long,255,256,260,2024-12-04 13:58:00,68.64,68.72,0.0799999999999983,2024-12-04 14:29:00,68.5,2024-12-04 14:03:00,68.72,stop,5.0,68.7104,68.6936,68.72720000000001,101.7871739933892,1272.339674917392,101.7871739933892,10000.0,9923.069774654468
70,HL_to_HH,short,258,259,261,2024-12-04 14:23:00,68.74,68.57,0.1700000000000017,2024-12-04 15:21:00,68.94,2024-12-04 14:27:00,68.57,stop,4.0,68.7104,68.6936,68.72720000000001,100.76930225345532,592.7606014909077,100.76930225345532,10000.0,10023.839076907923
71,HL_to_HH,short,264,265,271,2024-12-04 20:02:00,68.72,68.66,0.0600000000000022,2024-12-04 21:24:00,68.68,2024-12-04 20:11:00,68.66,stop,9.0,68.7104,68.6936,68.72720000000001,99.76160923092075,1662.69348718195,99.76160923092075,10000.0,10123.600686138843
73,HL_to_HH,short,270,271,275,2024-12-04 21:28:00,68.62,68.59,0.0300000000000011,2024-12-05 02:02:00,68.67,2024-12-04 21:29:00,68.59,stop,1.0,68.6096,68.5928,68.6264,98.76399313861155,3292.133104620261,98.76399313861155,10000.0,10222.364679277454
72,LH_to_LL,long,267,268,272,2024-12-04 21:07:00,68.64,68.7,0.0600000000000022,2024-12-04 22:23:00,68.48,2024-12-04 22:23:00,68.48,target,76.0,68.6096,68.5928,68.6264,98.76399313861155,1646.0665523101304,-263.37064836961525,10000.0,9958.99403090784
74,LH_to_LL,long,273,274,278,2024-12-05 01:33:00,68.5,68.63,0.1299999999999954,2024-12-05 02:44:00,68.46,2024-12-05 02:00:00,68.63,stop,27.0,68.50880000000001,68.492,68.52560000000001,100.4100596909216,772.3850745455779,100.4100596909216,10000.0,10059.40409059876
75,LH_to_LL,long,277,278,284,2024-12-05 02:45:00,68.5,68.66,0.1599999999999966,2024-12-05 04:05:00,68.66,2024-12-05 03:15:00,68.66,stop,30.0,68.50880000000001,68.492,68.52560000000001,99.4059590940124,621.2872443375908,99.4059590940124,10000.0,10158.810049692773
76,LH_to_LL,long,283,284,290,2024-12-05 04:07:00,68.68,68.79,0.1099999999999994,2024-12-05 05:12:00,68.73,2024-12-05 04:36:00,68.79,stop,29.0,68.7104,68.6936,68.72720000000001,98.41189950307228,894.6536318461162,98.41189950307228,10000.0,10257.221949195846
78,LH_to_LL,long,289,290,294,2024-12-05 05:22:00,68.92,68.94,0.019999999999996,2024-12-05 05:51:00,68.71,2024-12-05 05:27:00,68.94,stop,5.0,68.912,68.8952,68.92880000000001,97.42778050804156,4871.389025403047,97.42778050804156,10000.0,10354.649729703888
77,HL_to_HH,short,286,287,293,2024-12-05 04:47:00,68.96,68.66,0.2999999999999971,2024-12-05 05:40:00,68.95,2024-12-05 05:40:00,68.95,target,53.0,68.9792,68.9624,68.99600000000001,97.42778050804156,324.75926836014156,3.2475926835984623,10000.0,10357.897322387485
79,HL_to_HH,short,292,293,295,2024-12-05 05:41:00,68.92,68.77,0.1500000000000056,2024-12-05 06:34:00,69.05,2024-12-05 05:46:00,68.77,stop,5.0,68.912,68.8952,68.92880000000001,96.42102677612516,642.8068451741433,96.42102677612516,10000.0,10454.31834916361
80,LH_to_LL,long,297,298,300,2024-12-05 06:49:00,68.24,68.35,0.1099999999999994,2024-12-05 06:57:00,68.02,2024-12-05 06:49:00,68.35,stop,0.0,68.24000000000001,68.2232,68.25680000000001,95.4568165083639,867.7892409851308,95.4568165083639,10000.0,10549.775165671974
81,LH_to_LL,long,299,300,304,2024-12-05 06:58:00,68.05,68.32,0.269999999999996,2024-12-05 07:05:00,68.03,2024-12-05 07:05:00,68.03,target,7.0,68.1392,68.1224,68.156,94.50224834328026,350.00832719733944,-7.000166543945396,10000.0,10542.774999128029
82,HL_to_HH,short,306,307,309,2024-12-05 07:29:00,68.69,68.55,0.1400000000000005,2024-12-05 07:30:00,68.75,2024-12-05 07:30:00,68.75,target,1.0,68.7104,68.6936,68.72720000000001,94.5722500087197,675.5160714908523,-40.53096428945267,10000.0,10502.244034838575
83,HL_to_HH,short,314,315,321,2024-12-05 08:58:00,69.09,68.5,0.5900000000000034,2024-12-05 09:34:00,68.96,2024-12-05 09:34:00,68.96,target,36.0,69.08,69.0632,69.0968,94.97755965161424,160.97891466375202,20.92725890628932,10000.0,10523.171293744865
85,HL_to_HH,short,320,321,323,2024-12-05 09:35:00,68.9,68.82,0.0800000000000125,2024-12-05 09:38:00,68.99,2024-12-05 09:38:00,68.99,target,3.0,68.912,68.8952,68.92880000000001,94.76828706255137,1184.6035882817066,-106.61432294534082,10000.0,10416.556970799524
86,HL_to_HH,short,322,323,325,2024-12-05 09:39:00,68.92,68.87,0.0499999999999971,2024-12-05 09:58:00,69.1,2024-12-05 09:40:00,68.87,stop,1.0,68.9792,68.9624,68.99600000000001,95.83443029200475,1916.688605840204,95.83443029200475,10000.0,10512.391401091529
84,LH_to_LL,long,317,318,324,2024-12-05 09:31:00,68.89,69.05,0.1599999999999966,2024-12-05 09:48:00,68.79,2024-12-05 09:48:00,68.79,target,17.0,68.9792,68.9624,68.99600000000001,94.97755965161424,593.6097478226017,-59.36097478225679,10000.0,10453.030426309271
87,LH_to_LL,long,329,330,332,2024-12-05 10:40:00,68.7,68.82,0.1199999999999903,2024-12-05 10:44:00,68.52,2024-12-05 10:44:00,68.52,target,4.0,68.7104,68.6936,68.72720000000001,95.46969573690728,795.5807978076248,-143.2045436053779,10000.0,10309.825882703894
88,LH_to_LL,long,331,332,334,2024-12-05 10:46:00,68.64,68.71,0.0699999999999931,2024-12-05 11:28:00,68.27,2024-12-05 10:46:00,68.71,stop,0.0,68.6096,68.5928,68.6264,96.90174117296108,1384.310588185293,96.90174117296108,10000.0,10406.727623876855
89,LH_to_LL,long,335,336,340,2024-12-05 11:38:00,68.3,68.39,0.0900000000000034,2024-12-05 12:21:00,68.41,2024-12-05 11:38:00,68.39,stop,0.0,68.24000000000001,68.2232,68.25680000000001,95.93272376123144,1065.919152902531,95.93272376123144,10000.0,10502.660347638086
90,HL_to_HH,short,338,339,347,2024-12-05 12:00:00,68.53,68.47,0.0600000000000022,2024-12-05 13:10:00,68.35,2024-12-05 12:01:00,68.47,stop,1.0,68.50880000000001,68.492,68.52560000000001,94.97339652361914,1582.889942060259,94.97339652361914,10000.0,10597.633744161705
91,LH_to_LL,long,341,342,344,2024-12-05 12:39:00,68.41,68.49,0.0799999999999983,2024-12-05 12:46:00,68.25,2024-12-05 12:46:00,68.25,target,7.0,68.44160000000001,68.4248,68.45840000000001,94.02366255838297,1175.295781979812,-188.0473251167659,10000.0,10409.58641904494
92,LH_to_LL,long,343,344,346,2024-12-05 12:47:00,68.27,68.42,0.1500000000000056,2024-12-05 13:03:00,68.21,2024-12-05 13:03:00,68.21,target,16.0,68.24000000000001,68.2232,68.25680000000001,95.9041358095506,639.3609053969799,-38.36165432382025,10000.0,10371.224764721119
93,LH_to_LL,long,345,346,352,2024-12-05 13:04:00,68.24,68.34,0.1000000000000085,2024-12-05 14:29:00,68.28,2024-12-05 13:07:00,68.34,stop,3.0,68.24000000000001,68.2232,68.25680000000001,96.2877523527888,962.877523527806,96.2877523527888,10000.0,10467.512517073908
94,HL_to_HH,short,348,349,353,2024-12-05 14:06:00,68.43,68.28,0.1500000000000056,2024-12-05 14:48:00,68.6,2024-12-05 14:27:00,68.28,stop,21.0,68.44160000000001,68.4248,68.45840000000001,95.32487482926092,635.499165528382,95.32487482926092,10000.0,10562.83739190317
95,LH_to_LL,long,351,352,356,2024-12-05 14:39:00,68.42,68.46,0.039999999999992,2024-12-05 15:32:00,68.44,2024-12-05 14:39:00,68.46,stop,0.0,68.44160000000001,68.4248,68.45840000000001,94.37162608096833,2359.290652024677,94.37162608096833,10000.0,10657.209017984138
96,HL_to_HH,short,354,355,359,2024-12-05 15:14:00,68.6,68.52,0.0799999999999983,2024-12-05 16:22:00,68.51,2024-12-05 15:19:00,68.52,stop,5.0,68.6096,68.5928,68.6264,93.42790982015862,1167.8488727520075,93.42790982015862,10000.0,10750.636927804297
97,LH_to_LL,long,357,358,360,2024-12-05 16:06:00,68.48,68.52,0.039999999999992,2024-12-05 16:45:00,68.4,2024-12-05 16:20:00,68.52,stop,14.0,68.44160000000001,68.4248,68.45840000000001,92.49363072195705,2312.340768049386,92.49363072195705,10000.0,10843.130558526254
98,LH_to_LL,long,361,362,366,2024-12-05 18:19:00,68.42,68.47,0.0499999999999971,2024-12-05 21:02:00,68.02,2024-12-05 19:01:00,68.47,stop,42.0,68.44160000000001,68.4248,68.45840000000001,91.56869441473746,1831.3738882948535,91.56869441473746,10000.0,10934.699252940993
99,HL_to_HH,short,364,365,369,2024-12-05 19:04:00,68.45,68.38,0.0700000000000073,2024-12-06 00:04:00,68.35,2024-12-05 19:59:00,68.38,stop,55.0,68.44160000000001,68.4248,68.45840000000001,90.65300747059008,1295.0429638654357,90.65300747059008,10000.0,11025.352260411582
100,HL_to_HH,short,368,369,371,2024-12-06 00:06:00,68.32,68.25,0.0699999999999931,2024-12-06 01:21:00,68.39,2024-12-06 00:31:00,68.25,stop,25.0,68.30720000000001,68.2904,68.32400000000001,89.74647739588418,1282.0925342270418,89.74647739588418,10000.0,11115.098737807466
101,HL_to_HH,short,370,371,379,2024-12-06 01:37:00,68.31,68.25,0.0600000000000022,2024-12-06 04:09:00,68.21,2024-12-06 02:00:00,68.25,stop,23.0,68.30720000000001,68.2904,68.32400000000001,88.84901262192534,1480.8168770320328,88.84901262192534,10000.0,11203.947750429392
102,LH_to_LL,long,373,374,376,2024-12-06 03:51:00,68.12,68.37,0.25,2024-12-06 03:57:00,68.02,2024-12-06 03:57:00,68.02,target,6.0,68.1392,68.1224,68.156,87.96052249570609,351.84208998282435,-35.184208998285435,10000.0,11168.763541431106
103,LH_to_LL,long,377,378,382,2024-12-06 04:06:00,68.09,68.1,0.0099999999999909,2024-12-06 04:21:00,67.97,2024-12-06 04:06:00,68.1,stop,0.0,68.072,68.0552,68.0888,88.31236458568894,8831.236458576926,88.31236458568894,10000.0,11257.075906016795
104,LH_to_LL,long,381,382,384,2024-12-06 04:22:00,67.99,68.06,0.0700000000000073,2024-12-06 04:46:00,67.97,2024-12-06 04:27:00,68.06,stop,5.0,67.97120000000001,67.9544,67.98800000000001,87.42924093983206,1248.989156283183,87.42924093983206,10000.0,11344.505146956626
105,LH_to_LL,long,385,386,388,2024-12-06 05:16:00,67.92,68.11,0.1899999999999977,2024-12-06 06:03:00,67.56,2024-12-06 06:03:00,67.56,target,47.0,67.90400000000001,67.8872,67.92080000000001,86.55494853043375,455.5523606864989,-163.99884984713933,10000.0,11180.506297109487
107,HL_to_HH,short,390,391,393,2024-12-06 06:41:00,67.71,67.59,0.1199999999999903,2024-12-06 07:29:00,67.81,2024-12-06 06:49:00,67.59,stop,8.0,67.70240000000001,67.68560000000001,67.71920000000001,88.19493702890513,734.9578085742686,88.19493702890513,10000.0,11268.701234138392
106,LH_to_LL,long,387,388,392,2024-12-06 06:32:00,67.67,67.98,0.3100000000000023,2024-12-06 07:16:00,67.58,2024-12-06 07:16:00,67.58,target,44.0,67.70240000000001,67.68560000000001,67.71920000000001,88.19493702890513,284.4997968674338,-25.60498171807001,10000.0,11243.096252420322
108,HL_to_HH,short,394,395,399,2024-12-06 07:44:00,67.79,67.73,0.0600000000000022,2024-12-06 08:29:00,67.71,2024-12-06 07:46:00,67.73,stop,2.0,67.76960000000001,67.75280000000001,67.78640000000001,87.56903747579678,1459.483957929891,87.56903747579678,10000.0,11330.665289896118
109,HL_to_HH,short,398,399,403,2024-12-06 08:30:00,67.68,67.64,0.0400000000000062,2024-12-06 08:39:00,67.7,2024-12-06 08:30:00,67.64,stop,0.0,67.70240000000001,67.68560000000001,67.71920000000001,86.69334710103882,2167.3336775256316,86.69334710103882,10000.0,11417.358636997156
110,HL_to_HH,short,402,403,407,2024-12-06 08:40:00,67.68,67.62,0.0600000000000022,2024-12-06 08:55:00,67.65,2024-12-06 08:40:00,67.62,stop,0.0,67.6688,67.652,67.68560000000001,85.82641363002844,1430.4402271670865,85.82641363002844,10000.0,11503.185050627184
111,HL_to_HH,short,406,407,409,2024-12-06 08:57:00,67.57,67.52,0.0499999999999971,2024-12-06 09:10:00,67.71,2024-12-06 08:59:00,67.52,stop,2.0,67.5344,67.5176,67.55120000000001,84.96814949372816,1699.36298987466,84.96814949372816,10000.0,11588.153200120913
112,LH_to_LL,long,411,412,414,2024-12-06 09:21:00,67.58,67.64,0.0600000000000022,2024-12-06 09:43:00,67.25,2024-12-06 09:24:00,67.64,stop,3.0,67.56800000000001,67.55120000000001,67.58480000000002,84.11846799879088,1401.9744666464617,84.11846799879088,10000.0,11672.271668119703
113,LH_to_LL,long,417,418,420,2024-12-06 10:20:00,67.25,67.38,0.1299999999999954,2024-12-06 10:31:00,67.01,2024-12-06 10:31:00,67.01,target,11.0,67.2656,67.2488,67.28240000000001,83.27728331880297,640.5944870677375,-153.74267689625373,10000.0,11518.52899122345
114,LH_to_LL,long,419,420,424,2024-12-06 10:32:00,67.05,67.25,0.2000000000000028,2024-12-06 11:24:00,67.28,2024-12-06 10:45:00,67.25,stop,13.0,67.03040000000001,67.01360000000001,67.04720000000002,84.8147100877655,424.0735504388215,84.8147100877655,10000.0,11603.343701311214
115,HL_to_HH,short,428,429,433,2024-12-06 12:25:00,67.46,67.42,0.039999999999992,2024-12-06 13:56:00,67.65,2024-12-06 12:27:00,67.42,stop,2.0,67.50080000000001,67.48400000000001,67.51760000000002,83.96656298688787,2099.1640746726143,83.96656298688787,10000.0,11687.310264298103
116,LH_to_LL,long,431,432,436,2024-12-06 12:45:00,67.33,67.43,0.1000000000000085,2024-12-06 14:58:00,67.07,2024-12-06 12:48:00,67.43,stop,3.0,67.3328,67.316,67.34960000000001,83.12689735701898,831.2689735701189,83.12689735701898,10000.0,11770.437161655122
117,HL_to_HH,short,456,457,459,2024-12-09 00:31:00,67.6,67.45,0.1499999999999914,2024-12-09 02:00:00,67.62,2024-12-09 02:00:00,67.62,target,89.0,67.5344,67.5176,67.55120000000001,82.29562838344879,548.6375225563564,-10.972750451132743,10000.0,11759.46441120399
118,HL_to_HH,short,458,459,461,2024-12-09 02:01:00,67.59,67.56,0.0300000000000011,2024-12-09 03:00:00,67.95,2024-12-09 02:01:00,67.56,stop,0.0,67.56800000000001,67.55120000000001,67.58480000000002,82.40535588796011,2746.845196265233,82.40535588796011,10000.0,11841.86976709195
119,LH_to_LL,long,467,468,470,2024-12-09 04:11:00,68.13,68.2,0.0700000000000073,2024-12-09 04:18:00,67.97,2024-12-09 04:18:00,67.97,target,7.0,68.1392,68.1224,68.156,81.5813023290805,1165.4471761295983,-186.47154818073176,10000.0,11655.398218911218
121,HL_to_HH,short,472,473,475,2024-12-09 04:29:00,67.99,67.97,0.019999999999996,2024-12-09 04:35:00,68.05,2024-12-09 04:31:00,67.97,stop,2.0,67.97120000000001,67.9544,67.98800000000001,83.44601781088782,4172.300890545222,83.44601781088782,10000.0,11738.844236722105
122,HL_to_HH,short,474,475,477,2024-12-09 04:36:00,68.03,67.98,0.0499999999999971,2024-12-09 04:44:00,68.04,2024-12-09 04:41:00,67.98,stop,5.0,68.0048,67.988,68.0216,82.61155763277895,1652.231152655673,82.61155763277895,10000.0,11821.455794354884
120,LH_to_LL,long,469,470,476,2024-12-09 04:19:00,68.04,68.14,0.0999999999999943,2024-12-09 04:42:00,67.96,2024-12-09 04:42:00,67.96,target,23.0,67.97120000000001,67.9544,67.98800000000001,83.44601781088782,834.4601781089257,-66.7568142487245,10000.0,11754.698980106159
123,LH_to_LL,long,481,482,484,2024-12-09 05:44:00,67.95,68.13,0.1799999999999926,2024-12-09 05:55:00,67.89,2024-12-09 05:55:00,67.89,target,11.0,67.9376,67.9208,67.9544,82.45301019893841,458.07227888301,-27.48433673298164,10000.0,11727.214643373178
124,LH_to_LL,long,483,484,488,2024-12-09 05:56:00,67.92,68.0,0.0799999999999983,2024-12-09 06:44:00,68.04,2024-12-09 06:04:00,68.0,stop,8.0,67.90400000000001,67.8872,67.92080000000001,82.72785356626822,1034.0981695783748,82.72785356626822,10000.0,11809.942496939446
125,LH_to_LL,long,487,488,490,2024-12-09 06:48:00,68.12,68.16,0.039999999999992,2024-12-09 07:25:00,68.0,2024-12-09 07:25:00,68.0,target,37.0,68.1392,68.1224,68.156,81.90057503060554,2047.5143757655455,-245.7017250918748,10000.0,11564.240771847572
126,LH_to_LL,long,489,490,500,2024-12-09 07:27:00,68.06,68.12,0.0600000000000022,2024-12-09 09:27:00,68.16,2024-12-09 07:39:00,68.12,stop,12.0,68.072,68.0552,68.0888,84.35759228152429,1405.959871358685,84.35759228152429,10000.0,11648.598364129095
127,HL_to_HH,short,494,495,497,2024-12-09 08:22:00,68.17,68.05,0.1200000000000045,2024-12-09 08:54:00,68.37,2024-12-09 08:37:00,68.05,stop,15.0,68.1392,68.1224,68.156,83.51401635870906,695.9501363225492,83.51401635870906,10000.0,11732.112380487804
128,HL_to_HH,short,498,499,505,2024-12-09 09:21:00,68.25,68.19,0.0600000000000022,2024-12-09 10:16:00,68.71,2024-12-09 09:25:00,68.19,stop,4.0,68.24000000000001,68.2232,68.25680000000001,82.67887619512196,1377.981269918647,82.67887619512196,10000.0,11814.791256682925
129,LH_to_LL,long,501,502,504,2024-12-09 09:35:00,68.23,68.24,0.0099999999999909,2024-12-09 09:40:00,68.09,2024-12-09 09:35:00,68.24,stop,0.0,68.1392,68.1224,68.156,81.85208743317074,8185.208743324518,81.85208743317074,10000.0,11896.643344116097
130,HL_to_HH,short,508,509,513,2024-12-09 10:44:00,68.88,68.78,0.0999999999999943,2024-12-09 11:29:00,68.77,2024-12-09 10:51:00,68.78,stop,7.0,68.8784,68.8616,68.8952,81.03356655883903,810.3356655884363,81.03356655883903,10000.0,11977.676910674936
131,HL_to_HH,short,512,513,515,2024-12-09 11:30:00,68.65,68.57,0.0800000000000125,2024-12-09 11:45:00,68.78,2024-12-09 11:31:00,68.57,stop,1.0,68.7104,68.6936,68.72720000000001,80.22323089325064,1002.7903861654764,80.22323089325064,10000.0,12057.900141568187
132,HL_to_HH,short,520,521,533,2024-12-09 13:09:00,68.6,68.51,0.0899999999999892,2024-12-09 20:21:00,68.36,2024-12-09 13:59:00,68.51,stop,50.0,68.6096,68.5928,68.6264,79.42099858431813,882.4555398258628,79.42099858431813,10000.0,12137.321140152506
133,LH_to_LL,long,523,524,526,2024-12-09 14:06:00,68.47,68.6,0.1299999999999954,2024-12-09 14:29:00,68.35,2024-12-09 14:29:00,68.35,target,23.0,68.44160000000001,68.4248,68.45840000000001,78.62678859847495,604.8214507575208,-72.57857409090524,10000.0,12064.7425660616
134,LH_to_LL,long,525,526,528,2024-12-09 14:31:00,68.45,68.55,0.0999999999999943,2024-12-09 14:55:00,68.23,2024-12-09 14:55:00,68.23,target,24.0,68.44160000000001,68.4248,68.45840000000001,79.352574339384,793.5257433938851,-174.57566354665386,10000.0,11890.166902514948
135,LH_to_LL,long,527,528,530,2024-12-09 14:56:00,68.25,68.46,0.2099999999999937,2024-12-09 16:19:00,68.11,2024-12-09 16:19:00,68.11,target,83.0,68.24000000000001,68.2232,68.25680000000001,81.09833097485054,386.1825284516807,-54.065553983235525,10000.0,11836.101348531713
136,LH_to_LL,long,529,530,536,2024-12-09 16:22:00,68.13,68.31,0.1800000000000068,2024-12-09 21:04:00,68.17,2024-12-09 20:03:00,68.31,stop,221.0,68.1392,68.1224,68.156,81.6389865146829,453.5499250815545,81.6389865146829,10000.0,11917.740335046396
137,HL_to_HH,short,532,533,543,2024-12-09 21:02:00,68.17,68.11,0.0600000000000022,2024-12-10 02:09:00,68.06,2024-12-09 21:28:00,68.11,stop,26.0,68.1392,68.1224,68.156,80.82259664953607,1347.0432774922167,80.82259664953607,10000.0,11998.562931695931
138,LH_to_LL,long,535,536,538,2024-12-09 21:09:00,68.26,68.27,0.0099999999999909,2024-12-09 22:27:00,68.03,2024-12-09 22:27:00,68.03,target,78.0,68.24000000000001,68.2232,68.25680000000001,80.82259664953607,8082.259664960958,-1858.9197229410524,10000.0,10139.643208754878
139,LH_to_LL,long,537,538,540,2024-12-09 22:32:00,68.13,68.26,0.1300000000000096,2024-12-10 01:04:00,67.91,2024-12-10 01:04:00,67.91,target,152.0,68.1392,68.1224,68.156,98.60356791245124,758.4889839418762,-166.8675764672119,10000.0,9972.775632287667
141,HL_to_HH,short,542,543,545,2024-12-10 02:19:00,68.03,67.99,0.0400000000000062,2024-12-10 03:24:00,68.32,2024-12-10 02:23:00,67.99,stop,4.0,68.0048,67.988,68.0216,100.27224367712336,2506.8060919276923,100.27224367712336,10000.0,10073.04787596479
140,LH_to_LL,long,539,540,544,2024-12-10 01:06:00,67.94,68.13,0.1899999999999977,2024-12-10 02:42:00,67.97,2024-12-10 02:42:00,67.97,target,96.0,67.9376,67.9208,67.9544,100.27224367712336,527.7486509322345,15.832459527967636,10000.0,10088.880335492759
142,HL_to_HH,short,546,547,549,2024-12-10 03:47:00,68.26,68.15,0.1099999999999994,2024-12-10 04:01:00,68.39,2024-12-10 04:01:00,68.39,target,14.0,68.24000000000001,68.2232,68.25680000000001,99.11119664507244,901.0108785915722,-117.1314142169003,10000.0,9971.74892127586
143,HL_to_HH,short,548,549,563,2024-12-10 04:07:00,68.28,68.2,0.0799999999999983,2024-12-10 07:10:00,68.18,2024-12-10 04:30:00,68.2,stop,23.0,68.24000000000001,68.2232,68.25680000000001,100.28251078724143,1253.531384840545,100.28251078724143,10000.0,10072.0314320631
144,LH_to_LL,long,551,552,556,2024-12-10 04:57:00,68.12,68.36,0.2399999999999948,2024-12-10 05:32:00,67.97,2024-12-10 05:32:00,67.97,target,35.0,68.1392,68.1224,68.156,99.279685679369,413.6653569973797,-62.0498035496093,10000.0,10009.981628513491
145,LH_to_LL,long,555,556,558,2024-12-10 05:33:00,67.99,68.19,0.2000000000000028,2024-12-10 06:03:00,67.73,2024-12-10 06:03:00,67.73,target,30.0,67.97120000000001,67.9544,67.98800000000001,99.90018371486512,499.50091857431846,-129.87023882931825,10000.0,9880.111389684173
146,LH_to_LL,long,557,558,562,2024-12-10 06:05:00,67.77,68.06,0.2900000000000062,2024-12-10 06:57:00,67.92,2024-12-10 06:57:00,67.92,target,52.0,67.76960000000001,67.75280000000001,67.78640000000001,101.1988861031583,348.9616762177797,52.34425143266895,10000.0,9932.455641116841
147,LH_to_LL,long,561,562,576,2024-12-10 06:58:00,67.95,68.01,0.0600000000000022,2024-12-10 09:28:00,68.4,2024-12-10 07:01:00,68.01,stop,3.0,67.9376,67.9208,67.9544,100.6754435888316,1677.9240598137967,100.6754435888316,10000.0,10033.131084705674
148,HL_to_HH,short,568,569,571,2024-12-10 08:44:00,68.17,68.08,0.0900000000000034,2024-12-10 08:55:00,68.33,2024-12-10 08:55:00,68.33,target,11.0,68.1392,68.1224,68.156,99.66868915294329,1107.4298794771055,-177.18878071633313,10000.0,9855.94230398934
149,HL_to_HH,short,570,571,573,2024-12-10 08:56:00,68.24,68.16,0.0799999999999983,2024-12-10 09:05:00,68.6,2024-12-10 09:05:00,68.6,target,9.0,68.24000000000001,68.2232,68.25680000000001,101.4405769601066,1268.0072120013597,-456.4825963204888,10000.0,9399.459707668851
150,LH_to_LL,long,575,576,578,2024-12-10 09:29:00,68.39,68.54,0.1500000000000056,2024-12-10 09:40:00,68.28,2024-12-10 09:40:00,68.28,target,11.0,68.44160000000001,68.4248,68.45840000000001,106.00540292331152,706.7026861553833,-77.73729547709176,10000.0,9321.722412191759
151,HL_to_HH,short,580,581,585,2024-12-10 09:54:00,68.42,68.39,0.0300000000000011,2024-12-10 11:00:00,68.9,2024-12-10 09:54:00,68.39,stop,0.0,68.44160000000001,68.4248,68.45840000000001,106.78277587808245,3559.425862602613,106.78277587808245,10000.0,9428.505188069841
152,HL_to_HH,short,586,587,589,2024-12-10 11:07:00,68.98,68.79,0.1899999999999977,2024-12-10 11:16:00,69.04,2024-12-10 11:16:00,69.04,target,9.0,68.9792,68.9624,68.99600000000001,105.7149481193016,556.3944637858046,-33.383667827149544,10000.0,9395.121520242692
153,HL_to_HH,short,588,589,591,2024-12-10 11:17:00,69.0,68.93,0.0699999999999931,2024-12-10 11:50:00,69.05,2024-12-10 11:19:00,68.93,stop,2.0,68.9792,68.9624,68.99600000000001,106.0487847975731,1514.9826399654778,106.0487847975731,10000.0,9501.170305040265
154,LH_to_LL,long,593,594,596,2024-12-10 13:18:00,68.74,68.94,0.2000000000000028,2024-12-10 13:48:00,68.68,2024-12-10 13:48:00,68.68,target,30.0,68.7104,68.6936,68.72720000000001,104.98829694959736,524.9414847479794,-31.496489084872497,10000.0,9469.673815955392
155,LH_to_LL,long,595,596,600,2024-12-10 13:49:00,68.69,68.79,0.1000000000000085,2024-12-10 14:54:00,68.31,2024-12-10 14:02:00,68.79,stop,13.0,68.7104,68.6936,68.72720000000001,105.30326184044613,1053.0326184043713,105.30326184044613,10000.0,9574.977077795838
156,HL_to_HH,short,602,603,605,2024-12-10 15:43:00,68.42,68.35,0.0700000000000073,2024-12-10 21:31:00,69.05,2024-12-10 15:54:00,68.35,stop,11.0,68.44160000000001,68.4248,68.45840000000001,104.25022922204164,1489.288988886152,104.25022922204164,10000.0,9679.22730701788
157,HL_to_HH,short,606,607,609,2024-12-10 22:32:00,68.99,68.97,0.019999999999996,2024-12-11 01:09:00,69.09,2024-12-10 22:38:00,68.97,stop,6.0,68.9792,68.9624,68.99600000000001,103.20772692982122,5160.386346492088,103.20772692982122,10000.0,9782.4350339477
158,HL_to_HH,short,610,611,617,2024-12-11 02:00:00,69.14,68.99,0.1500000000000056,2024-12-11 03:48:00,68.88,2024-12-11 02:08:00,68.99,stop,8.0,69.1472,69.1304,69.164,102.17564966052302,681.1709977367943,102.17564966052302,10000.0,9884.610683608224
159,HL_to_HH,short,616,617,619,2024-12-11 03:49:00,68.81,68.74,0.0700000000000073,2024-12-11 04:41:00,69.36,2024-12-11 04:41:00,69.36,target,52.0,68.8784,68.8616,68.8952,101.1538931639178,1445.0556166272445,-794.7805891449804,10000.0,9089.830094463243
160,HL_to_HH,short,620,621,625,2024-12-11 05:23:00,69.3,69.22,0.0799999999999983,2024-12-11 07:18:00,69.61,2024-12-11 05:32:00,69.22,stop,9.0,69.248,69.2312,69.26480000000001,109.1016990553676,1363.771238192124,109.1016990553676,10000.0,9198.93179351861
161,LH_to_LL,long,623,624,628,2024-12-11 06:29:00,69.18,69.34,0.1599999999999966,2024-12-11 07:48:00,69.42,2024-12-11 06:46:00,69.34,stop,17.0,69.1472,69.1304,69.164,108.01068206481392,675.0667629051014,108.01068206481392,10000.0,9306.942475583424
162,LH_to_LL,long,629,630,636,2024-12-11 08:22:00,69.46,69.49,0.0300000000000011,2024-12-11 09:01:00,69.38,2024-12-11 08:22:00,69.49,stop,0.0,69.4832,69.4664,69.5,106.93057524416578,3564.3525081387243,106.93057524416578,10000.0,9413.87305082759
163,HL_to_HH,short,632,633,635,2024-12-11 08:46:00,69.51,69.39,0.1200000000000045,2024-12-11 08:51:00,69.52,2024-12-11 08:51:00,69.52,target,5.0,69.4832,69.4664,69.5,105.86126949172412,882.1772457643343,-8.82177245763532,10000.0,9405.051278369954
164,HL_to_HH,short,634,635,641,2024-12-11 08:53:00,69.5,69.43,0.0699999999999931,2024-12-11 09:15:00,69.48,2024-12-11 08:58:00,69.43,stop,5.0,69.4832,69.4664,69.5,105.94948721630048,1513.5641030901545,105.94948721630048,10000.0,9511.000765586256
165,LH_to_LL,long,639,640,644,2024-12-11 09:14:00,69.42,69.46,0.039999999999992,2024-12-11 09:41:00,69.19,2024-12-11 09:14:00,69.46,stop,0.0,69.3824,69.3656,69.39920000000001,104.88999234413748,2622.2498086039586,104.88999234413748,10000.0,9615.890757930392
166,HL_to_HH,short,642,643,645,2024-12-11 09:24:00,69.47,69.4,0.0699999999999931,2024-12-11 09:58:00,69.51,2024-12-11 09:31:00,69.4,stop,7.0,69.4832,69.4664,69.5,103.8410924206961,1483.4441774386603,103.8410924206961,10000.0,9719.731850351089
167,HL_to_HH,short,646,647,649,2024-12-11 10:09:00,69.52,69.43,0.0899999999999892,2024-12-11 10:16:00,69.65,2024-12-11 10:10:00,69.43,stop,1.0,69.4832,69.4664,69.5,102.80268149648911,1142.252016627794,102.80268149648911,10000.0,9822.534531847577
168,HL_to_HH,short,648,649,655,2024-12-11 10:23:00,69.59,69.47,0.1200000000000045,2024-12-11 11:16:00,69.72,2024-12-11 10:25:00,69.47,stop,2.0,69.55040000000001,69.5336,69.56720000000001,101.77465468152424,848.1221223460032,101.77465468152424,10000.0,9924.309186529103
169,LH_to_LL,long,651,652,662,2024-12-11 10:45:00,69.16,69.56,0.4000000000000057,2024-12-11 12:34:00,69.9,2024-12-11 11:02:00,69.56,stop,17.0,69.1472,69.1304,69.164,100.756908134709,251.89227033676892,100.756908134709,10000.0,10025.06609466381
170,HL_to_HH,short,654,655,657,2024-12-11 11:18:00,69.65,69.46,0.1900000000000119,2024-12-11 11:52:00,70.04,2024-12-11 11:52:00,70.04,target,34.0,69.6512,69.6344,69.668,99.74933905336192,524.9965213334507,-204.74864332004609,10000.0,9820.317451343764
171,HL_to_HH,short,660,661,663,2024-12-11 12:31:00,69.96,69.9,0.059999999999988,2024-12-11 12:49:00,70.04,2024-12-11 12:33:00,69.9,stop,2.0,69.92,69.9032,69.9368,101.79682548656238,1696.6137581097105,101.79682548656238,10000.0,9922.114276830327
172,LH_to_LL,long,669,670,672,2024-12-11 14:30:00,70.32,70.39,0.0700000000000073,2024-12-11 16:41:00,70.26,2024-12-11 14:32:00,70.39,stop,2.0,70.3232,70.3064,70.34,100.77885723169676,1439.697960452659,100.77885723169676,10000.0,10022.893134062024
173,LH_to_LL,long,675,676,688,2024-12-11 21:39:00,70.27,70.41,0.1400000000000005,2024-12-12 04:10:00,70.46,2024-12-12 00:33:00,70.41,stop,174.0,70.28960000000001,70.2728,70.30640000000001,99.77106865937978,712.6504904241384,99.77106865937978,10000.0,10122.664202721404
174,HL_to_HH,short,678,679,683,2024-12-12 00:56:00,70.48,70.24,0.2400000000000091,2024-12-12 03:28:00,70.56,2024-12-12 03:28:00,70.56,target,152.0,70.4576,70.4408,70.4744,98.773357972786,411.5556582199261,-32.92445265759338,10000.0,10089.73975006381
175,HL_to_HH,short,682,683,685,2024-12-12 03:29:00,70.55,70.35,0.2000000000000028,2024-12-12 03:45:00,70.62,2024-12-12 03:45:00,70.62,target,16.0,70.5584,70.5416,70.57520000000001,99.10260249936192,495.5130124968025,-34.685910874779836,10000.0,10055.053839189031
176,HL_to_HH,short,684,685,687,2024-12-12 03:49:00,70.56,70.45,0.1099999999999994,2024-12-12 04:01:00,70.71,2024-12-12 04:01:00,70.71,target,12.0,70.5584,70.5416,70.57520000000001,99.4494616081097,904.0860146191836,-135.61290219286985,10000.0,9919.440936996161
177,HL_to_HH,short,686,687,695,2024-12-12 04:02:00,70.62,70.55,0.0700000000000073,2024-12-12 07:04:00,70.49,2024-12-12 04:02:00,70.55,stop,0.0,70.6928,70.676,70.70960000000001,100.8055906300384,1440.079866143254,100.8055906300384,10000.0,10020.2465276262
178,LH_to_LL,long,693,694,700,2024-12-12 06:32:00,70.25,70.36,0.1099999999999994,2024-12-12 08:39:00,70.11,2024-12-12 06:41:00,70.36,stop,9.0,70.28960000000001,70.2728,70.30640000000001,99.79753472373802,907.2503156703503,99.79753472373802,10000.0,10120.044062349938
179,HL_to_HH,short,698,699,713,2024-12-12 07:55:00,70.49,70.34,0.1499999999999914,2024-12-12 10:31:00,69.42,2024-12-12 08:03:00,70.34,stop,8.0,70.4576,70.4408,70.4744,98.79955937650064,658.6637291767083,98.79955937650064,10000.0,10218.843621726439
180,LH_to_LL,long,703,704,706,2024-12-12 09:16:00,69.9,70.28,0.3799999999999954,2024-12-12 09:42:00,69.7,2024-12-12 09:42:00,69.7,target,26.0,69.92,69.9032,69.9368,97.81156378273565,257.3988520598337,-51.479770411967465,10000.0,10167.36385131447
181,LH_to_LL,long,705,706,708,2024-12-12 09:49:00,69.76,70.02,0.2599999999999909,2024-12-12 10:12:00,69.33,2024-12-12 10:12:00,69.33,target,23.0,69.81920000000001,69.8024,69.83600000000001,98.32636148685532,378.1783134109952,-162.6166747667305,10000.0,10004.74717654774
182,LH_to_LL,long,709,710,716,2024-12-12 10:21:00,69.37,69.41,0.039999999999992,2024-12-12 10:40:00,69.25,2024-12-12 10:21:00,69.41,stop,0.0,69.3824,69.3656,69.39920000000001,99.95252823452262,2498.8132058635624,99.95252823452262,10000.0,10104.699704782262
183,HL_to_HH,short,712,713,715,2024-12-12 10:32:00,69.4,69.32,0.0800000000000125,2024-12-12 10:38:00,69.47,2024-12-12 10:35:00,69.32,stop,3.0,69.3824,69.3656,69.39920000000001,98.9530029521774,1236.9125369020242,98.9530029521774,10000.0,10203.65270773444
184,HL_to_HH,short,718,719,725,2024-12-12 10:50:00,69.38,69.26,0.1199999999999903,2024-12-12 11:46:00,69.57,2024-12-12 11:04:00,69.26,stop,14.0,69.3824,69.3656,69.39920000000001,97.96347292265564,816.3622743555293,97.96347292265564,10000.0,10301.616180657096
185,LH_to_LL,long,721,722,734,2024-12-12 11:14:00,69.19,69.4,0.2100000000000079,2024-12-12 13:41:00,70.17,2024-12-12 11:17:00,69.4,stop,3.0,69.1808,69.164,69.19760000000001,96.98383819342904,461.8278009210732,96.98383819342904,10000.0,10398.600018850526
186,HL_to_HH,short,724,725,727,2024-12-12 11:47:00,69.55,69.21,0.3400000000000034,2024-12-12 12:18:00,70.5,2024-12-12 12:18:00,70.5,target,31.0,69.55040000000001,69.5336,69.56720000000001,96.01399981149476,282.3941170926288,-268.27441123799815,10000.0,10130.325607612527
187,HL_to_HH,short,730,731,741,2024-12-12 13:13:00,70.46,70.21,0.25,2024-12-12 14:56:00,70.26,2024-12-12 13:39:00,70.21,stop,26.0,70.4576,70.4408,70.4744,98.69674392387476,394.786975695499,98.69674392387476,10000.0,10229.022351536401
188,LH_to_LL,long,735,736,738,2024-12-12 13:58:00,70.17,70.25,0.0799999999999983,2024-12-12 14:13:00,69.98,2024-12-12 14:13:00,69.98,target,15.0,70.1216,70.1048,70.1384,97.709776484636,1221.3722060579762,-232.0607191510127,10000.0,9996.961632385388
189,LH_to_LL,long,737,738,744,2024-12-12 14:22:00,70.02,70.2,0.1800000000000068,2024-12-12 18:32:00,69.88,2024-12-12 14:50:00,70.2,stop,28.0,70.08800000000001,70.0712,70.10480000000001,100.03038367614614,555.7243537563464,100.03038367614614,10000.0,10096.992016061535
190,HL_to_HH,short,742,743,747,2024-12-12 15:43:00,70.19,70.18,0.0099999999999909,2024-12-12 20:12:00,70.02,2024-12-12 15:49:00,70.18,stop,6.0,70.1888,70.172,70.2056,99.03007983938468,9903.007983947473,99.03007983938468,10000.0,10196.02209590092
191,HL_to_HH,short,746,747,749,2024-12-12 20:25:00,69.95,69.89,0.0600000000000022,2024-12-12 21:45:00,70.08,2024-12-12 21:45:00,70.08,target,80.0,69.92,69.9032,69.9368,98.03977904099082,1633.9963173497852,-212.41952125546464,10000.0,9983.602574645456
192,HL_to_HH,short,748,749,751,2024-12-12 21:59:00,70.01,69.93,0.0799999999999983,2024-12-12 23:51:00,70.14,2024-12-12 23:51:00,70.14,target,112.0,69.9872,69.9704,70.004,100.16397425354546,1252.049678169345,-162.76645816200914,10000.0,9820.836116483448
193,HL_to_HH,short,750,751,755,2024-12-13 00:09:00,70.1,69.98,0.1199999999999903,2024-12-13 02:00:00,70.14,2024-12-13 00:18:00,69.98,stop,9.0,70.08800000000001,70.0712,70.10480000000001,101.79163883516554,848.2636569597812,101.79163883516554,10000.0,9922.627755318614
194,HL_to_HH,short,754,755,757,2024-12-13 02:02:00,70.11,70.03,0.0799999999999983,2024-12-13 02:59:00,70.35,2024-12-13 02:08:00,70.03,stop,6.0,70.08800000000001,70.0712,70.10480000000001,100.77372244681388,1259.6715305852003,100.77372244681388,10000.0,10023.401477765428
195,LH_to_LL,long,759,760,762,2024-12-13 04:01:00,70.11,70.19,0.0799999999999983,2024-12-13 04:04:00,69.98,2024-12-13 04:04:00,69.98,target,3.0,70.08800000000001,70.0712,70.10480000000001,99.76598522234572,1247.0748152793485,-162.1197259863096,10000.0,9861.281751779119
196,LH_to_LL,long,761,762,768,2024-12-13 04:06:00,70.07,70.12,0.0500000000000113,2024-12-13 07:33:00,70.47,2024-12-13 04:06:00,70.12,stop,0.0,70.08800000000001,70.0712,70.10480000000001,101.38718248220884,2027.7436496437156,101.38718248220884,10000.0,9962.668934261328
197,HL_to_HH,short,764,765,777,2024-12-13 06:19:00,70.83,70.36,0.4699999999999988,2024-12-13 09:32:00,70.68,2024-12-13 08:03:00,70.36,stop,104.0,70.8608,70.844,70.8776,100.37331065738674,213.5602354412489,100.37331065738674,10000.0,10063.042244918715
198,LH_to_LL,long,775,776,782,2024-12-13 09:08:00,70.28,70.38,0.0999999999999943,2024-12-13 10:29:00,70.48,2024-12-13 09:10:00,70.38,stop,2.0,70.28960000000001,70.2728,70.30640000000001,99.36957755081286,993.6957755081852,99.36957755081286,10000.0,10162.411822469528
199,HL_to_HH,short,778,779,783,2024-12-13 09:55:00,70.75,70.5,0.25,2024-12-13 10:48:00,70.83,2024-12-13 10:27:00,70.5,stop,32.0,70.76,70.7432,70.77680000000001,98.37588177530472,393.50352710121894,98.37588177530472,10000.0,10260.787704244833
200,LH_to_LL,long,781,782,788,2024-12-13 10:36:00,70.65,70.71,0.059999999999988,2024-12-13 11:14:00,70.72,2024-12-13 10:38:00,70.71,stop,2.0,70.6928,70.676,70.70960000000001,97.39212295755168,1623.2020492928511,97.39212295755168,10000.0,10358.179827202384
201,HL_to_HH,short,784,785,787,2024-12-13 10:58:00,70.87,70.71,0.1600000000000108,2024-12-13 11:06:00,70.88,2024-12-13 11:06:00,70.88,target,8.0,70.8608,70.844,70.8776,96.41820172797618,602.6137607998105,-6.026137607992624,10000.0,10352.153689594392
202,HL_to_HH,short,786,787,791,2024-12-13 11:07:00,70.85,70.79,0.059999999999988,2024-12-13 12:14:00,71.22,2024-12-13 11:08:00,70.79,stop,1.0,70.8608,70.844,70.8776,96.4784631040561,1607.9743850679215,96.4784631040561,10000.0,10448.632152698448
204,LH_to_LL,long,797,798,800,2024-12-13 14:08:00,71.22,71.32,0.0999999999999943,2024-12-13 15:13:00,71.13,2024-12-13 14:12:00,71.32,stop,4.0,71.2304,71.2136,71.2472,95.51367847301552,955.1367847302096,95.51367847301552,10000.0,10544.145831171463
203,HL_to_HH,short,794,795,799,2024-12-13 13:31:00,71.32,71.12,0.1999999999999886,2024-12-13 14:33:00,71.4,2024-12-13 14:33:00,71.4,target,62.0,71.3312,71.31439999999999,71.348,95.51367847301552,477.5683923651048,-38.20547138921436,10000.0,10505.94035978225
205,LH_to_LL,long,815,816,818,2024-12-16 00:05:00,70.93,71.06,0.1299999999999954,2024-12-16 01:14:00,70.8,2024-12-16 01:14:00,70.8,target,69.0,70.928,70.9112,70.9448,94.94059640217752,730.3122800167758,-94.94059640218792,10000.0,10410.999763380061
206,LH_to_LL,long,817,818,826,2024-12-16 01:29:00,70.85,71.0,0.1500000000000056,2024-12-16 04:00:00,70.61,2024-12-16 02:34:00,71.0,stop,65.0,70.8608,70.844,70.8776,95.8900023661994,639.2666824413052,95.8900023661994,10000.0,10506.88976574626
207,HL_to_HH,short,820,821,825,2024-12-16 02:51:00,70.89,70.82,0.0700000000000073,2024-12-16 03:23:00,71.02,2024-12-16 03:23:00,71.02,target,32.0,70.8608,70.844,70.8776,94.9311023425374,1356.1586048932484,-176.30061863611613,10000.0,10330.589147110144
208,HL_to_HH,short,824,825,831,2024-12-16 03:24:00,71.01,70.94,0.0700000000000073,2024-12-16 04:34:00,70.68,2024-12-16 03:29:00,70.94,stop,5.0,71.0288,71.012,71.04560000000001,96.69410852889858,1381.3444075555483,96.69410852889858,10000.0,10427.283255639042
209,LH_to_LL,long,827,828,832,2024-12-16 04:33:00,70.69,70.7,0.0100000000000051,2024-12-16 04:48:00,70.53,2024-12-16 04:33:00,70.7,stop,0.0,70.6928,70.676,70.70960000000001,95.7271674436096,9572.716744356065,95.7271674436096,10000.0,10523.010423082651
210,HL_to_HH,short,830,831,835,2024-12-16 04:35:00,70.64,70.56,0.0799999999999983,2024-12-16 05:11:00,70.72,2024-12-16 04:42:00,70.56,stop,7.0,70.6592,70.6424,70.676,94.76989576917352,1184.623697114694,94.76989576917352,10000.0,10617.780318851825
211,LH_to_LL,long,833,834,838,2024-12-16 05:01:00,70.57,70.62,0.0500000000000113,2024-12-16 06:18:00,70.38,2024-12-16 05:04:00,70.62,stop,3.0,70.5584,70.5416,70.57520000000001,93.82219681148176,1876.443936229209,93.82219681148176,10000.0,10711.602515663306
212,LH_to_LL,long,837,838,848,2024-12-16 06:40:00,70.53,70.64,0.1099999999999994,2024-12-16 10:01:00,70.77,2024-12-16 07:24:00,70.64,stop,44.0,70.5584,70.5416,70.57520000000001,92.88397484336696,844.3997713033403,92.88397484336696,10000.0,10804.486490506673
213,HL_to_HH,short,840,841,843,2024-12-16 08:29:00,70.76,70.41,0.3500000000000085,2024-12-16 09:22:00,71.1,2024-12-16 09:22:00,71.1,target,53.0,70.76,70.7432,70.77680000000001,91.95513509493328,262.7289574140887,-89.32784552078732,10000.0,10715.158644985886
214,HL_to_HH,short,846,847,849,2024-12-16 09:43:00,70.98,70.95,0.0300000000000011,2024-12-16 10:14:00,71.08,2024-12-16 09:43:00,70.95,stop,0.0,71.0624,71.0456,71.0792,92.84841355014116,3094.9471183379214,92.84841355014116,10000.0,10808.007058536026
215,HL_to_HH,short,850,851,861,2024-12-16 10:32:00,71.08,71.0,0.0799999999999983,2024-12-16 11:54:00,70.66,2024-12-16 10:38:00,71.0,stop,6.0,71.0624,71.0456,71.0792,91.91992941463975,1148.9991176830215,91.91992941463975,10000.0,10899.926987950666
216,LH_to_LL,long,853,854,856,2024-12-16 10:57:00,70.89,71.06,0.1700000000000017,2024-12-16 11:08:00,70.8,2024-12-16 11:08:00,70.8,target,11.0,70.8608,70.844,70.8776,91.00073012049336,535.298412473485,-48.17685712261547,10000.0,10851.750130828052
217,LH_to_LL,long,855,856,858,2024-12-16 11:10:00,70.83,70.94,0.1099999999999994,2024-12-16 11:30:00,70.51,2024-12-16 11:30:00,70.51,target,20.0,70.8608,70.844,70.8776,91.4824986917195,831.659079015636,-266.1309052849979,10000.0,10585.619225543054
218,HL_to_HH,short,860,861,863,2024-12-16 11:55:00,70.64,70.51,0.1299999999999954,2024-12-16 12:35:00,71.02,2024-12-16 11:58:00,70.51,stop,3.0,70.6592,70.6424,70.676,94.14380774456949,724.1831364967136,94.14380774456949,10000.0,10679.763033287623
219,LH_to_LL,long,857,858,866,2024-12-16 12:25:00,70.85,70.87,0.0200000000000102,2024-12-16 13:39:00,70.66,2024-12-16 12:25:00,70.87,stop,0.0,70.8608,70.844,70.8776,93.2023696671238,4660.1184833538055,93.2023696671238,10000.0,10772.965402954747
220,HL_to_HH,short,862,863,865,2024-12-16 13:06:00,70.86,70.51,0.3499999999999943,2024-12-16 13:22:00,71.05,2024-12-16 13:22:00,71.05,target,16.0,70.8608,70.844,70.8776,92.27034597045257,263.629559915583,-50.08961638396017,10000.0,10722.875786570787
221,HL_to_HH,short,864,865,869,2024-12-16 13:27:00,70.87,70.84,0.0300000000000011,2024-12-16 14:26:00,70.76,2024-12-16 13:27:00,70.84,stop,0.0,70.8608,70.844,70.8776,92.77124213429217,3092.374737809622,92.77124213429217,10000.0,10815.64702870508
222,LH_to_LL,long,867,868,870,2024-12-16 14:22:00,70.75,70.77,0.019999999999996,2024-12-16 14:28:00,70.58,2024-12-16 14:24:00,70.77,stop,2.0,70.76,70.7432,70.77680000000001,91.84352971294923,4592.176485648375,91.84352971294923,10000.0,10907.490558418029
223,LH_to_LL,long,877,878,882,2024-12-16 20:51:00,70.28,70.34,0.0600000000000022,2024-12-16 22:14:00,70.17,2024-12-16 21:06:00,70.34,stop,15.0,70.28960000000001,70.2728,70.30640000000001,90.92509441581976,1515.4182402636052,90.92509441581976,10000.0,10998.415652833848
224,HL_to_HH,short,884,885,891,2024-12-17 02:43:00,70.48,70.35,0.1300000000000096,2024-12-17 04:19:00,69.77,2024-12-17 02:54:00,70.35,stop,11.0,70.4576,70.4408,70.4744,90.01584347166155,692.4295651665759,90.01584347166155,10000.0,11088.43149630551
225,HL_to_HH,short,890,891,893,2024-12-17 04:21:00,69.73,69.58,0.1500000000000056,2024-12-17 04:41:00,69.91,2024-12-17 04:41:00,69.91,target,20.0,69.7184,69.7016,69.7352,89.11568503694494,594.1045669129437,-106.93882204432548,10000.0,10981.492674261184
227,HL_to_HH,short,892,893,895,2024-12-17 04:43:00,69.83,69.64,0.1899999999999977,2024-12-17 04:52:00,69.89,2024-12-17 04:52:00,69.89,target,9.0,69.81920000000001,69.8024,69.83600000000001,90.1850732573882,474.6582803020488,-28.47949681812401,10000.0,10953.013177443061
228,HL_to_HH,short,894,895,899,2024-12-17 04:53:00,69.87,69.83,0.0400000000000062,2024-12-17 05:56:00,69.7,2024-12-17 04:56:00,69.83,stop,3.0,69.8528,69.836,69.8696,90.46986822556944,2261.7467056388823,90.46986822556944,10000.0,11043.48304566863
226,LH_to_LL,long,887,888,896,2024-12-17 04:36:00,69.81,70.11,0.2999999999999971,2024-12-17 05:27:00,69.62,2024-12-17 05:27:00,69.62,target,51.0,69.81920000000001,69.8024,69.83600000000001,89.11568503694494,297.05228345648595,-56.439933856731656,10000.0,10987.0431118119
230,HL_to_HH,short,910,911,913,2024-12-17 08:08:00,69.64,69.46,0.1800000000000068,2024-12-17 08:47:00,69.68,2024-12-17 08:30:00,69.46,stop,22.0,69.6512,69.6344,69.668,90.12956888188104,500.7198271215424,90.12956888188104,10000.0,11077.17268069378
229,LH_to_LL,long,905,906,912,2024-12-17 08:05:00,69.65,69.69,0.039999999999992,2024-12-17 08:37:00,69.44,2024-12-17 08:37:00,69.44,target,32.0,69.6512,69.6344,69.668,90.12956888188104,2253.2392220474744,-473.1802366299875,10000.0,10603.992444063793
231,HL_to_HH,short,918,919,923,2024-12-17 09:29:00,69.56,69.49,0.0700000000000073,2024-12-17 09:48:00,69.38,2024-12-17 09:29:00,69.49,stop,0.0,69.55040000000001,69.5336,69.56720000000001,93.96007555936212,1342.2867937050314,93.96007555936212,10000.0,10697.952519623155
232,LH_to_LL,long,921,922,926,2024-12-17 09:43:00,69.14,69.32,0.1799999999999926,2024-12-17 10:04:00,69.17,2024-12-17 09:46:00,69.32,stop,3.0,69.1472,69.1304,69.164,93.02047480376848,516.7804155765127,93.02047480376848,10000.0,10790.972994426924
233,LH_to_LL,long,925,926,930,2024-12-17 10:05:00,69.18,69.35,0.1699999999999875,2024-12-17 10:26:00,69.01,2024-12-17 10:26:00,69.01,target,21.0,69.1808,69.164,69.19760000000001,92.0902700557308,541.7074709161034,-92.09027005573849,10000.0,10698.882724371186
234,LH_to_LL,long,929,930,934,2024-12-17 10:29:00,69.15,69.26,0.1099999999999994,2024-12-17 10:49:00,68.88,2024-12-17 10:49:00,68.88,target,20.0,69.1472,69.1304,69.164,93.01117275628818,845.5561159662606,-228.300151310899,10000.0,10470.582573060286
235,LH_to_LL,long,935,936,944,2024-12-17 10:59:00,68.89,68.96,0.0699999999999931,2024-12-17 12:14:00,69.16,2024-12-17 11:01:00,68.96,stop,2.0,68.912,68.8952,68.92880000000001,95.29417426939716,1361.3453467058066,95.29417426939716,10000.0,10565.876747329683
236,HL_to_HH,short,938,939,941,2024-12-17 11:51:00,69.16,69.05,0.1099999999999994,2024-12-17 12:01:00,69.24,2024-12-17 12:01:00,69.24,target,10.0,69.1472,69.1304,69.164,94.3412325267032,857.647568424579,-68.61180547396486,10000.0,10497.264941855718
237,HL_to_HH,short,940,941,943,2024-12-17 12:03:00,69.16,69.09,0.0699999999999931,2024-12-17 12:10:00,69.25,2024-12-17 12:10:00,69.25,target,7.0,69.1472,69.1304,69.164,95.02735058144286,1357.5335797350303,-122.17802217615736,10000.0,10375.086919679561
238,HL_to_HH,short,942,943,945,2024-12-17 12:12:00,69.21,69.17,0.039999999999992,2024-12-17 13:08:00,69.54,2024-12-17 12:12:00,69.17,stop,0.0,69.1808,69.164,69.19760000000001,96.24913080320442,2406.2282700805895,96.24913080320442,10000.0,10471.336050482765
239,LH_to_LL,long,947,948,954,2024-12-17 13:33:00,69.45,69.52,0.0699999999999931,2024-12-17 20:07:00,69.65,2024-12-17 13:41:00,69.52,stop,8.0,69.4832,69.4664,69.5,95.28663949517238,1361.2377070740238,95.28663949517238,10000.0,10566.622689977938
240,HL_to_HH,short,950,951,953,2024-12-17 15:36:00,69.82,69.54,0.2799999999999869,2024-12-17 16:39:00,69.87,2024-12-17 16:39:00,69.87,target,63.0,69.81920000000001,69.8024,69.83600000000001,94.33377310022068,336.90633250080384,-16.84531662504402,10000.0,10549.777373352894
241,HL_to_HH,short,952,953,961,2024-12-17 16:50:00,69.81,69.72,0.0900000000000034,2024-12-18 00:23:00,69.78,2024-12-17 19:54:00,69.72,stop,184.0,69.81920000000001,69.8024,69.83600000000001,94.5022262664711,1050.0247362940836,94.5022262664711,10000.0,10644.279599619365
242,HL_to_HH,short,960,961,965,2024-12-18 00:28:00,69.72,69.7,0.019999999999996,2024-12-18 03:08:00,70.15,2024-12-18 00:38:00,69.7,stop,10.0,69.7184,69.7016,69.7352,93.5572040038064,4677.86020019125,93.5572040038064,10000.0,10737.836803623171
243,HL_to_HH,short,966,967,971,2024-12-18 04:52:00,70.1,69.99,0.1099999999999994,2024-12-18 07:52:00,70.41,2024-12-18 06:02:00,69.99,stop,70.0,70.08800000000001,70.0712,70.10480000000001,92.62163196376832,842.0148360342619,92.62163196376832,10000.0,10830.45843558694
244,LH_to_LL,long,969,970,974,2024-12-18 06:05:00,70.08,70.28,0.2000000000000028,2024-12-18 08:40:00,70.19,2024-12-18 07:25:00,70.28,stop,80.0,70.08800000000001,70.0712,70.10480000000001,91.69541564413063,458.4770782206467,91.69541564413063,10000.0,10922.153851231069
245,LH_to_LL,long,973,974,976,2024-12-18 08:55:00,70.29,70.37,0.0799999999999983,2024-12-18 09:06:00,70.15,2024-12-18 09:06:00,70.15,target,11.0,70.28960000000001,70.2728,70.30640000000001,90.77846148768934,1134.730768596141,-158.86230760346038,10000.0,10763.291543627609
246,HL_to_HH,short,980,981,985,2024-12-18 09:43:00,70.44,70.39,0.0499999999999971,2024-12-18 10:17:00,70.47,2024-12-18 09:44:00,70.39,stop,1.0,70.4576,70.4408,70.4744,92.36708456372396,1847.341691274584,92.36708456372396,10000.0,10855.658628191333
247,HL_to_HH,short,988,989,991,2024-12-18 10:58:00,70.57,70.38,0.1899999999999977,2024-12-18 11:24:00,70.78,2024-12-18 11:24:00,70.78,target,26.0,70.5584,70.5416,70.57520000000001,91.4434137180867,481.28112483204103,-101.06903621473244,10000.0,10754.5895919766
248,HL_to_HH,short,990,991,995,2024-12-18 11:25:00,70.76,70.42,0.3400000000000034,2024-12-18 11:39:00,70.74,2024-12-18 11:39:00,70.74,target,14.0,70.76,70.7432,70.77680000000001,92.45410408023405,271.9238355300974,5.438476710604729,10000.0,10760.028068687205
249,HL_to_HH,short,994,995,999,2024-12-18 11:40:00,70.7,70.65,0.0499999999999971,2024-12-18 13:35:00,70.42,2024-12-18 11:41:00,70.65,stop,1.0,70.6928,70.676,70.70960000000001,92.399719313128,1847.9943862626649,92.399719313128,10000.0,10852.427788000332
250,HL_to_HH,short,998,999,1013,2024-12-18 13:36:00,70.42,70.3,0.1200000000000045,2024-12-18 16:14:00,69.55,2024-12-18 13:38:00,70.3,stop,2.0,70.3904,70.3736,70.4072,91.47572211999672,762.2976843332771,91.47572211999672,10000.0,10943.903510120328
251,LH_to_LL,long,1003,1004,1006,2024-12-18 14:24:00,70.09,70.22,0.1299999999999954,2024-12-18 14:31:00,69.95,2024-12-18 14:31:00,69.95,target,7.0,70.1216,70.1048,70.1384,90.56096489879675,696.6228069138456,-97.5271929679388,10000.0,10846.37631715239
252,LH_to_LL,long,1005,1006,1008,2024-12-18 14:34:00,70.03,70.17,0.1400000000000005,2024-12-18 15:14:00,69.59,2024-12-18 15:14:00,69.59,target,40.0,70.08800000000001,70.0712,70.10480000000001,91.53623682847612,653.8302630605411,-287.6853157466366,10000.0,10558.691001405754
253,HL_to_HH,short,1012,1013,1017,2024-12-18 16:17:00,69.5,69.43,0.0699999999999931,2024-12-18 19:32:00,69.54,2024-12-18 16:42:00,69.43,stop,25.0,69.4832,69.4664,69.5,94.4130899859425,1348.7584283707386,94.4130899859425,10000.0,10653.104091391697
254,HL_to_HH,short,1016,1017,1019,2024-12-18 19:34:00,69.52,69.43,0.0899999999999892,2024-12-18 20:07:00,69.65,2024-12-18 19:52:00,69.43,stop,18.0,69.4832,69.4664,69.5,93.46895908608307,1038.5439898454922,93.46895908608307,10000.0,10746.57305047778
255,LH_to_LL,long,1009,1010,1022,2024-12-18 20:06:00,69.64,69.68,0.0400000000000062,2024-12-18 20:36:00,69.57,2024-12-18 20:23:00,69.68,stop,17.0,69.6512,69.6344,69.668,92.53426949522223,2313.3567373801943,92.53426949522223,10000.0,10839.107319973002
256,HL_to_HH,short,1020,1021,1027,2024-12-18 20:26:00,69.64,69.57,0.0700000000000073,2024-12-18 22:47:00,69.71,2024-12-18 20:34:00,69.57,stop,8.0,69.6512,69.6344,69.668,91.60892680027004,1308.6989542894337,91.60892680027004,10000.0,10930.716246773272
257,LH_to_LL,long,1023,1024,1028,2024-12-18 21:58:00,69.64,69.66,0.019999999999996,2024-12-19 00:28:00,69.46,2024-12-18 22:13:00,69.66,stop,15.0,69.6512,69.6344,69.668,90.69283753226732,4534.641876614268,90.69283753226732,10000.0,11021.40908430554
258,HL_to_HH,short,1026,1027,1029,2024-12-18 22:48:00,69.7,69.58,0.1200000000000045,2024-12-19 01:55:00,69.78,2024-12-18 23:10:00,69.58,stop,22.0,69.7184,69.7016,69.7352,89.78590915694464,748.215909641177,89.78590915694464,10000.0,11111.194993462484
259,HL_to_HH,short,1034,1035,1037,2024-12-19 03:54:00,69.6,69.56,0.039999999999992,2024-12-19 04:14:00,69.98,2024-12-19 04:14:00,69.98,target,20.0,69.61760000000001,69.6008,69.63440000000001,88.8880500653752,2222.201251634822,-844.4364756212539,10000.0,10266.75851784123
260,HL_to_HH,short,1036,1037,1039,2024-12-19 04:28:00,69.89,69.58,0.3100000000000023,2024-12-19 04:40:00,70.01,2024-12-19 04:40:00,70.01,target,12.0,69.81920000000001,69.8024,69.83600000000001,97.33241482158772,313.97553168253876,-37.67706380190608,10000.0,10229.081454039324
261,HL_to_HH,short,1040,1041,1045,2024-12-19 06:00:00,69.95,69.88,0.0700000000000073,2024-12-19 06:48:00,69.91,2024-12-19 06:04:00,69.88,stop,4.0,69.92,69.9032,69.9368,97.7091854596068,1395.845506565664,97.7091854596068,10000.0,10326.790639498931
262,LH_to_LL,long,1047,1048,1056,2024-12-19 07:31:00,69.81,69.88,0.0699999999999931,2024-12-19 09:31:00,70.34,2024-12-19 07:37:00,69.88,stop,6.0,69.81920000000001,69.8024,69.83600000000001,96.73209360501072,1381.887051500288,96.73209360501072,10000.0,10423.522733103942
263,HL_to_HH,short,1052,1053,1067,2024-12-19 09:12:00,70.53,70.37,0.1599999999999966,2024-12-19 10:33:00,70.01,2024-12-19 09:26:00,70.37,stop,14.0,70.5584,70.5416,70.57520000000001,95.76477266896062,598.5298291810166,95.76477266896062,10000.0,10519.287505772903
264,LH_to_LL,long,1055,1056,1058,2024-12-19 09:35:00,70.4,70.53,0.1299999999999954,2024-12-19 09:46:00,70.27,2024-12-19 09:36:00,70.53,stop,1.0,70.4576,70.4408,70.4744,94.807124942271,729.2855764790332,94.807124942271,10000.0,10614.094630715175
265,LH_to_LL,long,1059,1060,1062,2024-12-19 09:57:00,70.28,70.41,0.1299999999999954,2024-12-19 10:17:00,69.91,2024-12-19 10:17:00,69.91,target,20.0,70.28960000000001,70.2728,70.30640000000001,93.85905369284828,721.9927207142429,-267.1373066642732,10000.0,10346.957324050902
267,HL_to_HH,short,1066,1067,1079,2024-12-19 10:35:00,69.93,69.92,0.0100000000000051,2024-12-19 11:32:00,69.61,2024-12-19 10:35:00,69.92,stop,0.0,69.92,69.9032,69.9368,96.53042675949102,9653.042675944163,96.53042675949102,10000.0,10443.487750810393
266,LH_to_LL,long,1061,1062,1068,2024-12-19 10:18:00,69.94,70.34,0.4000000000000057,2024-12-19 10:37:00,69.81,2024-12-19 10:37:00,69.81,target,19.0,69.92,69.9032,69.9368,96.53042675949102,241.32606689872412,-31.37238869683304,10000.0,10412.11536211356
268,LH_to_LL,long,1069,1070,1072,2024-12-19 10:51:00,69.83,69.9,0.0700000000000073,2024-12-19 11:02:00,69.63,2024-12-19 10:53:00,69.9,stop,2.0,69.81920000000001,69.8024,69.83600000000001,95.87884637886444,1369.6978054122046,95.87884637886444,10000.0,10507.994208492424
269,LH_to_LL,long,1075,1076,1080,2024-12-19 11:27:00,69.55,69.61,0.0600000000000022,2024-12-19 11:42:00,69.28,2024-12-19 11:31:00,69.61,stop,4.0,69.55040000000001,69.5336,69.56720000000001,94.9200579150758,1582.0009652512033,94.9200579150758,10000.0,10602.9142664075
270,HL_to_HH,short,1078,1079,1083,2024-12-19 11:33:00,69.55,69.46,0.0900000000000034,2024-12-19 11:52:00,69.47,2024-12-19 11:34:00,69.46,stop,1.0,69.55040000000001,69.5336,69.56720000000001,93.97085733592505,1044.1206370657942,93.97085733592505,10000.0,10696.885123743426
271,HL_to_HH,short,1082,1083,1089,2024-12-19 11:54:00,69.36,69.33,0.0300000000000011,2024-12-19 13:02:00,69.43,2024-12-19 11:54:00,69.33,stop,0.0,69.3824,69.3656,69.39920000000001,93.03114876256578,3101.038292085409,93.03114876256578,10000.0,10789.916272505992
272,LH_to_LL,long,1085,1086,1088,2024-12-19 12:34:00,69.37,69.43,0.0600000000000022,2024-12-19 12:47:00,69.23,2024-12-19 12:36:00,69.43,stop,2.0,69.3824,69.3656,69.39920000000001,92.10083727494012,1535.0139545822772,92.10083727494012,10000.0,10882.017109780933
273,LH_to_LL,long,1087,1088,1096,2024-12-19 12:48:00,69.24,69.41,0.1700000000000017,2024-12-19 14:14:00,69.21,2024-12-19 12:58:00,69.41,stop,10.0,69.248,69.2312,69.26480000000001,91.1798289021907,536.3519347187635,91.1798289021907,10000.0,10973.196938683122
274,HL_to_HH,short,1090,1091,1103,2024-12-19 13:14:00,69.47,69.35,0.1200000000000045,2024-12-19 18:18:00,69.26,2024-12-19 13:26:00,69.35,stop,12.0,69.4832,69.4664,69.5,90.26803061316882,752.2335884430449,90.26803061316882,10000.0,11063.464969296292
275,LH_to_LL,long,1095,1096,1098,2024-12-19 14:15:00,69.29,69.47,0.1799999999999926,2024-12-19 15:13:00,69.17,2024-12-19 15:13:00,69.17,target,58.0,69.248,69.2312,69.26480000000001,89.36535030703712,496.4741683724488,-59.57690020469611,10000.0,11003.888069091596
276,LH_to_LL,long,1097,1098,1100,2024-12-19 15:14:00,69.2,69.4,0.2000000000000028,2024-12-19 15:38:00,69.13,2024-12-19 15:38:00,69.13,target,24.0,69.1808,69.164,69.19760000000001,89.96111930908408,449.805596545414,-31.486391758182304,10000.0,10972.401677333413
277,LH_to_LL,long,1099,1100,1102,2024-12-19 15:39:00,69.14,69.25,0.1099999999999994,2024-12-19 16:01:00,69.1,2024-12-19 16:01:00,69.1,target,22.0,69.1472,69.1304,69.164,90.2759832266659,820.6907566060579,-32.827630264247446,10000.0,10939.574047069165
278,LH_to_LL,long,1101,1102,1104,2024-12-19 16:03:00,69.13,69.19,0.0600000000000022,2024-12-19 20:22:00,69.03,2024-12-19 16:17:00,69.19,stop,14.0,69.1472,69.1304,69.164,90.60425952930838,1510.0709921550824,90.60425952930838,10000.0,11030.178306598475
279,LH_to_LL,long,1109,1110,1118,2024-12-19 23:03:00,68.96,69.06,0.1000000000000085,2024-12-20 03:01:00,68.89,2024-12-20 01:15:00,69.06,stop,132.0,68.9792,68.9624,68.99600000000001,89.69821693401529,896.9821693400764,89.69821693401529,10000.0,11119.87652353249
280,HL_to_HH,short,1114,1115,1121,2024-12-20 01:45:00,69.17,68.92,0.25,2024-12-20 03:37:00,69.16,2024-12-20 02:50:00,68.92,stop,65.0,69.1472,69.1304,69.164,88.80123476467514,355.2049390587006,88.80123476467514,10000.0,11208.677758297164
281,LH_to_LL,long,1117,1118,1122,2024-12-20 03:30:00,69.06,69.09,0.0300000000000011,2024-12-20 04:07:00,68.79,2024-12-20 03:30:00,69.09,stop,0.0,69.08,69.0632,69.0968,87.9132224170284,2930.4407472341686,87.9132224170284,10000.0,11296.590980714192
282,HL_to_HH,short,1120,1121,1129,2024-12-20 03:38:00,69.1,68.93,0.1699999999999875,2024-12-20 05:38:00,68.75,2024-12-20 03:55:00,68.93,stop,17.0,69.1472,69.1304,69.164,87.03409019285812,511.9652364286148,87.03409019285812,10000.0,11383.62507090705
283,LH_to_LL,long,1123,1124,1126,2024-12-20 04:38:00,68.73,68.85,0.1199999999999903,2024-12-20 05:03:00,68.63,2024-12-20 05:03:00,68.63,target,25.0,68.7104,68.6936,68.72720000000001,86.16374929092954,718.0312440911374,-71.80312440911986,10000.0,11311.82194649793
284,LH_to_LL,long,1125,1126,1128,2024-12-20 05:06:00,68.66,68.81,0.1500000000000056,2024-12-20 05:31:00,68.59,2024-12-20 05:31:00,68.59,target,25.0,68.7104,68.6936,68.72720000000001,86.88178053502074,579.2118702334496,-40.54483091633752,10000.0,11271.277115581594
285,LH_to_LL,long,1127,1128,1132,2024-12-20 05:32:00,68.64,68.71,0.0699999999999931,2024-12-20 06:04:00,68.58,2024-12-20 05:32:00,68.71,stop,0.0,68.6096,68.5928,68.6264,87.2872288441841,1246.9604120598945,87.2872288441841,10000.0,11358.564344425778
286,LH_to_LL,long,1133,1134,1138,2024-12-20 06:59:00,68.51,68.65,0.1400000000000005,2024-12-20 09:01:00,68.65,2024-12-20 07:06:00,68.65,stop,7.0,68.50880000000001,68.492,68.52560000000001,86.41435655574226,617.245403969585,86.41435655574226,10000.0,11444.97870098152
287,HL_to_HH,short,1136,1137,1145,2024-12-20 08:38:00,69.14,69.02,0.1200000000000045,2024-12-20 10:13:00,68.81,2024-12-20 08:41:00,69.02,stop,3.0,69.1472,69.1304,69.164,85.55021299018483,712.9184415848466,85.55021299018483,10000.0,11530.528913971706
288,LH_to_LL,long,1141,1142,1162,2024-12-20 09:50:00,68.54,68.76,0.2199999999999988,2024-12-20 14:08:00,69.44,2024-12-20 10:06:00,68.76,stop,16.0,68.50880000000001,68.492,68.52560000000001,84.69471086028298,384.97595845583373,84.69471086028298,10000.0,11615.22362483199
289,HL_to_HH,short,1144,1145,1147,2024-12-20 10:15:00,68.72,68.55,0.1700000000000017,2024-12-20 10:31:00,69.07,2024-12-20 10:31:00,69.07,target,16.0,68.7104,68.6936,68.72720000000001,83.84776375168015,493.22213971576065,-172.62774890051344,10000.0,11442.595875931476
290,HL_to_HH,short,1146,1147,1149,2024-12-20 10:33:00,69.01,68.72,0.2900000000000062,2024-12-20 10:59:00,69.12,2024-12-20 10:59:00,69.12,target,26.0,68.9792,68.9624,68.99600000000001,85.57404124068528,295.08290082994284,-32.45911909129355,10000.0,11410.136756840182
291,HL_to_HH,short,1148,1149,1151,2024-12-20 11:01:00,69.1,68.9,0.1999999999999886,2024-12-20 11:25:00,69.44,2024-12-20 11:25:00,69.44,target,24.0,69.08,69.0632,69.0968,85.89863243159822,429.4931621580155,-146.02767513372672,10000.0,11264.109081706456
292,HL_to_HH,short,1154,1155,1157,2024-12-20 12:52:00,69.57,69.26,0.309999999999988,2024-12-20 13:17:00,69.7,2024-12-20 13:17:00,69.7,target,25.0,69.55040000000001,69.5336,69.56720000000001,87.35890918293548,281.8029328481898,-36.6343812702674,10000.0,11227.474700436189
293,HL_to_HH,short,1156,1157,1159,2024-12-20 13:18:00,69.68,69.57,0.1100000000000136,2024-12-20 13:50:00,69.83,2024-12-20 13:50:00,69.83,target,32.0,69.6512,69.6344,69.668,87.72525299563814,797.5022999602478,-119.6253449940304,10000.0,11107.849355442158
294,HL_to_HH,short,1158,1159,1161,2024-12-20 13:51:00,69.8,69.61,0.1899999999999977,2024-12-20 13:55:00,69.83,2024-12-20 13:55:00,69.83,target,4.0,69.81920000000001,69.8024,69.83600000000001,88.92150644557846,468.00792866094486,-14.040237859828878,10000.0,11093.80911758233
295,HL_to_HH,short,1160,1161,1167,2024-12-20 13:56:00,69.8,69.75,0.0499999999999971,2024-12-20 15:45:00,69.61,2024-12-20 13:56:00,69.75,stop,0.0,69.81920000000001,69.8024,69.83600000000001,89.06190882417674,1781.2381764836362,89.06190882417674,10000.0,11182.871026406507
296,LH_to_LL,long,1163,1164,1176,2024-12-20 14:55:00,69.46,69.55,0.0900000000000034,2024-12-22 22:22:00,69.75,2024-12-20 15:18:00,69.55,stop,23.0,69.4832,69.4664,69.5,88.17128973593498,979.680997065907,88.17128973593498,10000.0,11271.042316142442
297,HL_to_HH,short,1166,1167,1173,2024-12-20 15:51:00,69.57,69.41,0.1599999999999966,2024-12-22 20:57:00,69.87,2024-12-20 16:00:00,69.54,friday_exit,9.0,69.55040000000001,69.5336,69.56720000000001,87.28957683857561,545.5598552411092,16.366795657226145,10000.0,11287.409111799669
298,HL_to_HH,short,1174,1175,1181,2024-12-23 00:01:00,69.84,69.77,0.0700000000000073,2024-12-23 02:36:00,69.89,2024-12-23 00:55:00,69.77,stop,54.0,69.81920000000001,69.8024,69.83600000000001,87.12590888200336,1244.6558411713452,87.12590888200336,10000.0,11374.535020681671
299,LH_to_LL,long,1177,1178,1182,2024-12-23 01:25:00,69.79,69.9,0.1099999999999994,2024-12-23 03:05:00,69.64,2024-12-23 02:35:00,69.9,stop,70.0,69.81920000000001,69.8024,69.83600000000001,86.25464979318333,784.1331799380343,86.25464979318333,10000.0,11460.789670474855
300,HL_to_HH,short,1180,1181,1187,2024-12-23 02:42:00,69.84,69.74,0.1000000000000085,2024-12-23 03:52:00,69.81,2024-12-23 02:50:00,69.74,stop,8.0,69.81920000000001,69.8024,69.83600000000001,85.39210329525149,853.921032952442,85.39210329525149,10000.0,11546.181773770106
301,LH_to_LL,long,1183,1184,1190,2024-12-23 03:43:00,69.71,69.79,0.0800000000000125,2024-12-23 04:05:00,69.68,2024-12-23 03:51:00,69.79,stop,8.0,69.7184,69.7016,69.7352,84.53818226229897,1056.727278278572,84.53818226229897,10000.0,11630.719956032404
303,LH_to_LL,long,1189,1190,1194,2024-12-23 04:06:00,69.71,69.8,0.0900000000000034,2024-12-23 05:05:00,69.42,2024-12-23 04:12:00,69.8,stop,6.0,69.7184,69.7016,69.7352,83.69280043967599,929.9200048852535,83.69280043967599,10000.0,11714.41275647208
302,HL_to_HH,short,1186,1187,1191,2024-12-23 03:53:00,69.72,69.63,0.0900000000000034,2024-12-23 04:17:00,69.9,2024-12-23 04:17:00,69.9,target,24.0,69.7184,69.7016,69.7352,83.69280043967599,929.9200048852535,-167.38560087935198,10000.0,11547.027155592728
304,HL_to_HH,short,1192,1193,1199,2024-12-23 04:34:00,69.86,69.83,0.0300000000000011,2024-12-23 06:15:00,69.3,2024-12-23 04:35:00,69.83,stop,1.0,69.8528,69.836,69.8696,84.52972844407276,2817.6576148023187,84.52972844407276,10000.0,11631.556884036801
305,LH_to_LL,long,1195,1196,1198,2024-12-23 05:50:00,69.25,69.54,0.2900000000000062,2024-12-23 06:04:00,69.18,2024-12-23 06:04:00,69.18,target,14.0,69.248,69.2312,69.26480000000001,83.68443115963203,288.5670039987249,-20.199690279908776,10000.0,11611.357193756892
306,LH_to_LL,long,1197,1198,1202,2024-12-23 06:05:00,69.23,69.29,0.0600000000000022,2024-12-23 07:00:00,69.17,2024-12-23 06:07:00,69.29,stop,2.0,69.1808,69.164,69.19760000000001,83.88642806243112,1398.107134373799,83.88642806243112,10000.0,11695.243621819323
307,HL_to_HH,short,1200,1201,1203,2024-12-23 06:41:00,69.23,69.19,0.0400000000000062,2024-12-23 07:29:00,69.39,2024-12-23 06:46:00,69.19,stop,5.0,69.248,69.2312,69.26480000000001,83.0475637818068,2076.1890945448454,83.0475637818068,10000.0,11778.29118560113
309,HL_to_HH,short,1208,1209,1211,2024-12-23 08:57:00,69.1,69.05,0.0499999999999971,2024-12-23 09:02:00,69.22,2024-12-23 08:59:00,69.05,stop,2.0,69.1472,69.1304,69.164,82.21708814398873,1644.3417628798682,82.21708814398873,10000.0,11860.50827374512
308,LH_to_LL,long,1205,1206,1210,2024-12-23 08:55:00,69.14,69.23,0.0900000000000034,2024-12-23 09:00:00,69.04,2024-12-23 09:00:00,69.04,target,5.0,69.1472,69.1304,69.164,82.21708814398873,913.52320159984,-91.35232015997885,10000.0,11769.155953585141
310,HL_to_HH,short,1214,1215,1219,2024-12-23 09:38:00,69.36,69.27,0.0900000000000034,2024-12-23 09:56:00,69.21,2024-12-23 09:39:00,69.27,stop,1.0,69.3824,69.3656,69.39920000000001,82.30844046414863,914.5382273793946,82.30844046414863,10000.0,11851.46439404929
311,LH_to_LL,long,1217,1218,1220,2024-12-23 09:54:00,69.11,69.18,0.0700000000000073,2024-12-23 10:00:00,69.06,2024-12-23 09:54:00,69.18,stop,0.0,69.1472,69.1304,69.164,81.48535605950714,1164.0765151356934,81.48535605950714,10000.0,11932.949750108797
312,LH_to_LL,long,1225,1226,1230,2024-12-23 11:01:00,68.76,68.91,0.1499999999999914,2024-12-23 11:51:00,68.6,2024-12-23 11:04:00,68.91,stop,3.0,68.7104,68.6936,68.72720000000001,80.67050249891207,537.8033499927777,80.67050249891207,10000.0,12013.620252607709
313,LH_to_LL,long,1229,1230,1238,2024-12-23 12:04:00,68.69,68.79,0.1000000000000085,2024-12-23 14:29:00,69.22,2024-12-23 12:06:00,68.79,stop,2.0,68.7104,68.6936,68.72720000000001,79.86379747392294,798.6379747391613,79.86379747392294,10000.0,12093.484050081632
314,HL_to_HH,short,1232,1233,1235,2024-12-23 13:17:00,69.1,68.7,0.3999999999999915,2024-12-23 14:05:00,69.44,2024-12-23 14:05:00,69.44,target,48.0,69.1472,69.1304,69.164,79.06515949918371,197.66289874796348,-67.20538557430825,10000.0,12026.278664507323
315,HL_to_HH,short,1240,1241,1245,2024-12-23 16:50:00,69.56,69.35,0.2100000000000079,2024-12-23 20:11:00,69.56,2024-12-23 20:11:00,69.56,target,201.0,69.55040000000001,69.5336,69.56720000000001,79.7372133549268,379.7010159758275,-0.0,10000.0,12026.278664507323
316,HL_to_HH,short,1244,1245,1247,2024-12-23 20:12:00,69.54,69.45,0.0900000000000034,2024-12-23 21:31:00,69.65,2024-12-23 20:57:00,69.45,stop,45.0,69.55040000000001,69.5336,69.56720000000001,79.7372133549268,885.9690372769309,79.7372133549268,10000.0,12106.01587786225
317,LH_to_LL,long,1249,1250,1260,2024-12-23 23:18:00,69.47,69.5,0.0300000000000011,2024-12-24 03:41:00,69.63,2024-12-23 23:20:00,69.5,stop,2.0,69.4832,69.4664,69.5,78.93984122137752,2631.3280407124844,78.93984122137752,10000.0,12184.955719083628
318,HL_to_HH,short,1252,1253,1255,2024-12-24 01:28:00,69.56,69.5,0.0600000000000022,2024-12-24 02:24:00,69.63,2024-12-24 02:24:00,69.63,target,56.0,69.55040000000001,69.5336,69.56720000000001,78.15044280916375,1302.5073801526798,-91.17551661067871,10000.0,12093.780202472948
319,HL_to_HH,short,1254,1255,1257,2024-12-24 02:34:00,69.55,69.52,0.0300000000000011,2024-12-24 03:13:00,69.82,2024-12-24 03:13:00,69.82,target,39.0,69.55040000000001,69.5336,69.56720000000001,79.06219797527054,2635.4065991755847,-711.5597817773973,10000.0,11382.22042069555
321,LH_to_LL,long,1259,1260,1262,2024-12-24 03:46:00,69.71,69.75,0.0400000000000062,2024-12-24 05:04:00,69.58,2024-12-24 03:54:00,69.75,stop,8.0,69.7184,69.7016,69.7352,86.1777957930445,2154.4448948257755,86.1777957930445,10000.0,11468.398216488595
320,HL_to_HH,short,1256,1257,1261,2024-12-24 03:14:00,69.81,69.55,0.2600000000000051,2024-12-24 04:27:00,69.82,2024-12-24 04:27:00,69.82,target,73.0,69.81920000000001,69.8024,69.83600000000001,86.1777957930445,331.4530607424723,-3.3145306074217085,10000.0,11465.083685881173
322,HL_to_HH,short,1264,1265,1271,2024-12-24 06:32:00,69.87,69.85,0.0200000000000102,2024-12-24 07:55:00,69.82,2024-12-24 06:35:00,69.85,stop,3.0,69.8528,69.836,69.8696,85.34916314118827,4267.45815705723,85.34916314118827,10000.0,11550.432849022362
323,LH_to_LL,long,1267,1268,1274,2024-12-24 07:29:00,69.82,69.94,0.1200000000000045,2024-12-24 08:17:00,69.66,2024-12-24 08:17:00,69.66,target,48.0,69.81920000000001,69.8024,69.83600000000001,84.49567150977639,704.1305959147766,-112.66089534636184,10000.0,11437.771953676
325,LH_to_LL,long,1273,1274,1282,2024-12-24 08:19:00,69.72,69.81,0.0900000000000034,2024-12-24 09:15:00,70.08,2024-12-24 08:25:00,69.81,stop,6.0,69.7184,69.7016,69.7352,85.62228046324,951.3586718137418,85.62228046324,10000.0,11523.39423413924
324,HL_to_HH,short,1270,1271,1275,2024-12-24 07:56:00,69.76,69.57,0.1900000000000119,2024-12-24 08:26:00,69.82,2024-12-24 08:26:00,69.82,target,30.0,69.81920000000001,69.8024,69.83600000000001,84.49567150977639,444.7140605777425,-26.682843634659243,10000.0,11496.71139050458
326,HL_to_HH,short,1276,1277,1279,2024-12-24 08:55:00,69.84,69.76,0.0799999999999983,2024-12-24 09:05:00,70.26,2024-12-24 09:05:00,70.26,target,10.0,69.81920000000001,69.8024,69.83600000000001,85.0328860949542,1062.91107618695,-446.4226519985209,10000.0,11050.28873850606
327,LH_to_LL,long,1281,1282,1284,2024-12-24 09:16:00,70.14,70.25,0.1099999999999994,2024-12-24 09:38:00,69.92,2024-12-24 09:38:00,69.92,target,22.0,70.1216,70.1048,70.1384,89.4971126149394,813.6101146812714,-178.9942252298788,10000.0,10871.294513276182
329,LH_to_LL,long,1283,1284,1292,2024-12-24 09:42:00,70.08,70.2,0.1200000000000045,2024-12-24 12:15:00,70.12,2024-12-24 10:07:00,70.2,stop,25.0,70.08800000000001,70.0712,70.10480000000001,91.28705486723818,760.725457226956,91.28705486723818,10000.0,10962.58156814342
328,HL_to_HH,short,1278,1279,1287,2024-12-24 09:38:00,69.92,69.84,0.0799999999999983,2024-12-24 10:35:00,70.41,2024-12-24 10:35:00,70.41,target,57.0,69.8528,69.836,69.8696,91.28705486723818,1141.0881858405016,-559.1332110618399,10000.0,10403.44835708158
330,HL_to_HH,short,1290,1291,1297,2024-12-24 11:53:00,70.28,70.14,0.1400000000000005,2024-12-24 13:29:00,70.14,2024-12-24 12:03:00,70.14,stop,10.0,70.28960000000001,70.2728,70.30640000000001,95.9655164291842,685.4679744941701,95.9655164291842,10000.0,10499.413873510763
331,LH_to_LL,long,1293,1294,1296,2024-12-24 13:07:00,70.07,70.22,0.1500000000000056,2024-12-24 13:26:00,69.95,2024-12-24 13:26:00,69.95,target,19.0,70.08800000000001,70.0712,70.10480000000001,95.00586126489236,633.3724084325918,-76.0046890119049,10000.0,10423.409184498858
332,LH_to_LL,long,1295,1296,1304,2024-12-24 13:27:00,69.96,70.08,0.1200000000000045,2024-12-25 21:44:00,70.21,2024-12-24 13:28:00,70.08,stop,1.0,69.9872,69.9704,70.004,95.76590815501142,798.0492346250649,95.76590815501142,10000.0,10519.17509265387
333,HL_to_HH,short,1300,1301,1303,2024-12-25 20:34:00,70.3,70.2,0.0999999999999943,2024-12-25 21:15:00,70.34,2024-12-25 21:15:00,70.34,target,41.0,70.28960000000001,70.2728,70.30640000000001,94.8082490734613,948.0824907346667,-37.9232996293926,10000.0,10481.251793024478
334,HL_to_HH,short,1302,1303,1305,2024-12-25 21:17:00,70.31,70.24,0.0700000000000073,2024-12-25 22:25:00,70.46,2024-12-25 21:21:00,70.24,stop,4.0,70.28960000000001,70.2728,70.30640000000001,95.18748206975522,1359.821172424931,95.18748206975522,10000.0,10576.439275094233
335,HL_to_HH,short,1308,1309,1311,2024-12-26 02:34:00,70.21,70.14,0.0699999999999931,2024-12-26 05:04:00,70.55,2024-12-26 05:04:00,70.55,target,150.0,70.1888,70.172,70.2056,94.23560724905768,1346.222960700955,-457.7158066383293,10000.0,10118.723468455904
336,HL_to_HH,short,1310,1311,1313,2024-12-26 05:16:00,70.48,70.15,0.3299999999999983,2024-12-26 06:30:00,70.54,2024-12-26 06:30:00,70.54,target,74.0,70.4576,70.4408,70.4744,98.81276531544096,299.43262216800446,-17.965957330080947,10000.0,10100.757511125823
337,HL_to_HH,short,1312,1313,1315,2024-12-26 07:05:00,70.47,70.39,0.0799999999999983,2024-12-26 08:36:00,70.72,2024-12-26 07:19:00,70.39,stop,14.0,70.4576,70.4408,70.4744,98.99242488874177,1237.4053111092985,98.99242488874177,10000.0,10199.749936014565
338,LH_to_LL,long,1325,1326,1330,2024-12-26 10:46:00,70.09,70.23,0.1400000000000005,2024-12-26 11:30:00,70.04,2024-12-26 11:00:00,70.23,stop,14.0,70.08800000000001,70.0712,70.10480000000001,98.00250063985436,700.0178617132426,98.00250063985436,10000.0,10297.752436654418
339,LH_to_LL,long,1329,1330,1332,2024-12-26 11:31:00,70.09,70.2,0.1099999999999994,2024-12-26 11:48:00,69.89,2024-12-26 11:48:00,69.89,target,17.0,70.08800000000001,70.0712,70.10480000000001,97.0224756334558,882.0225057586938,-176.40450115174127,10000.0,10121.347935502678
340,LH_to_LL,long,1331,1332,1334,2024-12-26 11:49:00,69.95,70.12,0.1700000000000017,2024-12-26 12:31:00,69.83,2024-12-26 12:31:00,69.83,target,42.0,69.92,69.9032,69.9368,98.78652064497322,581.0971802645425,-69.73166163174776,10000.0,10051.61627387093
341,LH_to_LL,long,1333,1334,1336,2024-12-26 12:32:00,69.86,70.03,0.1700000000000017,2024-12-26 13:30:00,69.67,2024-12-26 13:30:00,69.67,target,58.0,69.8528,69.836,69.8696,99.4838372612907,585.1990427134689,-111.18781811555776,10000.0,9940.428455755373
342,LH_to_LL,long,1335,1336,1338,2024-12-26 13:37:00,69.82,69.93,0.1100000000000136,2024-12-26 14:24:00,69.41,2024-12-26 13:38:00,69.93,stop,1.0,69.81920000000001,69.8024,69.83600000000001,100.59571544244628,914.5065040221256,100.59571544244628,10000.0,10041.02417119782
343,HL_to_HH,short,1342,1343,1347,2024-12-26 19:13:00,69.66,69.6,0.0600000000000022,2024-12-26 21:43:00,69.66,2024-12-26 19:39:00,69.6,stop,26.0,69.6512,69.6344,69.668,99.5897582880218,1659.8293048003006,99.5897582880218,10000.0,10140.613929485842
345,LH_to_LL,long,1349,1350,1354,2024-12-26 22:43:00,69.61,69.65,0.0400000000000062,2024-12-27 01:36:00,69.51,2024-12-26 22:51:00,69.65,stop,8.0,69.61760000000001,69.6008,69.63440000000001,98.59386070514158,2464.8465176281543,98.59386070514158,10000.0,10239.207790190983
344,HL_to_HH,short,1346,1347,1351,2024-12-26 21:44:00,69.66,69.55,0.1099999999999994,2024-12-26 23:04:00,69.69,2024-12-26 23:04:00,69.69,target,80.0,69.6512,69.6344,69.668,98.59386070514158,896.3078245922009,-26.889234737767044,10000.0,10212.318555453216
346,LH_to_LL,long,1353,1354,1364,2024-12-27 02:04:00,69.64,69.66,0.019999999999996,2024-12-27 04:17:00,69.67,2024-12-27 02:17:00,69.66,stop,13.0,69.6512,69.6344,69.668,97.87681444546784,4893.840722274365,97.87681444546784,10000.0,10310.195369898684
347,HL_to_HH,short,1356,1357,1359,2024-12-27 03:26:00,69.81,69.72,0.0900000000000034,2024-12-27 03:37:00,69.86,2024-12-27 03:37:00,69.86,target,11.0,69.81920000000001,69.8024,69.83600000000001,96.89804630101315,1076.6449589001054,-53.832247945002216,10000.0,10256.363121953682
348,HL_to_HH,short,1358,1359,1361,2024-12-27 03:38:00,69.8,69.78,0.019999999999996,2024-12-27 03:48:00,69.88,2024-12-27 03:38:00,69.78,stop,0.0,69.81920000000001,69.8024,69.83600000000001,97.43636878046318,4871.818439024129,97.43636878046318,10000.0,10353.799490734145
349,HL_to_HH,short,1360,1361,1365,2024-12-27 03:50:00,69.85,69.78,0.0699999999999931,2024-12-27 04:27:00,69.87,2024-12-27 03:54:00,69.78,stop,4.0,69.81920000000001,69.8024,69.83600000000001,96.46200509265854,1378.0286441809706,96.46200509265854,10000.0,10450.261495826804
350,LH_to_LL,long,1363,1364,1376,2024-12-27 04:23:00,69.82,69.86,0.0400000000000062,2024-12-27 06:57:00,70.13,2024-12-27 04:26:00,69.86,stop,3.0,69.81920000000001,69.8024,69.83600000000001,95.49738504173196,2387.4346260429256,95.49738504173196,10000.0,10545.758880868536
351,HL_to_HH,short,1366,1367,1369,2024-12-27 04:41:00,69.83,69.77,0.0600000000000022,2024-12-27 04:56:00,69.95,2024-12-27 04:56:00,69.95,target,15.0,69.81920000000001,69.8024,69.83600000000001,94.54241119131464,1575.7068531885177,-189.08482238262928,10000.0,10356.674058485907
352,HL_to_HH,short,1368,1369,1371,2024-12-27 05:03:00,69.82,69.8,0.019999999999996,2024-12-27 05:30:00,69.97,2024-12-27 05:30:00,69.97,target,27.0,69.81920000000001,69.8024,69.83600000000001,96.43325941514092,4821.662970758005,-723.2494456137282,10000.0,9633.424612872179
353,HL_to_HH,short,1370,1371,1373,2024-12-27 05:31:00,69.86,69.82,0.0400000000000062,2024-12-27 06:29:00,70.3,2024-12-27 06:29:00,70.3,target,58.0,69.8528,69.836,69.8696,103.6657538712782,2591.64384678155,-1140.323292583876,10000.0,8493.101320288302
354,LH_to_LL,long,1375,1376,1382,2024-12-27 06:58:00,70.13,70.25,0.1200000000000045,2024-12-27 08:10:00,70.17,2024-12-27 07:37:00,70.25,stop,39.0,70.1216,70.1048,70.1384,115.06898679711698,958.9082233092718,115.06898679711698,10000.0,8608.17030708542
355,LH_to_LL,long,1381,1382,1392,2024-12-27 08:11:00,70.22,70.28,0.0600000000000022,2024-12-27 10:16:00,70.09,2024-12-27 08:16:00,70.28,stop,5.0,70.1888,70.172,70.2056,113.9182969291458,1898.638282152358,113.9182969291458,10000.0,8722.088604014565
356,HL_to_HH,short,1386,1387,1389,2024-12-27 09:03:00,70.43,70.22,0.2100000000000079,2024-12-27 09:28:00,70.48,2024-12-27 09:28:00,70.48,target,25.0,70.4576,70.4408,70.4744,112.77911395985436,537.0433998088099,-26.85216999043897,10000.0,8695.236434024126
357,HL_to_HH,short,1388,1389,1391,2024-12-27 09:29:00,70.45,70.36,0.0900000000000034,2024-12-27 09:54:00,70.55,2024-12-27 09:54:00,70.55,target,25.0,70.4576,70.4408,70.4744,113.04763565975874,1256.0848406639384,-125.60848406638672,10000.0,8569.62794995774
358,HL_to_HH,short,1390,1391,1395,2024-12-27 09:55:00,70.52,70.4,0.1199999999999903,2024-12-27 10:55:00,70.36,2024-12-27 09:59:00,70.4,stop,4.0,70.5584,70.5416,70.57520000000001,114.3037205004226,952.5310041702652,114.3037205004226,10000.0,8683.931670458162
359,HL_to_HH,short,1396,1397,1399,2024-12-27 11:19:00,70.29,70.23,0.0600000000000022,2024-12-27 11:32:00,70.5,2024-12-27 11:32:00,70.5,target,13.0,70.28960000000001,70.2728,70.30640000000001,113.16068329541838,1886.0113882569017,-396.0623915339376,10000.0,8287.869278924223
360,HL_to_HH,short,1398,1399,1403,2024-12-27 11:34:00,70.49,70.28,0.2099999999999937,2024-12-27 13:21:00,70.59,2024-12-27 12:01:00,70.28,stop,27.0,70.4576,70.4408,70.4744,117.12130721075778,557.7205105274346,117.12130721075778,10000.0,8404.990586134982
361,HL_to_HH,short,1402,1403,1405,2024-12-27 13:22:00,70.57,70.27,0.2999999999999971,2024-12-27 14:00:00,70.65,2024-12-27 14:00:00,70.65,target,38.0,70.5584,70.5416,70.57520000000001,115.9500941386502,386.5003137955042,-30.92002510364518,10000.0,8374.070561031336
362,HL_to_HH,short,1404,1405,1407,2024-12-27 14:02:00,70.58,70.52,0.0600000000000022,2024-12-27 14:13:00,70.74,2024-12-27 14:13:00,70.74,target,11.0,70.5584,70.5416,70.57520000000001,116.25929438968664,1937.654906494704,-310.024785039146,10000.0,8064.04577599219
363,HL_to_HH,short,1406,1407,1413,2024-12-27 14:16:00,70.67,70.57,0.1000000000000085,2024-12-29 18:50:00,70.46,2024-12-27 14:27:00,70.57,stop,11.0,70.6928,70.676,70.70960000000001,119.3595422400781,1193.5954224006791,119.3595422400781,10000.0,8183.405318232268
365,LH_to_LL,long,1409,1410,1418,2024-12-30 01:47:00,70.56,70.58,0.019999999999996,2024-12-30 02:30:00,70.5,2024-12-30 02:16:00,70.58,stop,29.0,70.5584,70.5416,70.57520000000001,118.16594681767732,5908.297340885041,118.16594681767732,10000.0,8301.571265049944
364,HL_to_HH,short,1414,1415,1421,2024-12-30 00:01:00,70.68,70.37,0.3100000000000023,2024-12-30 03:02:00,70.65,2024-12-30 03:02:00,70.65,target,181.0,70.6928,70.676,70.70960000000001,118.16594681767732,381.18047360540794,11.43541420816267,10000.0,8313.006679258107
366,HL_to_HH,short,1420,1421,1427,2024-12-30 03:03:00,70.62,70.5,0.1200000000000045,2024-12-30 04:26:00,70.68,2024-12-30 03:10:00,70.5,stop,7.0,70.6592,70.6424,70.676,116.86993320741892,973.9161100617874,116.86993320741892,10000.0,8429.876612465527
367,LH_to_LL,long,1425,1426,1430,2024-12-30 04:01:00,70.28,70.38,0.0999999999999943,2024-12-30 05:13:00,70.32,2024-12-30 04:10:00,70.38,stop,9.0,70.28960000000001,70.2728,70.30640000000001,115.70123387534474,1157.0123387535132,115.70123387534474,10000.0,8545.577846340871
368,HL_to_HH,short,1434,1435,1437,2024-12-30 06:43:00,70.59,70.46,0.1300000000000096,2024-12-30 07:17:00,70.95,2024-12-30 07:17:00,70.95,target,34.0,70.6592,70.6424,70.676,114.5442215365913,881.1093964352522,-317.1993827166903,10000.0,8228.378463624182
369,HL_to_HH,short,1436,1437,1439,2024-12-30 07:20:00,70.89,70.59,0.2999999999999971,2024-12-30 07:37:00,70.99,2024-12-30 07:37:00,70.99,target,17.0,70.8608,70.844,70.8776,117.71621536375818,392.38738454586434,-39.2387384545842,10000.0,8189.139725169597
370,HL_to_HH,short,1438,1439,1441,2024-12-30 07:47:00,70.88,70.85,0.0300000000000011,2024-12-30 08:57:00,71.05,2024-12-30 07:53:00,70.85,stop,6.0,70.8608,70.844,70.8776,118.10860274830402,3936.953424943318,118.10860274830402,10000.0,8307.248327917901
371,HL_to_HH,short,1452,1453,1457,2024-12-30 10:42:00,71.38,71.22,0.1599999999999966,2024-12-30 11:13:00,71.39,2024-12-30 10:49:00,71.22,stop,7.0,71.3984,71.38159999999999,71.4152,116.927516720821,730.7969795051467,116.927516720821,10000.0,8424.175844638723
372,HL_to_HH,short,1456,1457,1461,2024-12-30 11:14:00,71.38,71.21,0.1700000000000017,2024-12-30 12:11:00,71.54,2024-12-30 11:24:00,71.21,stop,10.0,71.3984,71.38159999999999,71.4152,115.75824155361278,680.9308326683037,115.75824155361278,10000.0,8539.934086192336
373,HL_to_HH,short,1460,1461,1465,2024-12-30 12:17:00,71.47,71.21,0.2600000000000051,2024-12-30 13:15:00,71.37,2024-12-30 13:15:00,71.37,target,58.0,71.4656,71.44879999999999,71.4824,114.60065913807664,440.7717659156707,44.077176591564566,10000.0,8584.0112627839
374,HL_to_HH,short,1464,1465,1469,2024-12-30 13:17:00,71.35,71.25,0.0999999999999943,2024-12-30 15:29:00,71.25,2024-12-30 13:18:00,71.25,stop,1.0,71.3312,71.31439999999999,71.348,114.159887372161,1141.5988737216749,114.159887372161,10000.0,8698.171150156062
375,HL_to_HH,short,1470,1471,1473,2024-12-30 20:08:00,71.39,71.09,0.2999999999999971,2024-12-30 20:49:00,71.59,2024-12-30 20:49:00,71.59,target,41.0,71.3984,71.38159999999999,71.4152,113.01828849843938,376.7276283281348,-75.34552566562805,10000.0,8622.825624490433
376,HL_to_HH,short,1472,1473,1477,2024-12-30 20:50:00,71.55,71.31,0.2399999999999948,2024-12-30 23:48:00,71.65,2024-12-30 23:48:00,71.65,target,178.0,71.5664,71.5496,71.5832,113.77174375509568,474.04893231290873,-47.40489323129492,10000.0,8575.420731259139
377,HL_to_HH,short,1476,1477,1479,2024-12-31 00:13:00,71.59,71.34,0.25,2024-12-31 01:54:00,71.73,2024-12-31 01:54:00,71.73,target,101.0,71.5664,71.5496,71.5832,114.2457926874086,456.9831707496344,-63.97764390494908,10000.0,8511.44308735419
378,HL_to_HH,short,1478,1479,1483,2024-12-31 01:57:00,71.67,71.57,0.1000000000000085,2024-12-31 04:01:00,71.64,2024-12-31 02:24:00,71.57,stop,27.0,71.6672,71.65039999999999,71.684,114.88556912645812,1148.855691264483,114.88556912645812,10000.0,8626.328656480648
379,LH_to_LL,long,1485,1486,1494,2024-12-31 05:10:00,71.44,71.47,0.0300000000000011,2024-12-31 07:34:00,71.21,2024-12-31 05:15:00,71.47,stop,5.0,71.4656,71.44879999999999,71.4824,113.73671343519352,3791.2237811729738,113.73671343519352,10000.0,8740.065369915841
380,HL_to_HH,short,1488,1489,1493,2024-12-31 06:19:00,71.56,71.41,0.1500000000000056,2024-12-31 07:13:00,71.69,2024-12-31 07:13:00,71.69,target,54.0,71.5664,71.5496,71.5832,112.5993463008416,750.6623086722489,-97.58610012738892,10000.0,8642.479269788451
381,HL_to_HH,short,1492,1493,1499,2024-12-31 07:14:00,71.65,71.54,0.1099999999999994,2024-12-31 08:38:00,71.08,2024-12-31 07:27:00,71.54,stop,13.0,71.6672,71.65039999999999,71.684,113.57520730211549,1032.5018845646916,113.57520730211549,10000.0,8756.054477090567
383,HL_to_HH,short,1498,1499,1501,2024-12-31 08:39:00,71.03,70.98,0.0499999999999971,2024-12-31 09:16:00,71.52,2024-12-31 08:46:00,70.98,stop,7.0,71.0624,71.0456,71.0792,112.43945522909434,2248.7891045820147,112.43945522909434,10000.0,8868.493932319661
382,LH_to_LL,long,1495,1496,1506,2024-12-31 08:26:00,71.01,71.29,0.2800000000000011,2024-12-31 09:52:00,71.31,2024-12-31 09:03:00,71.29,stop,37.0,71.0624,71.0456,71.0792,112.43945522909434,401.5694829610496,112.43945522909434,10000.0,8980.933387548755
384,HL_to_HH,short,1500,1501,1503,2024-12-31 09:17:00,71.48,70.99,0.4900000000000091,2024-12-31 09:33:00,71.57,2024-12-31 09:33:00,71.57,target,16.0,71.4656,71.44879999999999,71.4824,110.19066612451245,224.8789104581845,-20.239101941234175,10000.0,8960.694285607522
385,HL_to_HH,short,1502,1503,1507,2024-12-31 09:34:00,71.54,71.35,0.1900000000000119,2024-12-31 10:00:00,71.55,2024-12-31 09:49:00,71.35,stop,15.0,71.5664,71.5496,71.5832,110.39305714392478,581.0160902311466,110.39305714392478,10000.0,9071.087342751447
386,LH_to_LL,long,1505,1506,1512,2024-12-31 09:57:00,71.45,71.52,0.0699999999999931,2024-12-31 10:35:00,71.53,2024-12-31 09:58:00,71.52,stop,1.0,71.4656,71.44879999999999,71.4824,109.28912657248551,1561.2732367499457,109.28912657248551,10000.0,9180.376469323932
388,LH_to_LL,long,1511,1512,1520,2024-12-31 10:36:00,71.57,71.64,0.0700000000000073,2024-12-31 12:03:00,71.66,2024-12-31 10:38:00,71.64,stop,2.0,71.5664,71.5496,71.5832,108.19623530676068,1545.6605043821323,108.19623530676068,10000.0,9288.572704630693
387,HL_to_HH,short,1508,1509,1513,2024-12-31 10:24:00,71.59,71.36,0.2300000000000039,2024-12-31 10:45:00,71.65,2024-12-31 10:45:00,71.65,target,21.0,71.5664,71.5496,71.5832,108.19623530676068,470.41841437721223,-28.225104862633803,10000.0,9260.34759976806
389,HL_to_HH,short,1514,1515,1517,2024-12-31 10:59:00,71.68,71.57,0.1100000000000136,2024-12-31 11:37:00,71.81,2024-12-31 11:37:00,71.81,target,38.0,71.6672,71.65039999999999,71.684,107.3965240023194,976.3320363846008,-126.92316472999366,10000.0,9133.424435038067
390,HL_to_HH,short,1516,1517,1519,2024-12-31 11:47:00,71.68,71.6,0.0800000000000125,2024-12-31 11:51:00,71.81,2024-12-31 11:51:00,71.81,target,4.0,71.6672,71.65039999999999,71.684,108.66575564961931,1358.3219456200293,-176.58185293059762,10000.0,8956.842582107469
391,HL_to_HH,short,1518,1519,1521,2024-12-31 12:00:00,71.72,71.68,0.039999999999992,2024-12-31 12:27:00,71.82,2024-12-31 12:00:00,71.68,stop,0.0,71.7008,71.684,71.7176,110.43157417892532,2760.789354473682,110.43157417892532,10000.0,9067.274156286394
392,HL_to_HH,short,1522,1523,1527,2024-12-31 13:26:00,71.99,71.75,0.2399999999999948,2024-12-31 14:23:00,71.91,2024-12-31 14:09:00,71.75,stop,43.0,71.9696,71.9528,71.9864,109.32725843713608,455.5302434880767,109.32725843713608,10000.0,9176.60141472353
393,HL_to_HH,short,1526,1527,1529,2024-12-31 14:24:00,71.83,71.78,0.0499999999999971,2024-12-31 14:59:00,71.93,2024-12-31 14:25:00,71.78,stop,1.0,71.9024,71.8856,71.9192,108.2339858527647,2164.6797170554173,108.2339858527647,10000.0,9284.835400576294
