trade_id,transition_type,direction,from_leg_id,to_leg_id,target_leg_id,entry_time,entry_price,stop_price,stop_distance,target_time,target_price,exit_time,exit_price,exit_reason,holding_minutes,lvn_price_center,lvn_price_min,lvn_price_max,risk_eur,units,pnl_eur,balance_before_trade,balance_after_trade,anomaly_flag
1,HL_to_HH,long,36,37,39,2024-12-02 00:56:00,68.41,68.3,0.1099999999999994,2024-12-02 01:18:00,68.52,2024-12-02 01:18:00,68.52,target,22.0,68.402,68.384,68.42,100.0,909.0909090909138,100.0,10000.0,10100.0,0
2,LH_to_LL,short,45,46,50,2024-12-02 02:07:00,68.53,68.61,0.0799999999999983,2024-12-02 02:48:00,68.49,2024-12-02 02:09:00,68.61,stop,2.0,68.546,68.528,68.56400000000001,101.0,1262.5000000000268,-101.0,10100.0,9999.0,0
3,HL_to_HH,long,48,49,53,2024-12-02 02:40:00,68.59,68.54,0.0499999999999971,2024-12-02 03:17:00,68.55,2024-12-02 02:44:00,68.54,stop,4.0,68.618,68.6,68.636,99.99,1999.800000000114,-99.99,9999.0,9899.01,0
4,LH_to_LL,short,51,52,60,2024-12-02 03:05:00,68.39,68.57,0.1799999999999926,2024-12-02 03:42:00,68.51,2024-12-02 03:15:00,68.57,stop,10.0,68.402,68.384,68.42,98.9901,549.9450000000226,-98.9901,9899.01,9800.0199,0
5,HL_to_HH,long,54,55,57,2024-12-02 03:24:00,68.53,68.52,0.0100000000000051,2024-12-02 03:31:00,68.75,2024-12-02 03:31:00,68.75,target,7.0,68.546,68.528,68.56400000000001,98.000199,9800.019899994986,2156.004377998886,9800.0199,11956.024277998886,0
6,HL_to_HH,long,56,57,65,2024-12-02 03:33:00,68.67,68.52,0.1500000000000056,2024-12-02 04:04:00,68.77,2024-12-02 03:41:00,68.52,stop,8.0,68.69,68.672,68.708,119.56024277998884,797.0682851998955,-119.56024277998884,11956.024277998886,11836.464035218896,0
7,LH_to_LL,short,59,60,66,2024-12-02 03:43:00,68.53,68.7,0.1700000000000017,2024-12-02 04:13:00,68.47,2024-12-02 04:03:00,68.7,stop,20.0,68.51,68.492,68.528,118.36464035218896,696.2625903069869,-118.36464035218896,11836.464035218896,11718.099394866707,0
8,HL_to_HH,long,64,65,69,2024-12-02 04:05:00,68.7,68.54,0.1599999999999966,2024-12-02 04:29:00,68.64,2024-12-02 04:07:00,68.54,stop,2.0,68.69,68.672,68.708,117.18099394866708,732.3812121791849,-117.18099394866708,11718.099394866707,11600.91840091804,0
9,HL_to_HH,long,70,71,75,2024-12-02 04:37:00,68.59,68.58,0.0100000000000051,2024-12-02 04:46:00,68.67,2024-12-02 04:37:00,68.58,stop,0.0,68.618,68.6,68.636,116.00918400918042,11600.918400912107,-116.00918400918042,11600.91840091804,11484.90921690886,0
10,HL_to_HH,long,74,75,77,2024-12-02 04:47:00,68.61,68.57,0.0400000000000062,2024-12-02 04:51:00,68.7,2024-12-02 04:51:00,68.7,target,4.0,68.618,68.6,68.636,114.8490921690886,2871.227304226766,258.4104573804188,11484.90921690886,11743.319674289278,0
11,HL_to_HH,long,76,77,79,2024-12-02 04:52:00,68.67,68.6,0.0700000000000073,2024-12-02 04:59:00,68.72,2024-12-02 04:59:00,68.72,target,7.0,68.69,68.672,68.708,117.43319674289278,1677.6170963268626,83.88085481633836,11743.319674289278,11827.200529105616,0
12,HL_to_HH,long,78,79,81,2024-12-02 05:00:00,68.71,68.63,0.0799999999999983,2024-12-02 05:07:00,68.78,2024-12-02 05:07:00,68.78,target,7.0,68.69,68.672,68.708,118.27200529105616,1478.4000661382336,103.48800462968728,11827.200529105616,11930.688533735303,0
13,HL_to_HH,long,80,81,87,2024-12-02 05:10:00,68.67,68.66,0.0100000000000051,2024-12-02 05:55:00,68.68,2024-12-02 05:14:00,68.66,stop,4.0,68.69,68.672,68.708,119.30688533735304,11930.6885337292,-119.30688533735304,11930.688533735303,11811.38164839795,0
14,LH_to_LL,short,85,86,100,2024-12-02 05:38:00,68.59,68.68,0.0900000000000034,2024-12-02 07:52:00,68.66,2024-12-02 05:48:00,68.68,stop,10.0,68.618,68.6,68.636,118.1138164839795,1312.3757387108335,-118.1138164839795,11811.38164839795,11693.26783191397,0
15,HL_to_HH,long,88,89,93,2024-12-02 06:06:00,68.71,68.62,0.0899999999999892,2024-12-02 06:25:00,68.72,2024-12-02 06:09:00,68.62,stop,3.0,68.69,68.672,68.708,116.93267831913973,1299.2519813239303,-116.93267831913973,11693.26783191397,11576.335153594831,0
16,HL_to_HH,long,92,93,95,2024-12-02 06:26:00,68.68,68.64,0.0400000000000062,2024-12-02 06:59:00,68.85,2024-12-02 06:59:00,68.85,target,33.0,68.69,68.672,68.708,115.76335153594832,2894.0837883982554,491.99424402766726,11576.335153594831,12068.3293976225,0
17,HL_to_HH,long,96,97,101,2024-12-02 07:22:00,68.91,68.78,0.1299999999999954,2024-12-02 08:07:00,68.91,2024-12-02 07:29:00,68.78,stop,7.0,68.87,68.852,68.888,120.683293976225,928.3330305863786,-120.683293976225,12068.3293976225,11947.646103646275,0
18,LH_to_LL,short,99,100,108,2024-12-02 07:53:00,68.67,68.86,0.1899999999999977,2024-12-02 08:39:00,68.93,2024-12-02 08:01:00,68.86,stop,8.0,68.69,68.672,68.708,119.47646103646277,628.8234791392852,-119.47646103646277,11947.646103646275,11828.169642609811,0
19,HL_to_HH,long,104,105,107,2024-12-02 08:32:00,68.95,68.91,0.0400000000000062,2024-12-02 08:36:00,69.04,2024-12-02 08:36:00,69.04,target,4.0,68.97800000000001,68.96000000000001,68.99600000000001,118.28169642609814,2957.0424106519913,266.1338169586893,11828.169642609811,12094.303459568502,0
20,HL_to_HH,long,106,107,111,2024-12-02 08:38:00,68.98,68.94,0.0400000000000062,2024-12-02 08:51:00,69.09,2024-12-02 08:38:00,68.94,stop,0.0,68.97800000000001,68.96000000000001,68.99600000000001,120.94303459568502,3023.575864891653,-120.94303459568502,12094.303459568502,11973.360424972818,0
21,HL_to_HH,long,110,111,115,2024-12-02 08:52:00,69.06,68.98,0.0799999999999983,2024-12-02 09:11:00,69.07,2024-12-02 08:53:00,68.98,stop,1.0,69.05,69.032,69.068,119.73360424972816,1496.670053121634,-119.73360424972816,11973.360424972818,11853.62682072309,0
22,HL_to_HH,long,114,115,119,2024-12-02 09:12:00,69.04,68.99,0.0500000000000113,2024-12-02 09:31:00,68.88,2024-12-02 09:13:00,68.99,stop,1.0,69.05,69.032,69.068,118.5362682072309,2370.725364144079,-118.5362682072309,11853.62682072309,11735.09055251586,0
23,LH_to_LL,short,121,122,124,2024-12-02 09:47:00,68.38,68.63,0.25,2024-12-02 09:54:00,68.28,2024-12-02 09:54:00,68.28,target,7.0,68.402,68.384,68.42,117.3509055251586,469.4036221006344,46.94036221006077,11735.09055251586,11782.03091472592,0
24,LH_to_LL,short,125,126,130,2024-12-02 10:00:00,68.29,68.35,0.059999999999988,2024-12-02 10:16:00,68.16,2024-12-02 10:03:00,68.35,stop,3.0,68.25800000000001,68.24000000000001,68.27600000000001,117.8203091472592,1963.6718191213772,-117.8203091472592,11782.03091472592,11664.21060557866,0
25,LH_to_LL,short,137,138,140,2024-12-02 10:50:00,68.37,68.45,0.0799999999999983,2024-12-02 10:53:00,68.29,2024-12-02 10:53:00,68.29,target,3.0,68.402,68.384,68.42,116.6421060557866,1458.0263256973635,116.6421060557866,11664.21060557866,11780.852711634448,0
26,LH_to_LL,short,139,140,144,2024-12-02 10:55:00,68.3,68.37,0.0700000000000073,2024-12-02 11:14:00,68.28,2024-12-02 10:56:00,68.37,stop,1.0,68.33,68.312,68.348,117.80852711634446,1682.9789588047431,-117.80852711634446,11780.852711634448,11663.044184518105,0
27,LH_to_LL,short,143,144,146,2024-12-02 11:17:00,68.33,68.46,0.1299999999999954,2024-12-02 11:29:00,67.9,2024-12-02 11:29:00,67.9,target,12.0,68.402,68.384,68.42,116.63044184518104,897.1572449629624,385.7776153340672,11663.044184518105,12048.82179985217,0
28,LH_to_LL,short,145,146,148,2024-12-02 11:30:00,67.99,68.35,0.3599999999999994,2024-12-02 11:45:00,67.84,2024-12-02 11:45:00,67.84,target,15.0,67.97,67.952,67.988,120.4882179985217,334.6894944403386,50.20342416604794,12048.82179985217,12099.025224018218,1
29,LH_to_LL,short,147,148,150,2024-12-02 11:47:00,67.85,68.1,0.25,2024-12-02 12:05:00,67.74,2024-12-02 12:05:00,67.74,target,18.0,67.898,67.88,67.916,120.9902522401822,483.96100896072875,53.23571098567989,12099.025224018218,12152.260935003898,1
30,LH_to_LL,short,149,150,158,2024-12-02 12:06:00,67.77,67.96,0.1899999999999977,2024-12-02 12:52:00,67.95,2024-12-02 12:15:00,67.96,stop,9.0,67.79,67.772,67.808,121.522609350039,639.5926807896866,-121.522609350039,12152.260935003898,12030.73832565386,0
31,HL_to_HH,long,154,155,157,2024-12-02 12:39:00,67.98,67.9,0.0799999999999983,2024-12-02 12:46:00,68.05,2024-12-02 12:46:00,68.05,target,7.0,67.97,67.952,67.988,120.3073832565386,1503.8422907067643,105.26896034946326,12030.73832565386,12136.007286003323,0
32,HL_to_HH,long,156,157,159,2024-12-02 12:48:00,67.98,67.95,0.0300000000000011,2024-12-02 12:57:00,68.06,2024-12-02 12:48:00,67.95,stop,0.0,67.97,67.952,67.988,121.36007286003324,4045.335762000954,-121.36007286003324,12136.007286003323,12014.64721314329,0
33,LH_to_LL,short,161,162,164,2024-12-02 13:28:00,67.96,68.05,0.0900000000000034,2024-12-02 13:37:00,67.87,2024-12-02 13:37:00,67.87,target,9.0,67.97,67.952,67.988,120.1464721314329,1334.960801460315,120.14647213141392,12014.64721314329,12134.793685274704,0
34,LH_to_LL,short,163,164,166,2024-12-02 13:38:00,67.88,67.97,0.0900000000000034,2024-12-02 13:44:00,67.81,2024-12-02 13:44:00,67.81,target,6.0,67.898,67.88,67.916,121.34793685274704,1348.3104094749158,94.38172866323492,12134.793685274704,12229.175413937935,0
35,LH_to_LL,short,165,166,174,2024-12-02 13:45:00,67.82,67.9,0.0800000000000125,2024-12-02 14:14:00,67.88,2024-12-02 13:48:00,67.9,stop,3.0,67.82600000000001,67.808,67.84400000000001,122.29175413937938,1528.6469267420032,-122.29175413937938,12229.175413937935,12106.883659798556,0
36,HL_to_HH,long,168,169,171,2024-12-02 13:55:00,67.92,67.87,0.0499999999999971,2024-12-02 13:58:00,68.0,2024-12-02 13:58:00,68.0,target,3.0,67.898,67.88,67.916,121.06883659798558,2421.376731959849,193.71013855678385,12106.883659798556,12300.59379835534,0
37,HL_to_HH,long,170,171,173,2024-12-02 13:59:00,67.95,67.91,0.0400000000000062,2024-12-02 14:02:00,68.0,2024-12-02 14:02:00,68.0,target,3.0,67.97,67.952,67.988,123.0059379835534,3075.1484495883547,153.75742247940897,12300.59379835534,12454.351220834753,0
38,HL_to_HH,long,172,173,175,2024-12-02 14:03:00,67.97,67.93,0.039999999999992,2024-12-02 14:28:00,68.12,2024-12-02 14:04:00,67.93,stop,1.0,67.97,67.952,67.988,124.54351220834752,3113.587805209307,-124.54351220834752,12454.351220834753,12329.807708626404,0
39,HL_to_HH,long,176,177,181,2024-12-02 14:39:00,68.13,68.04,0.0899999999999892,2024-12-02 16:32:00,68.18,2024-12-02 15:09:00,68.04,stop,30.0,68.15,68.132,68.168,123.29807708626404,1369.9786342919872,-123.29807708626404,12329.807708626404,12206.50963154014,0
40,HL_to_HH,long,180,181,183,2024-12-02 16:37:00,68.15,68.03,0.1200000000000045,2024-12-02 20:01:00,68.21,2024-12-02 20:01:00,68.21,target,204.0,68.15,68.132,68.168,122.0650963154014,1017.2091359616398,61.03254815768625,12206.50963154014,12267.542179697826,0
41,HL_to_HH,long,182,183,185,2024-12-02 20:02:00,68.18,68.1,0.0800000000000125,2024-12-02 20:23:00,68.24,2024-12-02 20:23:00,68.24,target,21.0,68.15,68.132,68.168,122.67542179697828,1533.4427724619886,92.006566347701,12267.542179697826,12359.548746045528,0
42,HL_to_HH,long,184,185,195,2024-12-02 20:25:00,68.23,68.16,0.0700000000000073,2024-12-02 21:18:00,68.07,2024-12-02 20:29:00,68.16,stop,4.0,68.22200000000001,68.20400000000001,68.24000000000001,123.59548746045527,1765.6498208634605,-123.59548746045527,12359.548746045528,12235.953258585072,0
43,LH_to_LL,short,187,188,192,2024-12-02 20:41:00,68.06,68.09,0.0300000000000011,2024-12-02 21:05:00,67.94,2024-12-02 20:41:00,68.09,stop,0.0,68.042,68.024,68.06,122.35953258585072,4078.6510861948695,-122.35953258585072,12235.953258585072,12113.59372599922,0
44,LH_to_LL,short,191,192,196,2024-12-02 21:06:00,67.96,68.07,0.1099999999999994,2024-12-02 21:40:00,67.92,2024-12-02 21:17:00,68.07,stop,11.0,67.97,67.952,67.988,121.1359372599922,1101.235793272662,-121.1359372599922,12113.59372599922,11992.457788739228,0
45,HL_to_HH,long,204,205,207,2024-12-02 23:16:00,68.18,68.13,0.0500000000000113,2024-12-02 23:34:00,68.21,2024-12-02 23:34:00,68.21,target,18.0,68.15,68.132,68.168,119.92457788739227,2398.4915577473,71.95474673238765,11992.457788739228,12064.412535471616,0
46,LH_to_LL,short,209,210,218,2024-12-03 00:17:00,68.14,68.21,0.0699999999999931,2024-12-03 02:19:00,68.29,2024-12-03 00:38:00,68.21,stop,21.0,68.15,68.132,68.168,120.64412535471617,1723.487505067542,-120.64412535471617,12064.412535471616,11943.7684101169,0
47,HL_to_HH,long,214,215,217,2024-12-03 01:55:00,68.35,68.29,0.059999999999988,2024-12-03 02:08:00,68.39,2024-12-03 02:01:00,68.29,stop,6.0,68.33,68.312,68.348,119.437684101169,1990.6280683532127,-119.437684101169,11943.7684101169,11824.33072601573,0
48,HL_to_HH,long,220,221,223,2024-12-03 02:51:00,68.38,68.36,0.019999999999996,2024-12-03 03:07:00,68.56,2024-12-03 02:57:00,68.36,stop,6.0,68.402,68.384,68.42,118.24330726015732,5912.165363009041,-118.24330726015732,11824.33072601573,11706.087418755573,0
49,HL_to_HH,long,226,227,229,2024-12-03 03:42:00,68.68,68.56,0.1200000000000045,2024-12-03 04:01:00,68.88,2024-12-03 04:01:00,68.88,target,19.0,68.69,68.672,68.708,117.06087418755573,975.5072848962608,195.10145697924108,11706.087418755573,11901.188875734812,0
50,HL_to_HH,long,228,229,233,2024-12-03 04:09:00,68.72,68.64,0.0799999999999983,2024-12-03 04:20:00,68.83,2024-12-03 04:20:00,68.83,target,11.0,68.69,68.672,68.708,119.01188875734812,1487.6486094668833,163.6413470413563,11901.188875734812,12064.83022277617,0
51,HL_to_HH,long,232,233,235,2024-12-03 04:22:00,68.78,68.74,0.0400000000000062,2024-12-03 04:31:00,68.92,2024-12-03 04:31:00,68.92,target,9.0,68.762,68.744,68.78,120.6483022277617,3016.207555693571,422.26905779710165,12064.83022277617,12487.099280573271,0
52,HL_to_HH,long,234,235,239,2024-12-03 04:32:00,68.9,68.78,0.1200000000000045,2024-12-03 04:58:00,68.93,2024-12-03 04:36:00,68.78,stop,4.0,68.87,68.852,68.888,124.87099280573274,1040.5916067144,-124.87099280573274,12487.099280573271,12362.22828776754,0
53,HL_to_HH,long,238,239,243,2024-12-03 05:01:00,68.88,68.84,0.039999999999992,2024-12-03 05:40:00,68.87,2024-12-03 05:02:00,68.84,stop,1.0,68.87,68.852,68.888,123.6222828776754,3090.5570719425,-123.6222828776754,12362.22828776754,12238.606004889863,0
54,LH_to_LL,short,245,246,254,2024-12-03 06:00:00,68.69,68.84,0.1500000000000056,2024-12-03 06:51:00,68.84,2024-12-03 06:27:00,68.84,stop,27.0,68.69,68.672,68.708,122.38606004889866,815.9070669926268,-122.38606004889866,12238.606004889863,12116.219944840966,0
55,HL_to_HH,long,252,253,255,2024-12-03 06:50:00,68.88,68.85,0.0300000000000011,2024-12-03 07:23:00,69.03,2024-12-03 06:50:00,68.85,stop,0.0,68.87,68.852,68.888,121.16219944840968,4038.7399816135026,-121.16219944840968,12116.219944840966,11995.057745392556,0
56,HL_to_HH,long,258,259,261,2024-12-03 07:57:00,69.26,69.18,0.0799999999999983,2024-12-03 08:13:00,69.44,2024-12-03 08:13:00,69.44,target,16.0,69.23,69.212,69.248,119.95057745392556,1499.3822181741016,269.8887992713272,11995.057745392556,12264.946544663884,0
57,HL_to_HH,long,260,261,265,2024-12-03 08:18:00,69.25,69.23,0.019999999999996,2024-12-03 08:31:00,69.21,2024-12-03 08:18:00,69.23,stop,0.0,69.23,69.212,69.248,122.64946544663884,6132.473272333163,-122.64946544663884,12264.946544663884,12142.297079217244,0
58,LH_to_LL,short,263,264,270,2024-12-03 08:26:00,69.12,69.18,0.0600000000000022,2024-12-03 08:59:00,69.16,2024-12-03 08:28:00,69.18,stop,2.0,69.122,69.104,69.14,121.42297079217246,2023.7161798694644,-121.42297079217246,12142.297079217244,12020.874108425072,0
59,HL_to_HH,long,266,267,269,2024-12-03 08:48:00,69.22,69.13,0.0900000000000034,2024-12-03 08:52:00,69.33,2024-12-03 08:52:00,69.33,target,4.0,69.23,69.212,69.248,120.20874108425072,1335.6526787138464,146.92179465852237,12020.874108425072,12167.795903083595,0
60,LH_to_LL,short,279,280,282,2024-12-03 09:27:00,69.14,69.15,0.0100000000000051,2024-12-03 09:39:00,68.75,2024-12-03 09:27:00,69.15,stop,0.0,69.122,69.104,69.14,121.67795903083596,12167.79590307737,-121.67795903083596,12167.795903083595,12046.11794405276,0
61,LH_to_LL,short,281,282,286,2024-12-03 09:45:00,69.05,69.14,0.0900000000000034,2024-12-03 09:54:00,68.86,2024-12-03 09:54:00,68.86,target,9.0,69.05,69.032,69.068,120.4611794405276,1338.4575493391449,254.3069343744345,12046.11794405276,12300.424878427191,0
62,LH_to_LL,short,285,286,290,2024-12-03 09:56:00,68.98,69.01,0.0300000000000011,2024-12-03 10:06:00,68.88,2024-12-03 10:00:00,69.01,stop,4.0,68.97800000000001,68.96000000000001,68.99600000000001,123.00424878427194,4100.141626142243,-123.00424878427194,12300.424878427191,12177.420629642922,0
63,HL_to_HH,long,302,303,307,2024-12-03 11:05:00,69.74,69.67,0.0699999999999931,2024-12-03 11:21:00,69.77,2024-12-03 11:05:00,69.67,stop,0.0,69.734,69.716,69.752,121.77420629642924,1739.631518520587,-121.77420629642924,12177.420629642922,12055.646423346492,0
64,HL_to_HH,long,308,309,311,2024-12-03 11:29:00,69.78,69.72,0.0600000000000022,2024-12-03 11:43:00,70.07,2024-12-03 11:43:00,70.07,target,14.0,69.842,69.824,69.86,120.55646423346492,2009.274403891006,582.6895771283757,12055.646423346492,12638.336000474868,0
65,HL_to_HH,long,316,317,319,2024-12-03 12:12:00,70.12,70.04,0.0799999999999983,2024-12-03 12:25:00,70.18,2024-12-03 12:16:00,70.04,stop,4.0,70.13,70.112,70.148,126.38336000474868,1579.7920000593922,-126.38336000474868,12638.336000474868,12511.95264047012,0
66,HL_to_HH,long,318,319,321,2024-12-03 12:32:00,70.2,70.09,0.1099999999999994,2024-12-03 12:33:00,70.2,2024-12-03 12:33:00,70.2,target,1.0,70.13,70.112,70.148,125.1195264047012,1137.450240042744,0.0,12511.95264047012,12511.95264047012,0
67,HL_to_HH,long,320,321,335,2024-12-03 12:34:00,70.16,70.15,0.0099999999999909,2024-12-03 13:26:00,69.92,2024-12-03 12:34:00,70.15,stop,0.0,70.166,70.148,70.184,125.1195264047012,12511.9526404815,-125.1195264047012,12511.95264047012,12386.833114065415,0
68,LH_to_LL,short,323,324,326,2024-12-03 12:46:00,70.05,70.18,0.1300000000000096,2024-12-03 12:48:00,69.97,2024-12-03 12:48:00,69.97,target,2.0,70.13,70.112,70.148,123.86833114065418,952.8333164664998,76.22666531731836,12386.833114065415,12463.059779382736,0
69,LH_to_LL,short,325,326,328,2024-12-03 12:50:00,70.0,70.11,0.1099999999999994,2024-12-03 12:56:00,69.94,2024-12-03 12:56:00,69.94,target,6.0,70.022,70.004,70.04,124.63059779382736,1133.0054344893456,67.98032606936331,12463.059779382736,12531.0401054521,0
70,LH_to_LL,short,327,328,330,2024-12-03 12:57:00,69.96,70.01,0.0500000000000113,2024-12-03 13:02:00,69.91,2024-12-03 13:02:00,69.91,target,5.0,69.95,69.932,69.968,125.310401054521,2506.2080210898503,125.31040105448538,12531.0401054521,12656.350506506584,0
71,LH_to_LL,short,329,330,332,2024-12-03 13:03:00,69.97,69.99,0.019999999999996,2024-12-03 13:12:00,69.78,2024-12-03 13:03:00,69.99,stop,0.0,69.95,69.932,69.968,126.56350506506584,6328.175253254551,-126.56350506506584,12656.350506506584,12529.787001441518,0
72,LH_to_LL,short,331,332,336,2024-12-03 13:15:00,69.82,69.98,0.1600000000000108,2024-12-03 13:29:00,69.85,2024-12-03 13:29:00,69.85,target,14.0,69.842,69.824,69.86,125.29787001441518,783.111687590042,-23.49335062770215,12529.787001441518,12506.293650813815,0
73,HL_to_HH,long,346,347,355,2024-12-03 14:10:00,70.13,70.04,0.0899999999999892,2024-12-03 15:16:00,70.07,2024-12-03 14:16:00,70.04,stop,6.0,70.13,70.112,70.148,125.06293650813816,1389.588183423924,-125.06293650813816,12506.293650813815,12381.230714305677,0
74,LH_to_LL,short,351,352,358,2024-12-03 14:31:00,69.98,70.09,0.1099999999999994,2024-12-03 15:33:00,69.98,2024-12-03 15:15:00,70.09,stop,44.0,69.95,69.932,69.968,123.81230714305676,1125.5664285732491,-123.81230714305676,12381.230714305677,12257.41840716262,0
75,LH_to_LL,short,357,358,360,2024-12-03 15:36:00,70.03,70.06,0.0300000000000011,2024-12-03 16:13:00,69.94,2024-12-03 16:13:00,69.94,target,37.0,70.022,70.004,70.04,122.5741840716262,4085.806135720719,367.72255221487865,12257.41840716262,12625.1409593775,0
76,LH_to_LL,short,359,360,362,2024-12-03 16:14:00,69.96,70.02,0.0600000000000022,2024-12-03 16:33:00,69.89,2024-12-03 16:33:00,69.89,target,19.0,69.95,69.932,69.968,126.251409593775,2104.1901598961704,147.29331119271757,12625.1409593775,12772.434270570217,0
77,LH_to_LL,short,361,362,370,2024-12-03 16:35:00,69.96,69.98,0.0200000000000102,2024-12-03 19:45:00,69.96,2024-12-03 16:59:00,69.98,stop,24.0,69.95,69.932,69.968,127.72434270570216,6386.217135281841,-127.72434270570216,12772.434270570217,12644.709927864516,0
78,LH_to_LL,short,369,370,372,2024-12-03 19:55:00,70.0,70.07,0.0699999999999931,2024-12-03 20:10:00,69.96,2024-12-03 20:10:00,69.96,target,15.0,70.022,70.004,70.04,126.44709927864515,1806.3871325522496,72.25548530210128,12644.709927864516,12716.965413166616,0
79,LH_to_LL,short,371,372,376,2024-12-03 20:11:00,69.97,70.0,0.0300000000000011,2024-12-03 20:50:00,69.88,2024-12-03 20:12:00,70.0,stop,1.0,69.95,69.932,69.968,127.16965413166616,4238.988471055378,-127.16965413166616,12716.965413166616,12589.795759034949,0
80,HL_to_HH,long,382,383,387,2024-12-03 21:47:00,70.02,69.97,0.0499999999999971,2024-12-03 22:12:00,70.02,2024-12-03 21:52:00,69.97,stop,5.0,70.022,70.004,70.04,125.89795759034948,2517.959151807133,-125.89795759034948,12589.795759034949,12463.8978014446,0
81,LH_to_LL,short,385,386,388,2024-12-03 22:09:00,69.97,70.01,0.0400000000000062,2024-12-03 22:30:00,69.92,2024-12-03 22:11:00,70.01,stop,2.0,69.95,69.932,69.968,124.638978014446,3115.974450360663,-124.638978014446,12463.8978014446,12339.258823430157,0
82,HL_to_HH,long,390,391,393,2024-12-03 23:10:00,69.99,69.96,0.0300000000000011,2024-12-04 00:07:00,70.13,2024-12-04 00:07:00,70.13,target,57.0,69.986,69.968,70.004,123.39258823430156,4113.086274476563,575.8320784267211,12339.258823430157,12915.090901856876,0
83,HL_to_HH,long,392,393,395,2024-12-04 00:08:00,70.11,69.97,0.1400000000000005,2024-12-04 00:20:00,70.12,2024-12-04 00:20:00,70.12,target,12.0,70.13,70.112,70.148,129.15090901856877,922.5064929897732,9.225064929902452,12915.090901856876,12924.31596678678,0
84,HL_to_HH,long,394,395,399,2024-12-04 00:21:00,70.12,70.09,0.0300000000000011,2024-12-04 01:10:00,70.16,2024-12-04 00:31:00,70.09,stop,10.0,70.13,70.112,70.148,129.2431596678678,4308.105322262097,-129.2431596678678,12924.31596678678,12795.072807118911,0
85,HL_to_HH,long,398,399,401,2024-12-04 01:13:00,70.15,70.08,0.0700000000000073,2024-12-04 01:25:00,70.16,2024-12-04 01:25:00,70.16,target,12.0,70.13,70.112,70.148,127.95072807118912,1827.8675438739376,18.27867543872275,12795.072807118911,12813.351482557637,0
86,HL_to_HH,long,400,401,403,2024-12-04 01:26:00,70.14,70.12,0.019999999999996,2024-12-04 01:51:00,70.18,2024-12-04 01:28:00,70.12,stop,2.0,70.13,70.112,70.148,128.13351482557636,6406.675741280093,-128.13351482557636,12813.351482557637,12685.217967732058,0
87,HL_to_HH,long,406,407,417,2024-12-04 02:17:00,70.15,70.11,0.0400000000000062,2024-12-04 03:31:00,70.14,2024-12-04 02:29:00,70.11,stop,12.0,70.13,70.112,70.148,126.8521796773206,3171.304491932519,-126.8521796773206,12685.217967732058,12558.365788054738,0
88,LH_to_LL,short,411,412,414,2024-12-04 03:00:00,70.09,70.17,0.0799999999999983,2024-12-04 03:18:00,69.99,2024-12-04 03:18:00,69.99,target,18.0,70.13,70.112,70.148,125.58365788054738,1569.7957235068757,156.97957235070095,12558.365788054738,12715.34536040544,0
89,HL_to_HH,long,416,417,423,2024-12-04 03:32:00,70.1,70.0,0.0999999999999943,2024-12-04 04:01:00,70.08,2024-12-04 03:37:00,70.0,stop,5.0,70.13,70.112,70.148,127.1534536040544,1271.534536040616,-127.1534536040544,12715.34536040544,12588.191906801385,0
90,LH_to_LL,short,421,422,426,2024-12-04 03:57:00,69.94,70.05,0.1099999999999994,2024-12-04 04:19:00,69.96,2024-12-04 04:00:00,70.05,stop,3.0,69.95,69.932,69.968,125.88191906801386,1144.3810824364955,-125.88191906801386,12588.191906801385,12462.309987733372,0
91,LH_to_LL,short,425,426,434,2024-12-04 04:20:00,70.0,70.07,0.0699999999999931,2024-12-04 05:17:00,70.31,2024-12-04 04:20:00,70.07,stop,0.0,70.022,70.004,70.04,124.62309987733371,1780.329998247798,-124.62309987733371,12462.309987733372,12337.686887856038,0
92,HL_to_HH,long,428,429,431,2024-12-04 04:33:00,70.05,70.03,0.019999999999996,2024-12-04 05:07:00,70.49,2024-12-04 05:07:00,70.49,target,34.0,70.05799999999999,70.03999999999999,70.076,123.3768688785604,6168.843443929247,2714.291115328854,12337.686887856038,15051.978003184891,0
93,HL_to_HH,long,430,431,435,2024-12-04 05:08:00,70.46,70.04,0.4199999999999875,2024-12-04 05:21:00,70.38,2024-12-04 05:21:00,70.38,target,13.0,70.49,70.472,70.508,150.51978003184894,358.38042864727004,-28.670434291780992,15051.978003184891,15023.307568893111,0
94,HL_to_HH,long,438,439,443,2024-12-04 05:35:00,70.39,70.32,0.0700000000000073,2024-12-04 05:48:00,70.43,2024-12-04 05:48:00,70.43,target,13.0,70.454,70.43599999999999,70.472,150.23307568893114,2146.1867955559323,85.84747182225072,15023.307568893111,15109.155040715365,0
95,HL_to_HH,long,442,443,445,2024-12-04 05:49:00,70.42,70.39,0.0300000000000011,2024-12-04 05:52:00,70.44,2024-12-04 05:49:00,70.39,stop,0.0,70.418,70.4,70.436,151.09155040715365,5036.3850135715975,-151.09155040715365,15109.155040715365,14958.06349030821,0
96,LH_to_LL,short,447,448,450,2024-12-04 06:07:00,70.21,70.28,0.0700000000000073,2024-12-04 06:18:00,70.1,2024-12-04 06:18:00,70.1,target,11.0,70.202,70.184,70.22,149.5806349030821,2136.8662129009476,235.055283419103,14958.06349030821,15193.118773727312,0
97,LH_to_LL,short,449,450,452,2024-12-04 06:19:00,70.13,70.25,0.1200000000000045,2024-12-04 06:33:00,70.04,2024-12-04 06:33:00,70.04,target,14.0,70.13,70.112,70.148,151.93118773727312,1266.0932311438946,113.94839080293684,15193.118773727312,15307.067164530248,0
98,HL_to_HH,long,456,457,463,2024-12-04 06:59:00,70.14,70.05,0.0900000000000034,2024-12-04 07:32:00,70.01,2024-12-04 07:02:00,70.05,stop,3.0,70.13,70.112,70.148,153.0706716453025,1700.7852405032966,-153.0706716453025,15307.067164530248,15153.996492884946,0
99,LH_to_LL,short,451,452,458,2024-12-04 06:45:00,70.12,70.18,0.0600000000000022,2024-12-04 07:15:00,69.85,2024-12-04 07:15:00,69.85,target,30.0,70.13,70.112,70.148,153.0706716453025,2551.177860754945,688.8180224038613,15307.067164530248,15842.814515288806,0
100,LH_to_LL,short,459,460,462,2024-12-04 07:19:00,69.83,69.91,0.0799999999999983,2024-12-04 07:23:00,69.79,2024-12-04 07:23:00,69.79,target,4.0,69.842,69.824,69.86,158.42814515288808,1980.351814411143,79.21407257642997,15842.814515288806,15922.028587865236,0
101,LH_to_LL,short,461,462,470,2024-12-04 07:24:00,69.81,69.84,0.0300000000000011,2024-12-04 08:12:00,70.0,2024-12-04 07:24:00,69.84,stop,0.0,69.806,69.788,69.824,159.22028587865236,5307.342862621545,-159.22028587865236,15922.028587865236,15762.808301986584,0
102,HL_to_HH,long,464,465,467,2024-12-04 07:41:00,70.02,69.97,0.0499999999999971,2024-12-04 07:52:00,70.11,2024-12-04 07:52:00,70.11,target,11.0,70.022,70.004,70.04,157.62808301986584,3152.561660397496,283.7305494357854,15762.808301986584,16046.538851422369,0
103,HL_to_HH,long,466,467,471,2024-12-04 07:56:00,70.06,70.0,0.0600000000000022,2024-12-04 08:21:00,70.15,2024-12-04 07:59:00,70.0,stop,3.0,70.022,70.004,70.04,160.4653885142237,2674.423141903627,-160.4653885142237,16046.538851422369,15886.073462908143,0
104,LH_to_LL,short,469,470,474,2024-12-04 08:13:00,70.02,70.06,0.0400000000000062,2024-12-04 08:35:00,69.95,2024-12-04 08:15:00,70.06,stop,2.0,70.022,70.004,70.04,158.86073462908146,3971.518365726416,-158.86073462908146,15886.073462908143,15727.212728279064,0
105,LH_to_LL,short,473,474,480,2024-12-04 08:36:00,70.01,70.1,0.0899999999999892,2024-12-04 09:01:00,70.22,2024-12-04 08:38:00,70.1,stop,2.0,69.95,69.932,69.968,157.27212728279065,1747.468080920106,-157.27212728279065,15727.212728279064,15569.940600996271,0
106,HL_to_HH,long,476,477,479,2024-12-04 08:51:00,70.24,70.19,0.0499999999999971,2024-12-04 08:58:00,70.27,2024-12-04 08:58:00,70.27,target,7.0,70.202,70.184,70.22,155.69940600996273,3113.9881201994317,93.41964360598648,15569.940600996271,15663.36024460226,0
107,HL_to_HH,long,478,479,481,2024-12-04 08:59:00,70.24,70.22,0.019999999999996,2024-12-04 09:05:00,70.33,2024-12-04 09:00:00,70.22,stop,1.0,70.238,70.22,70.256,156.6336024460226,7831.680122302688,-156.6336024460226,15663.36024460226,15506.726642156236,0
108,HL_to_HH,long,486,487,491,2024-12-04 09:31:00,70.32,70.26,0.059999999999988,2024-12-04 09:48:00,70.29,2024-12-04 09:31:00,70.26,stop,0.0,70.31,70.292,70.328,155.06726642156238,2584.454440359887,-155.06726642156238,15506.726642156236,15351.659375734676,0
109,HL_to_HH,long,490,491,497,2024-12-04 09:51:00,70.23,70.18,0.0499999999999971,2024-12-04 10:12:00,69.91,2024-12-04 09:52:00,70.18,stop,1.0,70.202,70.184,70.22,153.51659375734675,3070.3318751471097,-153.51659375734675,15351.659375734676,15198.142781977327,0
110,LH_to_LL,short,495,496,498,2024-12-04 10:11:00,69.88,69.91,0.0300000000000011,2024-12-04 10:19:00,69.63,2024-12-04 10:11:00,69.91,stop,0.0,69.878,69.86,69.896,151.98142781977327,5066.047593992251,-151.98142781977327,15198.142781977327,15046.161354157552,0
111,LH_to_LL,short,501,502,504,2024-12-04 10:42:00,69.85,69.9,0.0500000000000113,2024-12-04 10:49:00,69.65,2024-12-04 10:43:00,69.9,stop,1.0,69.842,69.824,69.86,150.46161354157553,3009.2322708308266,-150.46161354157553,15046.161354157552,14895.699740615975,0
112,LH_to_LL,short,503,504,510,2024-12-04 10:51:00,69.7,69.88,0.1799999999999926,2024-12-04 11:25:00,69.46,2024-12-04 10:52:00,69.88,stop,1.0,69.842,69.824,69.86,148.9569974061598,827.5388744786994,-148.9569974061598,14895.699740615975,14746.742743209816,0
113,LH_to_LL,short,521,522,528,2024-12-04 12:34:00,69.24,69.34,0.1000000000000085,2024-12-04 13:00:00,68.77,2024-12-04 12:38:00,69.34,stop,4.0,69.23,69.212,69.248,147.4674274320982,1474.674274320856,-147.4674274320982,14746.742743209816,14599.27531577772,0
114,HL_to_HH,long,524,525,527,2024-12-04 12:49:00,69.51,69.33,0.1800000000000068,2024-12-04 12:53:00,69.52,2024-12-04 12:53:00,69.52,target,4.0,69.482,69.464,69.5,145.9927531577772,811.0708508765093,8.110708508757716,14599.27531577772,14607.386024286476,0
115,LH_to_LL,short,531,532,536,2024-12-04 13:18:00,68.68,68.83,0.1499999999999914,2024-12-04 13:35:00,68.59,2024-12-04 13:22:00,68.83,stop,4.0,68.69,68.672,68.708,146.07386024286475,973.8257349524872,-146.07386024286475,14607.386024286476,14461.312164043611,1
116,LH_to_LL,short,535,536,540,2024-12-04 13:36:00,68.72,68.82,0.0999999999999943,2024-12-04 13:47:00,68.56,2024-12-04 13:47:00,68.56,target,11.0,68.69,68.672,68.708,144.6131216404361,1446.1312164044432,231.380994624706,14461.312164043611,14692.693158668317,0
117,LH_to_LL,short,539,540,548,2024-12-04 13:48:00,68.63,68.65,0.0200000000000102,2024-12-04 14:29:00,68.5,2024-12-04 13:53:00,68.65,stop,5.0,68.618,68.6,68.636,146.92693158668317,7346.3465793304,-146.92693158668317,14692.693158668317,14545.766227081633,0
118,HL_to_HH,long,546,547,551,2024-12-04 14:20:00,68.81,68.8,0.0100000000000051,2024-12-04 14:55:00,68.79,2024-12-04 14:20:00,68.8,stop,0.0,68.87,68.852,68.888,145.45766227081634,14545.766227074191,-145.45766227081634,14545.766227081633,14400.308564810815,0
119,HL_to_HH,long,562,563,569,2024-12-04 19:45:00,68.77,68.71,0.0600000000000022,2024-12-04 21:01:00,68.7,2024-12-04 20:02:00,68.71,stop,17.0,68.762,68.744,68.78,144.00308564810817,2400.0514274683787,-144.00308564810817,14400.308564810815,14256.30547916271,0
120,LH_to_LL,short,557,558,564,2024-12-04 16:47:00,68.67,68.85,0.1799999999999926,2024-12-04 20:19:00,68.67,2024-12-04 20:19:00,68.67,target,212.0,68.69,68.672,68.708,144.00308564810817,800.0171424895227,-0.0,14400.308564810815,14256.30547916271,0
121,LH_to_LL,short,565,566,570,2024-12-04 20:37:00,68.67,68.71,0.039999999999992,2024-12-04 21:06:00,68.6,2024-12-04 21:06:00,68.6,target,29.0,68.69,68.672,68.708,142.56305479162708,3564.0763697913862,249.48534588542336,14256.30547916271,14505.790825048132,0
122,HL_to_HH,long,572,573,577,2024-12-04 21:25:00,68.67,68.59,0.0799999999999983,2024-12-04 23:06:00,68.62,2024-12-04 21:29:00,68.59,stop,4.0,68.69,68.672,68.708,145.05790825048132,1813.2238531310552,-145.05790825048132,14505.790825048132,14360.732916797651,0
123,LH_to_LL,short,575,576,580,2024-12-04 22:24:00,68.5,68.62,0.1200000000000045,2024-12-05 00:18:00,68.53,2024-12-04 22:40:00,68.62,stop,16.0,68.51,68.492,68.528,143.60732916797653,1196.7277430664258,-143.60732916797653,14360.732916797651,14217.125587629676,0
124,LH_to_LL,short,581,582,584,2024-12-05 00:55:00,68.51,68.58,0.0699999999999931,2024-12-05 01:07:00,68.48,2024-12-05 01:07:00,68.48,target,12.0,68.51,68.492,68.528,142.17125587629675,2031.0179410901517,60.93053823270685,14217.125587629676,14278.056125862382,0
125,LH_to_LL,short,583,584,586,2024-12-05 01:09:00,68.51,68.54,0.0300000000000011,2024-12-05 01:29:00,68.47,2024-12-05 01:29:00,68.47,target,20.0,68.51,68.492,68.528,142.78056125862383,4759.352041953947,190.37408167818765,14278.056125862382,14468.43020754057,0
126,LH_to_LL,short,585,586,590,2024-12-05 01:33:00,68.5,68.52,0.019999999999996,2024-12-05 02:44:00,68.46,2024-12-05 01:41:00,68.52,stop,8.0,68.51,68.492,68.528,144.6843020754057,7234.215103771724,-144.6843020754057,14468.43020754057,14323.745905465164,0
127,LH_to_LL,short,589,590,604,2024-12-05 02:45:00,68.5,68.66,0.1599999999999966,2024-12-05 03:54:00,68.69,2024-12-05 03:15:00,68.66,stop,30.0,68.51,68.492,68.528,143.23745905465165,895.2341190915919,-143.23745905465165,14323.745905465164,14180.508446410511,0
128,HL_to_HH,long,600,601,603,2024-12-05 03:40:00,68.75,68.71,0.0400000000000062,2024-12-05 03:43:00,68.81,2024-12-05 03:43:00,68.81,target,3.0,68.762,68.744,68.78,141.80508446410514,3545.1271116020744,212.7076266961325,14180.508446410511,14393.216073106643,0
129,LH_to_LL,short,605,606,610,2024-12-05 04:06:00,68.69,68.79,0.1000000000000085,2024-12-05 04:24:00,68.69,2024-12-05 04:24:00,68.69,target,18.0,68.69,68.672,68.708,143.93216073106646,1439.3216073105418,-0.0,14393.216073106643,14393.216073106643,0
130,LH_to_LL,short,609,610,612,2024-12-05 04:25:00,68.7,68.73,0.0300000000000011,2024-12-05 04:32:00,68.67,2024-12-05 04:29:00,68.73,stop,4.0,68.69,68.672,68.708,143.93216073106646,4797.738691035367,-143.93216073106646,14393.216073106643,14249.283912375578,0
131,LH_to_LL,short,617,618,620,2024-12-05 05:09:00,68.83,68.94,0.1099999999999994,2024-12-05 05:12:00,68.73,2024-12-05 05:12:00,68.73,target,3.0,68.87,68.852,68.888,142.4928391237558,1295.389446579605,129.53894465795312,14249.283912375578,14378.822857033532,0
132,LH_to_LL,short,619,620,626,2024-12-05 05:13:00,68.76,68.84,0.0799999999999983,2024-12-05 05:51:00,68.71,2024-12-05 05:17:00,68.84,stop,4.0,68.762,68.744,68.78,143.78822857033532,1797.3528571292295,-143.78822857033532,14378.822857033532,14235.034628463198,0
133,HL_to_HH,long,614,615,623,2024-12-05 04:47:00,68.96,68.67,0.289999999999992,2024-12-05 05:25:00,68.92,2024-12-05 05:25:00,68.92,target,38.0,68.97800000000001,68.96000000000001,68.99600000000001,142.4928391237558,491.35461766813694,-19.65418470672157,14249.283912375578,14215.380443756476,0
134,HL_to_HH,long,624,625,629,2024-12-05 05:41:00,68.92,68.77,0.1500000000000056,2024-12-05 06:07:00,68.91,2024-12-05 05:46:00,68.77,stop,5.0,68.94200000000001,68.924,68.96000000000001,142.15380443756476,947.6920295837292,-142.15380443756476,14215.380443756476,14073.226639318911,0
135,HL_to_HH,long,628,629,631,2024-12-05 06:08:00,68.9,68.79,0.1099999999999994,2024-12-05 06:22:00,69.0,2024-12-05 06:22:00,69.0,target,14.0,68.87,68.852,68.888,140.73226639318912,1279.3842399380894,127.93842399380168,14073.226639318911,14201.165063312712,0
136,HL_to_HH,long,630,631,633,2024-12-05 06:23:00,69.0,68.87,0.1299999999999954,2024-12-05 06:34:00,69.05,2024-12-05 06:34:00,69.05,target,11.0,68.97800000000001,68.96000000000001,68.99600000000001,142.01165063312712,1092.3973125625546,54.61986562812462,14201.165063312712,14255.784928940837,0
137,HL_to_HH,long,632,633,643,2024-12-05 06:35:00,69.03,68.96,0.0700000000000073,2024-12-05 07:01:00,68.18,2024-12-05 06:38:00,68.96,stop,3.0,69.05,69.032,69.068,142.55784928940838,2036.5407041341905,-142.55784928940838,14255.784928940837,14113.227079651428,0
138,LH_to_LL,short,635,636,638,2024-12-05 06:49:00,68.24,68.35,0.1099999999999994,2024-12-05 06:53:00,68.16,2024-12-05 06:49:00,68.35,stop,0.0,68.25800000000001,68.24000000000001,68.27600000000001,141.1322707965143,1283.020643604682,-141.1322707965143,14113.227079651428,13972.094808854914,1
139,LH_to_LL,short,637,638,640,2024-12-05 06:55:00,68.13,68.32,0.1899999999999977,2024-12-05 06:57:00,68.02,2024-12-05 06:57:00,68.02,target,2.0,68.25800000000001,68.24000000000001,68.27600000000001,139.72094808854914,735.3734109923727,80.89107520916058,13972.094808854914,14052.985884064074,1
140,LH_to_LL,short,639,640,644,2024-12-05 06:58:00,68.05,68.21,0.1599999999999966,2024-12-05 07:03:00,68.02,2024-12-05 06:58:00,68.21,stop,0.0,68.15,68.132,68.168,140.52985884064074,878.3116177540234,-140.52985884064074,14052.985884064074,13912.456025223431,1
141,HL_to_HH,long,650,651,653,2024-12-05 07:29:00,68.69,68.55,0.1400000000000005,2024-12-05 07:30:00,68.75,2024-12-05 07:30:00,68.75,target,1.0,68.69,68.672,68.708,139.12456025223435,993.746858944527,59.62481153667388,13912.456025223431,13972.080836760108,0
142,LH_to_LL,short,657,658,660,2024-12-05 07:55:00,68.58,68.68,0.1000000000000085,2024-12-05 07:59:00,68.5,2024-12-05 07:59:00,68.5,target,4.0,68.618,68.6,68.636,139.72080836760108,1397.2080836758917,111.77664669406896,13972.080836760108,14083.857483454176,0
143,LH_to_LL,short,659,660,664,2024-12-05 08:00:00,68.51,68.58,0.0699999999999931,2024-12-05 08:23:00,68.5,2024-12-05 08:01:00,68.58,stop,1.0,68.51,68.492,68.528,140.83857483454176,2011.97964049365,-140.83857483454176,14083.857483454176,13943.018908619631,0
144,HL_to_HH,long,668,669,673,2024-12-05 08:59:00,69.05,68.67,0.3799999999999954,2024-12-05 09:10:00,69.05,2024-12-05 09:10:00,69.05,target,11.0,69.05,69.032,69.068,139.43018908619635,366.92155022683687,0.0,13943.018908619631,13943.018908619631,0
145,HL_to_HH,long,676,677,679,2024-12-05 09:25:00,68.88,68.8,0.0799999999999983,2024-12-05 09:34:00,68.96,2024-12-05 09:26:00,68.8,stop,1.0,68.87,68.852,68.888,139.43018908619635,1742.8773635774917,-139.43018908619635,13943.018908619631,13803.588719533436,0
146,HL_to_HH,long,678,679,681,2024-12-05 09:35:00,68.9,68.82,0.0800000000000125,2024-12-05 09:38:00,68.99,2024-12-05 09:38:00,68.99,target,3.0,68.94200000000001,68.924,68.96000000000001,138.03588719533437,1725.44858994141,155.29037309470826,13803.588719533436,13958.879092628144,0
147,HL_to_HH,long,680,681,683,2024-12-05 09:39:00,68.92,68.87,0.0499999999999971,2024-12-05 09:54:00,69.07,2024-12-05 09:40:00,68.87,stop,1.0,68.97800000000001,68.96000000000001,68.99600000000001,139.58879092628146,2791.775818525788,-139.58879092628146,13958.879092628144,13819.290301701863,0
148,HL_to_HH,long,684,685,697,2024-12-05 09:59:00,69.07,69.03,0.039999999999992,2024-12-05 10:56:00,68.93,2024-12-05 10:00:00,69.03,stop,1.0,69.05,69.032,69.068,138.19290301701864,3454.8225754261534,-138.19290301701864,13819.290301701863,13681.097398684844,0
149,LH_to_LL,short,687,688,692,2024-12-05 10:22:00,68.78,68.94,0.1599999999999966,2024-12-05 10:38:00,68.64,2024-12-05 10:38:00,68.64,target,16.0,68.762,68.744,68.78,136.81097398684844,855.0685874178209,119.70960223849542,13681.097398684844,13800.80700092334,0
150,LH_to_LL,short,691,692,694,2024-12-05 10:39:00,68.66,68.82,0.1599999999999966,2024-12-05 10:44:00,68.52,2024-12-05 10:44:00,68.52,target,5.0,68.69,68.672,68.708,138.0080700092334,862.550437557727,120.75706125808227,13800.80700092334,13921.564062181422,0
151,LH_to_LL,short,693,694,700,2024-12-05 10:45:00,68.57,68.71,0.1400000000000005,2024-12-05 11:08:00,68.71,2024-12-05 10:46:00,68.71,stop,1.0,68.51,68.492,68.528,139.21564062181423,994.3974330129548,-139.21564062181423,13921.564062181422,13782.348421559607,0
152,LH_to_LL,short,699,700,702,2024-12-05 11:09:00,68.72,68.78,0.0600000000000022,2024-12-05 11:28:00,68.27,2024-12-05 11:09:00,68.78,stop,0.0,68.762,68.744,68.78,137.82348421559607,2297.058070259847,-137.82348421559607,13782.348421559607,13644.524937344013,0
153,LH_to_LL,short,701,702,704,2024-12-05 11:30:00,68.32,68.77,0.4500000000000028,2024-12-05 11:34:00,68.26,2024-12-05 11:34:00,68.26,target,4.0,68.402,68.384,68.42,136.4452493734401,303.21166527430944,18.192699916454945,13644.524937344013,13662.717637260466,1
154,LH_to_LL,short,703,704,706,2024-12-05 11:36:00,68.29,68.39,0.0999999999999943,2024-12-05 11:37:00,68.23,2024-12-05 11:37:00,68.23,target,1.0,68.33,68.312,68.348,136.62717637260468,1366.2717637261244,81.97630582357057,13662.717637260466,13744.693943084038,0
155,HL_to_HH,long,710,711,717,2024-12-05 12:00:00,68.53,68.47,0.0600000000000022,2024-12-05 12:23:00,68.48,2024-12-05 12:01:00,68.47,stop,1.0,68.51,68.492,68.528,137.4469394308404,2290.782323847253,-137.4469394308404,13744.693943084038,13607.247003653198,0
156,LH_to_LL,short,715,716,718,2024-12-05 12:22:00,68.46,68.48,0.0200000000000102,2024-12-05 12:32:00,68.29,2024-12-05 12:22:00,68.48,stop,0.0,68.474,68.456,68.492,136.07247003653197,6803.623501823117,-136.07247003653197,13607.247003653198,13471.174533616666,0
157,LH_to_LL,short,719,720,722,2024-12-05 12:47:00,68.27,68.42,0.1500000000000056,2024-12-05 13:03:00,68.21,2024-12-05 13:03:00,68.21,target,16.0,68.25800000000001,68.24000000000001,68.27600000000001,134.71174533616667,898.0783022410772,53.884698134466674,13471.174533616666,13525.059231751133,0
158,LH_to_LL,short,721,722,734,2024-12-05 13:05:00,68.25,68.34,0.0900000000000034,2024-12-05 14:11:00,68.36,2024-12-05 13:07:00,68.34,stop,2.0,68.25800000000001,68.24000000000001,68.27600000000001,135.25059231751132,1502.7843590834025,-135.25059231751132,13525.059231751133,13389.80863943362,0
159,HL_to_HH,long,724,725,727,2024-12-05 13:20:00,68.42,68.28,0.1400000000000005,2024-12-05 13:24:00,68.47,2024-12-05 13:24:00,68.47,target,4.0,68.402,68.384,68.42,133.89808639433622,956.4149028166834,47.82074514083145,13389.80863943362,13437.629384574451,0
160,HL_to_HH,long,726,727,729,2024-12-05 13:26:00,68.41,68.38,0.0300000000000011,2024-12-05 13:35:00,68.49,2024-12-05 13:35:00,68.49,target,9.0,68.402,68.384,68.42,134.37629384574453,4479.209794857981,358.33678358863085,13437.629384574451,13795.966168163082,0
161,HL_to_HH,long,728,729,731,2024-12-05 13:36:00,68.45,68.41,0.0400000000000062,2024-12-05 13:43:00,68.7,2024-12-05 13:43:00,68.7,target,7.0,68.474,68.456,68.492,137.95966168163082,3448.9915420402313,862.2478855100578,13795.966168163082,14658.21405367314,0
162,HL_to_HH,long,730,731,737,2024-12-05 13:56:00,68.57,68.43,0.1399999999999863,2024-12-05 14:48:00,68.6,2024-12-05 14:05:00,68.43,stop,9.0,68.51,68.492,68.528,146.5821405367314,1047.0152895481835,-146.5821405367314,14658.21405367314,14511.631913136407,0
163,LH_to_LL,short,733,734,736,2024-12-05 14:13:00,68.42,68.58,0.1599999999999966,2024-12-05 14:29:00,68.28,2024-12-05 14:29:00,68.28,target,16.0,68.402,68.384,68.42,145.1163191313641,906.9769945710448,126.9767792399468,14511.631913136407,14638.608692376356,0
164,HL_to_HH,long,738,739,743,2024-12-05 15:13:00,68.64,68.52,0.1200000000000045,2024-12-05 16:22:00,68.51,2024-12-05 15:19:00,68.52,stop,6.0,68.618,68.6,68.636,146.38608692376357,1219.8840576979835,-146.38608692376357,14638.608692376356,14492.222605452593,0
165,LH_to_LL,short,741,742,744,2024-12-05 16:06:00,68.48,68.52,0.039999999999992,2024-12-05 16:45:00,68.4,2024-12-05 16:20:00,68.52,stop,14.0,68.51,68.492,68.528,144.92222605452594,3623.0556513638694,-144.92222605452594,14492.222605452593,14347.300379398066,0
166,LH_to_LL,short,747,748,754,2024-12-05 18:11:00,68.41,68.45,0.0400000000000062,2024-12-05 19:13:00,68.41,2024-12-05 18:20:00,68.45,stop,9.0,68.402,68.384,68.42,143.47300379398067,3586.825094848956,-143.47300379398067,14347.300379398066,14203.827375604083,1
167,HL_to_HH,long,750,751,753,2024-12-05 18:49:00,68.42,68.38,0.0400000000000062,2024-12-05 19:03:00,68.47,2024-12-05 19:03:00,68.47,target,14.0,68.402,68.384,68.42,142.0382737560409,3550.9568439004665,177.54784219501323,14203.827375604083,14381.3752177991,0
168,HL_to_HH,long,752,753,761,2024-12-05 19:04:00,68.45,68.41,0.0400000000000062,2024-12-05 21:45:00,68.21,2024-12-05 19:08:00,68.41,stop,4.0,68.474,68.456,68.492,143.813752177991,3595.343804449213,-143.813752177991,14381.3752177991,14237.561465621107,0
169,HL_to_HH,long,762,763,765,2024-12-05 22:05:00,68.27,68.16,0.1099999999999994,2024-12-05 22:15:00,68.28,2024-12-05 22:15:00,68.28,target,10.0,68.25800000000001,68.24000000000001,68.27600000000001,142.37561465621107,1294.3237696019255,12.943237696025877,14237.561465621107,14250.504703317134,0
170,HL_to_HH,long,768,769,771,2024-12-05 22:54:00,68.33,68.26,0.0699999999999931,2024-12-05 23:49:00,68.34,2024-12-05 23:25:00,68.26,stop,31.0,68.33,68.312,68.348,142.50504703317134,2035.7863861883604,-142.50504703317134,14250.504703317134,14107.999656283962,0
171,HL_to_HH,long,772,773,775,2024-12-06 00:01:00,68.33,68.3,0.0300000000000011,2024-12-06 00:04:00,68.35,2024-12-06 00:03:00,68.3,stop,2.0,68.33,68.312,68.348,141.07999656283965,4702.666552094476,-141.07999656283965,14107.999656283962,13966.919659721125,0
172,HL_to_HH,long,774,775,779,2024-12-06 00:05:00,68.34,68.31,0.0300000000000011,2024-12-06 01:21:00,68.39,2024-12-06 00:07:00,68.31,stop,2.0,68.33,68.312,68.348,139.66919659721125,4655.639886573531,-139.66919659721125,13966.919659721125,13827.250463123912,0
173,LH_to_LL,short,781,782,784,2024-12-06 02:18:00,68.15,68.27,0.1199999999999903,2024-12-06 02:39:00,68.09,2024-12-06 02:39:00,68.09,target,21.0,68.15,68.132,68.168,138.27250463123912,1152.2708719270854,69.13625231562774,13827.250463123912,13896.38671543954,0
174,LH_to_LL,short,783,784,786,2024-12-06 02:40:00,68.12,68.18,0.0600000000000022,2024-12-06 02:54:00,68.06,2024-12-06 02:54:00,68.06,target,14.0,68.15,68.132,68.168,138.9638671543954,2316.0644525731686,138.9638671543954,13896.38671543954,14035.350582593936,0
175,LH_to_LL,short,785,786,794,2024-12-06 02:55:00,68.09,68.12,0.0300000000000011,2024-12-06 03:48:00,68.03,2024-12-06 03:01:00,68.12,stop,6.0,68.078,68.06,68.096,140.35350582593935,4678.4501941978015,-140.35350582593935,14035.350582593936,13894.997076767995,0
176,HL_to_HH,long,788,789,791,2024-12-06 03:19:00,68.24,68.17,0.0699999999999931,2024-12-06 03:34:00,68.37,2024-12-06 03:34:00,68.37,target,15.0,68.25800000000001,68.24000000000001,68.27600000000001,138.94997076768,1984.9995823956217,258.04994571145,13894.997076767995,14153.047022479446,0
177,HL_to_HH,long,790,791,799,2024-12-06 03:41:00,68.27,68.22,0.0499999999999971,2024-12-06 04:09:00,68.21,2024-12-06 03:44:00,68.22,stop,3.0,68.25800000000001,68.24000000000001,68.27600000000001,141.53047022479447,2830.6094044960505,-141.53047022479447,14153.047022479446,14011.516552254652,0
178,LH_to_LL,short,793,794,796,2024-12-06 03:52:00,68.14,68.36,0.2199999999999988,2024-12-06 03:57:00,68.02,2024-12-06 03:57:00,68.02,target,5.0,68.15,68.132,68.168,140.11516552254653,636.8871160115784,76.42645392139231,14011.516552254652,14087.943006176043,0
179,LH_to_LL,short,795,796,798,2024-12-06 03:58:00,68.1,68.14,0.0400000000000062,2024-12-06 04:02:00,67.99,2024-12-06 04:02:00,67.99,target,4.0,68.042,68.024,68.06,140.87943006176044,3521.9857515434605,387.41843266977867,14087.943006176043,14475.361438845825,0
180,LH_to_LL,short,797,798,802,2024-12-06 04:03:00,68.03,68.1,0.0699999999999931,2024-12-06 04:21:00,67.97,2024-12-06 04:05:00,68.1,stop,2.0,68.006,67.988,68.024,144.75361438845823,2067.9087769781763,-144.75361438845823,14475.361438845825,14330.607824457364,0
181,LH_to_LL,short,801,802,806,2024-12-06 04:22:00,67.99,68.06,0.0700000000000073,2024-12-06 04:46:00,67.97,2024-12-06 04:27:00,68.06,stop,5.0,67.97,67.952,67.988,143.30607824457363,2047.2296892079785,-143.30607824457363,14330.607824457364,14187.30174621279,0
182,LH_to_LL,short,805,806,810,2024-12-06 04:47:00,67.98,68.04,0.0600000000000022,2024-12-06 05:06:00,67.93,2024-12-06 04:48:00,68.04,stop,1.0,67.97,67.952,67.988,141.8730174621279,2364.5502910353753,-141.8730174621279,14187.30174621279,14045.42872875066,0
183,LH_to_LL,short,809,810,812,2024-12-06 05:07:00,68.0,68.1,0.0999999999999943,2024-12-06 05:15:00,67.86,2024-12-06 05:15:00,67.86,target,8.0,67.97,67.952,67.988,140.45428728750662,1404.542872875146,196.63600220252124,14045.42872875066,14242.064730953183,0
184,LH_to_LL,short,811,812,818,2024-12-06 05:16:00,67.92,67.99,0.0699999999999931,2024-12-06 05:52:00,67.75,2024-12-06 05:52:00,67.75,target,36.0,67.898,67.88,67.916,142.42064730953183,2034.580675850653,345.87871489461446,14242.064730953183,14587.943445847795,0
185,LH_to_LL,short,817,818,820,2024-12-06 05:53:00,67.79,67.96,0.1699999999999875,2024-12-06 06:03:00,67.56,2024-12-06 06:03:00,67.56,target,10.0,67.79,67.772,67.808,145.879434458478,858.1143203440513,197.3662936791352,14587.943445847795,14785.309739526932,0
186,HL_to_HH,long,826,827,831,2024-12-06 06:42:00,67.7,67.59,0.1099999999999994,2024-12-06 07:04:00,67.62,2024-12-06 06:49:00,67.59,stop,7.0,67.682,67.664,67.7,147.85309739526932,1344.119067229728,-147.85309739526932,14785.309739526932,14637.456642131663,1
187,HL_to_HH,long,834,835,837,2024-12-06 07:30:00,67.79,67.58,0.2100000000000079,2024-12-06 07:39:00,67.83,2024-12-06 07:39:00,67.83,target,9.0,67.79,67.772,67.808,146.37456642131664,697.0217448633862,27.8808697945299,14637.456642131663,14665.337511926193,1
188,HL_to_HH,long,836,837,839,2024-12-06 07:42:00,67.8,67.73,0.0699999999999931,2024-12-06 07:43:00,67.82,2024-12-06 07:43:00,67.82,target,1.0,67.79,67.772,67.808,146.65337511926194,2095.0482159896605,41.90096431978488,14665.337511926193,14707.238476245975,0
189,HL_to_HH,long,842,843,845,2024-12-06 08:24:00,67.66,67.57,0.0900000000000034,2024-12-06 08:29:00,67.71,2024-12-06 08:29:00,67.71,target,5.0,67.682,67.664,67.7,147.07238476245976,1634.1376084717133,81.70688042358103,14707.238476245975,14788.945356669556,1
190,HL_to_HH,long,844,845,849,2024-12-06 08:30:00,67.68,67.64,0.0400000000000062,2024-12-06 08:39:00,67.7,2024-12-06 08:30:00,67.64,stop,0.0,67.682,67.664,67.7,147.88945356669558,3697.2363391668114,-147.88945356669558,14788.945356669556,14641.055903102862,1
191,HL_to_HH,long,848,849,853,2024-12-06 08:40:00,67.68,67.62,0.0600000000000022,2024-12-06 08:55:00,67.65,2024-12-06 08:40:00,67.62,stop,0.0,67.682,67.664,67.7,146.41055903102864,2440.175983850385,-146.41055903102864,14641.055903102862,14494.645344071834,1
192,LH_to_LL,short,865,866,870,2024-12-06 09:44:00,67.33,67.34,0.0100000000000051,2024-12-06 09:55:00,67.32,2024-12-06 09:44:00,67.34,stop,0.0,67.286,67.268,67.304,144.94645344071836,14494.64534406442,-144.94645344071836,14494.645344071834,14349.698890631116,1
193,LH_to_LL,short,871,872,874,2024-12-06 10:00:00,67.35,67.37,0.0200000000000102,2024-12-06 10:06:00,67.21,2024-12-06 10:00:00,67.37,stop,0.0,67.358,67.34,67.376,143.49698890631117,7174.849445311888,-143.49698890631117,14349.698890631116,14206.201901724806,1
194,LH_to_LL,short,877,878,880,2024-12-06 10:15:00,67.12,67.2,0.0799999999999983,2024-12-06 10:23:00,67.1,2024-12-06 10:16:00,67.2,stop,1.0,67.14200000000001,67.12400000000001,67.16000000000001,142.06201901724805,1775.7752377156385,-142.06201901724805,14206.201901724806,14064.139882707555,1
195,LH_to_LL,short,881,882,890,2024-12-06 10:32:00,67.05,67.14,0.0900000000000034,2024-12-06 11:24:00,67.28,2024-12-06 10:36:00,67.14,stop,4.0,67.034,67.016,67.052,140.64139882707556,1562.6822091896693,-140.64139882707556,14064.139882707555,13923.49848388048,1
196,HL_to_HH,long,886,887,891,2024-12-06 11:12:00,67.38,67.16,0.2199999999999988,2024-12-06 11:27:00,67.47,2024-12-06 11:27:00,67.47,target,15.0,67.25,67.232,67.268,139.23498483880482,632.8862947218433,56.95976652496806,13923.49848388048,13980.458250405449,1
197,LH_to_LL,short,893,894,906,2024-12-06 11:37:00,67.27,67.44,0.1700000000000017,2024-12-06 12:35:00,67.35,2024-12-06 11:57:00,67.44,stop,20.0,67.25,67.232,67.268,139.80458250405448,822.3798970826651,-139.80458250405448,13980.458250405449,13840.653667901392,1
198,HL_to_HH,long,900,901,905,2024-12-06 12:09:00,67.47,67.41,0.0600000000000022,2024-12-06 12:24:00,67.51,2024-12-06 12:09:00,67.41,stop,0.0,67.43,67.412,67.44800000000001,138.40653667901393,2306.775611316811,-138.40653667901393,13840.653667901392,13702.24713122238,1
199,HL_to_HH,long,904,905,909,2024-12-06 12:25:00,67.46,67.43,0.0299999999999869,2024-12-06 12:51:00,67.45,2024-12-06 12:27:00,67.43,stop,2.0,67.50200000000001,67.48400000000001,67.52000000000001,137.0224713122238,4567.41571040945,-137.0224713122238,13702.24713122238,13565.224659910156,1
200,LH_to_LL,short,907,908,918,2024-12-06 12:46:00,67.38,67.43,0.0500000000000113,2024-12-06 13:22:00,67.44,2024-12-06 12:48:00,67.43,stop,2.0,67.358,67.34,67.376,135.65224659910157,2713.044931981414,-135.65224659910157,13565.224659910156,13429.572413311053,1
201,HL_to_HH,long,910,911,913,2024-12-06 13:00:00,67.43,67.4,0.0300000000000011,2024-12-06 13:09:00,67.5,2024-12-06 13:09:00,67.5,target,9.0,67.43,67.412,67.44800000000001,134.29572413311053,4476.524137770181,313.3566896438822,13429.572413311053,13742.929102954937,1
202,HL_to_HH,long,912,913,915,2024-12-06 13:11:00,67.45,67.43,0.019999999999996,2024-12-06 13:14:00,67.5,2024-12-06 13:13:00,67.43,stop,2.0,67.43,67.412,67.44800000000001,137.42929102954935,6871.464551478834,-137.42929102954935,13742.929102954937,13605.499811925383,1
203,HL_to_HH,long,914,915,917,2024-12-06 13:15:00,67.45,67.44,0.0100000000000051,2024-12-06 13:17:00,67.51,2024-12-06 13:17:00,67.51,target,2.0,67.46600000000001,67.44800000000001,67.48400000000001,136.05499811925387,13605.499811918426,816.3299887151366,13605.499811925383,14421.829800640522,1
204,HL_to_HH,long,916,917,919,2024-12-06 13:18:00,67.48,67.46,0.0200000000000102,2024-12-06 13:27:00,67.51,2024-12-06 13:18:00,67.46,stop,0.0,67.46600000000001,67.44800000000001,67.48400000000001,144.21829800640523,7210.914900316573,-144.21829800640523,14421.829800640522,14277.611502634118,1
205,HL_to_HH,long,922,923,937,2024-12-06 13:57:00,67.65,67.61,0.0400000000000062,2024-12-06 15:56:00,67.19,2024-12-06 13:58:00,67.61,stop,1.0,67.646,67.628,67.664,142.7761150263412,3569.402875657972,-142.7761150263412,14277.611502634118,14134.835387607776,1
206,LH_to_LL,short,927,928,930,2024-12-06 14:17:00,67.41,67.49,0.0799999999999983,2024-12-06 14:22:00,67.35,2024-12-06 14:22:00,67.35,target,5.0,67.43,67.412,67.44800000000001,141.34835387607777,1766.8544234510098,106.0112654070646,14134.835387607776,14240.846653014842,1
207,LH_to_LL,short,929,930,932,2024-12-06 14:23:00,67.37,67.43,0.0600000000000022,2024-12-06 14:34:00,67.12,2024-12-06 14:34:00,67.12,target,11.0,67.358,67.34,67.376,142.40846653014842,2373.4744421690502,593.3686105422626,14240.846653014842,14834.215263557104,1
208,LH_to_LL,short,933,934,940,2024-12-06 14:59:00,67.08,67.19,0.1099999999999994,2024-12-08 18:01:00,67.11,2024-12-06 15:46:00,67.19,stop,47.0,67.07000000000001,67.052,67.08800000000001,148.34215263557104,1348.5650239597437,-148.34215263557104,14834.215263557104,14685.873110921531,1
209,HL_to_HH,long,962,963,967,2024-12-09 00:01:00,67.52,67.48,0.039999999999992,2024-12-09 00:25:00,67.62,2024-12-09 00:25:00,67.62,target,24.0,67.50200000000001,67.48400000000001,67.52000000000001,146.85873110921534,3671.468277731114,367.1468277731427,14685.873110921531,15053.019938694675,1
210,HL_to_HH,long,966,967,969,2024-12-09 00:31:00,67.6,67.45,0.1499999999999914,2024-12-09 01:12:00,67.63,2024-12-09 01:12:00,67.63,target,41.0,67.53800000000001,67.52000000000001,67.55600000000001,150.53019938694675,1003.534662579702,30.1060398773922,15053.019938694675,15083.125978572069,1
211,HL_to_HH,long,968,969,971,2024-12-09 01:15:00,67.6,67.56,0.039999999999992,2024-12-09 02:00:00,67.62,2024-12-09 01:29:00,67.56,stop,14.0,67.574,67.556,67.592,150.83125978572068,3770.781494643767,-150.83125978572068,15083.125978572069,14932.294718786346,1
212,HL_to_HH,long,976,977,983,2024-12-09 03:29:00,68.16,68.15,0.0099999999999909,2024-12-09 03:56:00,68.2,2024-12-09 03:29:00,68.15,stop,0.0,68.15,68.132,68.168,149.32294718786346,14932.294718799929,-149.32294718786346,14932.294718786346,14782.971771598484,0
213,HL_to_HH,long,984,985,991,2024-12-09 04:00:00,68.18,68.16,0.0200000000000102,2024-12-09 04:26:00,68.05,2024-12-09 04:00:00,68.16,stop,0.0,68.186,68.168,68.20400000000001,147.82971771598483,7391.48588579546,-147.82971771598483,14782.971771598484,14635.142053882497,0
214,LH_to_LL,short,987,988,994,2024-12-09 04:19:00,68.04,68.14,0.0999999999999943,2024-12-09 04:42:00,67.96,2024-12-09 04:42:00,67.96,target,23.0,67.97,67.952,67.988,146.35142053882498,1463.514205388333,117.08113643108494,14635.142053882497,14752.223190313582,0
215,HL_to_HH,long,998,999,1003,2024-12-09 05:13:00,68.06,68.01,0.0499999999999971,2024-12-09 05:27:00,68.11,2024-12-09 05:17:00,68.01,stop,4.0,68.042,68.024,68.06,147.52223190313583,2950.444638062884,-147.52223190313583,14752.223190313582,14604.700958410443,0
216,HL_to_HH,long,1002,1003,1007,2024-12-09 05:29:00,68.1,68.05,0.0499999999999971,2024-12-09 06:19:00,68.18,2024-12-09 05:31:00,68.05,stop,2.0,68.078,68.06,68.096,146.04700958410444,2920.940191682255,-146.04700958410444,14604.700958410443,14458.65394882634,0
217,LH_to_LL,short,1005,1006,1010,2024-12-09 05:57:00,67.96,68.0,0.0400000000000062,2024-12-09 06:40:00,68.05,2024-12-09 06:04:00,68.0,stop,7.0,67.97,67.952,67.988,144.5865394882634,3614.663487206021,-144.5865394882634,14458.65394882634,14314.067409338077,0
218,LH_to_LL,short,1011,1012,1016,2024-12-09 06:45:00,68.06,68.09,0.0300000000000011,2024-12-09 07:14:00,68.03,2024-12-09 06:45:00,68.09,stop,0.0,68.042,68.024,68.06,143.14067409338077,4771.355803112511,-143.14067409338077,14314.067409338077,14170.926735244697,0
219,LH_to_LL,short,1015,1016,1018,2024-12-09 07:15:00,68.04,68.11,0.0699999999999931,2024-12-09 07:25:00,68.0,2024-12-09 07:20:00,68.11,stop,5.0,68.042,68.024,68.06,141.70926735244694,2024.4181050351535,-141.70926735244694,14170.926735244697,14029.217467892247,0
220,LH_to_LL,short,1017,1018,1022,2024-12-09 07:26:00,68.03,68.1,0.0699999999999931,2024-12-09 07:55:00,67.98,2024-12-09 07:28:00,68.1,stop,2.0,68.006,67.988,68.024,140.29217467892246,2004.1739239848016,-140.29217467892246,14029.217467892247,13888.925293213326,0
221,HL_to_HH,long,1024,1025,1027,2024-12-09 08:07:00,68.1,68.08,0.019999999999996,2024-12-09 08:19:00,68.21,2024-12-09 08:07:00,68.08,stop,0.0,68.114,68.096,68.132,138.88925293213327,6944.462646608045,-138.88925293213327,13888.925293213326,13750.036040281191,0
222,LH_to_LL,short,1039,1040,1042,2024-12-09 09:35:00,68.23,68.24,0.0099999999999909,2024-12-09 09:40:00,68.09,2024-12-09 09:35:00,68.24,stop,0.0,68.15,68.132,68.168,137.50036040281194,13750.0360402937,-137.50036040281194,13750.036040281191,13612.53567987838,0
223,HL_to_HH,long,1046,1047,1049,2024-12-09 10:01:00,68.42,68.36,0.0600000000000022,2024-12-09 10:16:00,68.71,2024-12-09 10:16:00,68.71,target,15.0,68.402,68.384,68.42,136.12535679878383,2268.7559466463113,657.9392245274122,13612.53567987838,14270.474904405792,0
224,HL_to_HH,long,1052,1053,1057,2024-12-09 10:44:00,68.88,68.78,0.0999999999999943,2024-12-09 11:06:00,68.69,2024-12-09 10:51:00,68.78,stop,7.0,68.87,68.852,68.888,142.70474904405793,1427.0474904406606,-142.70474904405793,14270.474904405792,14127.770155361735,0
225,LH_to_LL,short,1055,1056,1060,2024-12-09 11:04:00,68.64,68.65,0.0100000000000051,2024-12-09 11:16:00,68.64,2024-12-09 11:05:00,68.65,stop,1.0,68.618,68.6,68.636,141.27770155361736,14127.770155354508,-141.27770155361736,14127.770155361735,13986.492453808118,0
226,LH_to_LL,short,1059,1060,1062,2024-12-09 11:17:00,68.67,68.69,0.019999999999996,2024-12-09 11:22:00,68.58,2024-12-09 11:19:00,68.69,stop,2.0,68.69,68.672,68.708,139.86492453808117,6993.2462269054495,-139.86492453808117,13986.492453808118,13846.627529270036,0
227,LH_to_LL,short,1061,1062,1066,2024-12-09 11:23:00,68.6,68.68,0.0800000000000125,2024-12-09 11:34:00,68.44,2024-12-09 11:23:00,68.68,stop,0.0,68.618,68.6,68.636,138.46627529270037,1730.828441158484,-138.46627529270037,13846.627529270036,13708.161253977336,0
228,LH_to_LL,short,1077,1078,1082,2024-12-09 13:24:00,68.55,68.6,0.0499999999999971,2024-12-09 13:54:00,68.52,2024-12-09 13:26:00,68.6,stop,2.0,68.546,68.528,68.56400000000001,137.08161253977335,2741.6322507956233,-137.08161253977335,13708.161253977336,13571.079641437562,0
229,LH_to_LL,short,1083,1084,1086,2024-12-09 14:07:00,68.5,68.57,0.0699999999999931,2024-12-09 14:29:00,68.35,2024-12-09 14:10:00,68.57,stop,3.0,68.51,68.492,68.528,135.7107964143756,1938.7256630626975,-135.7107964143756,13571.079641437562,13435.368845023186,0
230,LH_to_LL,short,1085,1086,1088,2024-12-09 14:30:00,68.41,68.55,0.1400000000000005,2024-12-09 14:55:00,68.23,2024-12-09 14:55:00,68.23,target,25.0,68.402,68.384,68.42,134.35368845023186,959.669203215938,172.74045657886174,13435.368845023186,13608.109301602048,0
231,LH_to_LL,short,1087,1088,1090,2024-12-09 14:56:00,68.25,68.46,0.2099999999999937,2024-12-09 16:19:00,68.11,2024-12-09 16:19:00,68.11,target,83.0,68.25800000000001,68.24000000000001,68.27600000000001,136.08109301602047,648.0052048382121,90.72072867735008,13608.109301602048,13698.830030279398,0
232,LH_to_LL,short,1089,1090,1096,2024-12-09 16:28:00,68.14,68.31,0.1700000000000017,2024-12-09 20:00:00,68.12,2024-12-09 20:00:00,68.12,target,212.0,68.15,68.132,68.168,136.988300302794,805.8135311928977,16.116270623854746,13698.830030279398,13714.946300903252,0
233,HL_to_HH,long,1098,1099,1111,2024-12-09 20:32:00,68.29,68.25,0.0400000000000062,2024-12-09 22:34:00,68.13,2024-12-09 20:34:00,68.25,stop,2.0,68.25800000000001,68.24000000000001,68.27600000000001,137.14946300903253,3428.736575225277,-137.14946300903253,13714.946300903252,13577.79683789422,0
234,LH_to_LL,short,1105,1106,1108,2024-12-09 21:30:00,68.13,68.26,0.1300000000000096,2024-12-09 21:57:00,68.08,2024-12-09 21:57:00,68.08,target,27.0,68.15,68.132,68.168,135.7779683789422,1044.4459106071702,52.22229553035554,13577.79683789422,13630.019133424576,0
235,LH_to_LL,short,1109,1110,1114,2024-12-09 22:28:00,68.06,68.12,0.0600000000000022,2024-12-09 23:34:00,68.06,2024-12-09 22:31:00,68.12,stop,3.0,68.042,68.024,68.06,136.30019133424577,2271.6698555706766,-136.30019133424577,13630.019133424576,13493.71894209033,0
236,HL_to_HH,long,1112,1113,1119,2024-12-09 22:53:00,68.11,68.09,0.019999999999996,2024-12-10 00:49:00,67.97,2024-12-09 22:54:00,68.09,stop,1.0,68.114,68.096,68.132,134.9371894209033,6746.859471046508,-134.9371894209033,13493.71894209033,13358.781752669429,0
237,LH_to_LL,short,1115,1116,1118,2024-12-10 00:06:00,67.96,68.09,0.1300000000000096,2024-12-10 00:30:00,67.92,2024-12-10 00:30:00,67.92,target,24.0,67.97,67.952,67.988,133.58781752669427,1027.5985963591104,41.10394385435623,13358.781752669429,13399.885696523785,0
238,LH_to_LL,short,1117,1118,1120,2024-12-10 00:31:00,67.93,67.98,0.0499999999999971,2024-12-10 01:04:00,67.91,2024-12-10 00:47:00,67.98,stop,16.0,67.97,67.952,67.988,133.99885696523782,2679.9771393049086,-133.99885696523782,13399.885696523785,13265.886839558543,0
239,HL_to_HH,long,1126,1127,1129,2024-12-10 02:10:00,68.06,68.01,0.0499999999999971,2024-12-10 02:55:00,68.11,2024-12-10 02:18:00,68.01,stop,8.0,68.042,68.024,68.06,132.65886839558544,2653.1773679118596,-132.65886839558544,13265.886839558543,13133.22797116296,0
240,HL_to_HH,long,1132,1133,1137,2024-12-10 03:26:00,68.27,68.21,0.0600000000000022,2024-12-10 03:44:00,68.34,2024-12-10 03:28:00,68.21,stop,2.0,68.25800000000001,68.24000000000001,68.27600000000001,131.3322797116296,2188.871328527078,-131.3322797116296,13133.22797116296,13001.895691451333,0
241,HL_to_HH,long,1136,1137,1141,2024-12-10 03:46:00,68.3,68.18,0.1199999999999903,2024-12-10 04:01:00,68.39,2024-12-10 04:01:00,68.39,target,15.0,68.25800000000001,68.24000000000001,68.27600000000001,130.01895691451332,1083.4913076210316,97.51421768589654,13001.895691451333,13099.409909137228,0
242,HL_to_HH,long,1144,1145,1147,2024-12-10 04:19:00,68.34,68.31,0.0300000000000011,2024-12-10 04:22:00,68.36,2024-12-10 04:22:00,68.36,target,3.0,68.33,68.312,68.348,130.99409909137228,4366.469969712244,87.3293993942275,13099.409909137228,13186.739308531456,0
243,HL_to_HH,long,1146,1147,1153,2024-12-10 04:23:00,68.33,68.32,0.0100000000000051,2024-12-10 05:24:00,68.19,2024-12-10 04:24:00,68.32,stop,1.0,68.33,68.312,68.348,131.86739308531455,13186.739308524711,-131.86739308531455,13186.739308531456,13054.87191544614,0
244,HL_to_HH,long,1152,1153,1159,2024-12-10 05:26:00,68.17,68.1,0.0700000000000073,2024-12-10 06:15:00,67.87,2024-12-10 05:26:00,68.1,stop,0.0,68.15,68.132,68.168,130.54871915446142,1864.9817022063949,-130.54871915446142,13054.87191544614,12924.32319629168,0
245,LH_to_LL,short,1155,1156,1166,2024-12-10 06:05:00,67.77,68.06,0.2900000000000062,2024-12-10 06:57:00,67.92,2024-12-10 06:57:00,67.92,target,52.0,67.79,67.772,67.808,129.2432319629168,445.66631711349663,-66.84994756702703,12924.32319629168,12857.473248724653,1
246,HL_to_HH,long,1160,1161,1167,2024-12-10 06:37:00,67.98,67.83,0.1500000000000056,2024-12-10 07:05:00,68.13,2024-12-10 07:05:00,68.13,target,28.0,67.898,67.88,67.916,129.2432319629168,861.6215464194128,129.24323196290456,12924.32319629168,12986.716480687555,0
247,HL_to_HH,long,1168,1169,1173,2024-12-10 07:11:00,68.17,68.08,0.0900000000000034,2024-12-10 08:02:00,68.26,2024-12-10 07:16:00,68.08,stop,5.0,68.15,68.132,68.168,129.86716480687556,1442.9684978541184,-129.86716480687556,12986.716480687555,12856.84931588068,0
248,HL_to_HH,long,1172,1173,1179,2024-12-10 08:09:00,68.18,68.11,0.0700000000000073,2024-12-10 08:41:00,68.22,2024-12-10 08:13:00,68.11,stop,4.0,68.15,68.132,68.168,128.5684931588068,1836.692759411332,-128.5684931588068,12856.84931588068,12728.280822721874,0
249,HL_to_HH,long,1178,1179,1181,2024-12-10 08:43:00,68.16,68.08,0.0799999999999983,2024-12-10 08:49:00,68.29,2024-12-10 08:49:00,68.29,target,6.0,68.15,68.132,68.168,127.28280822721874,1591.035102840268,206.83456336925025,12728.280822721874,12935.115386091124,0
250,HL_to_HH,long,1180,1181,1183,2024-12-10 08:51:00,68.23,68.16,0.0700000000000073,2024-12-10 08:55:00,68.33,2024-12-10 08:55:00,68.33,target,4.0,68.25800000000001,68.24000000000001,68.27600000000001,129.35115386091124,1847.8736265842513,184.78736265841465,12935.115386091124,13119.90274874954,0
251,HL_to_HH,long,1182,1183,1185,2024-12-10 08:56:00,68.24,68.23,0.0099999999999909,2024-12-10 09:05:00,68.6,2024-12-10 08:56:00,68.23,stop,0.0,68.25800000000001,68.24000000000001,68.27600000000001,131.1990274874954,13119.902748761471,-131.1990274874954,13119.90274874954,12988.703721262043,0
252,LH_to_LL,short,1191,1192,1194,2024-12-10 09:29:00,68.39,68.54,0.1500000000000056,2024-12-10 09:33:00,68.36,2024-12-10 09:33:00,68.36,target,4.0,68.402,68.384,68.42,129.88703721262044,865.9135814174368,25.97740744252409,12988.703721262043,13014.681128704568,0
253,LH_to_LL,short,1193,1194,1196,2024-12-10 09:34:00,68.37,68.47,0.0999999999999943,2024-12-10 09:40:00,68.28,2024-12-10 09:40:00,68.28,target,6.0,68.402,68.384,68.42,130.1468112870457,1301.4681128705306,117.1321301583522,13014.681128704568,13131.81325886292,0
254,HL_to_HH,long,1198,1199,1201,2024-12-10 09:50:00,68.47,68.39,0.0799999999999983,2024-12-10 09:53:00,68.53,2024-12-10 09:53:00,68.53,target,3.0,68.402,68.384,68.42,131.3181325886292,1641.4766573579,98.48859944147772,13131.81325886292,13230.301858304398,0
255,HL_to_HH,long,1212,1213,1215,2024-12-10 11:01:00,68.85,68.83,0.019999999999996,2024-12-10 11:06:00,69.0,2024-12-10 11:01:00,68.83,stop,0.0,68.87,68.852,68.888,132.30301858304398,6615.150929153515,-132.30301858304398,13230.301858304398,13097.998839721353,0
256,HL_to_HH,long,1216,1217,1221,2024-12-10 11:17:00,69.0,68.93,0.0699999999999931,2024-12-10 11:35:00,69.0,2024-12-10 11:19:00,68.93,stop,2.0,68.97800000000001,68.96000000000001,68.99600000000001,130.97998839721353,1871.142691388947,-130.97998839721353,13097.998839721353,12967.01885132414,0
257,HL_to_HH,long,1220,1221,1223,2024-12-10 11:36:00,68.95,68.86,0.0900000000000034,2024-12-10 11:50:00,69.05,2024-12-10 11:50:00,69.05,target,14.0,68.97800000000001,68.96000000000001,68.99600000000001,129.67018851324138,1440.779872369294,144.07798723692122,12967.01885132414,13111.09683856106,0
258,HL_to_HH,long,1222,1223,1229,2024-12-10 11:51:00,69.03,68.95,0.0799999999999983,2024-12-10 12:15:00,68.97,2024-12-10 11:54:00,68.95,stop,3.0,69.05,69.032,69.068,131.11096838561062,1638.8871048201677,-131.11096838561062,13111.09683856106,12979.985870175453,0
259,HL_to_HH,long,1228,1229,1235,2024-12-10 12:16:00,68.95,68.91,0.0400000000000062,2024-12-10 12:59:00,68.94,2024-12-10 12:18:00,68.91,stop,2.0,68.94200000000001,68.924,68.96000000000001,129.79985870175452,3244.9964675433557,-129.79985870175452,12979.985870175453,12850.186011473696,0
260,LH_to_LL,short,1225,1226,1230,2024-12-10 12:06:00,68.93,69.01,0.0799999999999983,2024-12-10 12:31:00,68.83,2024-12-10 12:31:00,68.83,target,25.0,68.97800000000001,68.96000000000001,68.99600000000001,129.79985870175452,1622.498233771966,162.24982337721045,12979.985870175453,13012.435834850909,0
261,LH_to_LL,short,1239,1240,1244,2024-12-10 13:49:00,68.69,68.76,0.0700000000000073,2024-12-10 14:18:00,68.67,2024-12-10 13:58:00,68.76,stop,9.0,68.69,68.672,68.708,130.12435834850908,1858.9194049785049,-130.12435834850908,13012.435834850909,12882.3114765024,0
262,HL_to_HH,long,1242,1243,1245,2024-12-10 14:05:00,68.77,68.72,0.0499999999999971,2024-12-10 14:25:00,68.86,2024-12-10 14:07:00,68.72,stop,2.0,68.762,68.744,68.78,128.823114765024,2576.4622953006265,-128.823114765024,12882.3114765024,12753.488361737376,0
263,HL_to_HH,long,1250,1251,1255,2024-12-10 15:44:00,68.42,68.35,0.0700000000000073,2024-12-10 16:32:00,68.45,2024-12-10 15:54:00,68.35,stop,10.0,68.402,68.384,68.42,127.53488361737377,1821.9269088194328,-127.53488361737377,12753.488361737376,12625.953478120002,0
264,HL_to_HH,long,1254,1255,1257,2024-12-10 16:33:00,68.43,68.35,0.0800000000000125,2024-12-10 16:50:00,68.49,2024-12-10 16:50:00,68.49,target,17.0,68.402,68.384,68.42,126.25953478120002,1578.2441847647535,94.69465108586635,12625.953478120002,12720.648129205869,0
265,HL_to_HH,long,1256,1257,1259,2024-12-10 16:51:00,68.47,68.42,0.0499999999999971,2024-12-10 18:43:00,68.53,2024-12-10 18:43:00,68.53,target,112.0,68.474,68.456,68.492,127.2064812920587,2544.1296258413186,152.6477775504849,12720.648129205869,12873.295906756352,0
266,HL_to_HH,long,1258,1259,1261,2024-12-10 18:52:00,68.51,68.44,0.0700000000000073,2024-12-10 19:36:00,68.56,2024-12-10 19:36:00,68.56,target,44.0,68.51,68.492,68.528,128.73295906756354,1839.0422723935708,91.95211361967333,12873.295906756352,12965.248020376026,0
267,HL_to_HH,long,1264,1265,1267,2024-12-10 20:52:00,68.88,68.84,0.039999999999992,2024-12-10 21:16:00,69.02,2024-12-10 21:16:00,69.02,target,24.0,68.87,68.852,68.888,129.65248020376026,3241.3120050946513,453.78368071325303,12965.248020376026,13419.03170108928,0
268,HL_to_HH,long,1266,1267,1269,2024-12-10 21:18:00,69.0,68.86,0.1400000000000005,2024-12-10 21:31:00,69.05,2024-12-10 21:31:00,69.05,target,13.0,68.97800000000001,68.96000000000001,68.99600000000001,134.19031701089278,958.502264363516,47.925113218173074,13419.03170108928,13466.956814307452,0
269,HL_to_HH,long,1268,1269,1273,2024-12-10 21:32:00,69.05,68.98,0.0699999999999931,2024-12-10 22:25:00,69.05,2024-12-10 21:42:00,68.98,stop,10.0,69.05,69.032,69.068,134.6695681430745,1923.8509734726808,-134.6695681430745,13466.956814307452,13332.287246164378,0
270,HL_to_HH,long,1280,1281,1285,2024-12-11 01:13:00,69.07,69.05,0.019999999999996,2024-12-11 01:59:00,69.15,2024-12-11 01:14:00,69.05,stop,1.0,69.05,69.032,69.068,133.32287246164378,6666.143623083515,-133.32287246164378,13332.287246164378,13198.964373702736,0
271,HL_to_HH,long,1284,1285,1289,2024-12-11 02:01:00,69.08,69.03,0.0499999999999971,2024-12-11 02:19:00,68.97,2024-12-11 02:04:00,69.03,stop,3.0,69.05,69.032,69.068,131.98964373702734,2639.792874740697,-131.98964373702734,13198.964373702736,13066.974729965708,0
272,LH_to_LL,short,1287,1288,1290,2024-12-11 02:18:00,68.97,68.98,0.0100000000000051,2024-12-11 02:32:00,68.81,2024-12-11 02:18:00,68.98,stop,0.0,68.97800000000001,68.96000000000001,68.99600000000001,130.66974729965708,13066.974729959022,-130.66974729965708,13066.974729965708,12936.30498266605,0
273,LH_to_LL,short,1291,1292,1294,2024-12-11 02:54:00,68.74,68.85,0.1099999999999994,2024-12-11 03:03:00,68.71,2024-12-11 03:03:00,68.71,target,9.0,68.762,68.744,68.78,129.3630498266605,1176.0277256969198,35.28083177090893,12936.30498266605,12971.58581443696,0
274,LH_to_LL,short,1293,1294,1298,2024-12-11 03:04:00,68.71,68.75,0.0400000000000062,2024-12-11 03:27:00,68.75,2024-12-11 03:06:00,68.75,stop,2.0,68.726,68.708,68.744,129.7158581443696,3242.8964536087333,-129.7158581443696,12971.58581443696,12841.86995629259,0
275,LH_to_LL,short,1297,1298,1302,2024-12-11 03:28:00,68.78,68.8,0.019999999999996,2024-12-11 03:40:00,68.74,2024-12-11 03:29:00,68.8,stop,1.0,68.762,68.744,68.78,128.4186995629259,6420.934978147572,-128.4186995629259,12841.86995629259,12713.451256729664,0
276,LH_to_LL,short,1301,1302,1312,2024-12-11 03:41:00,68.78,68.81,0.0300000000000011,2024-12-11 04:58:00,69.22,2024-12-11 03:46:00,68.81,stop,5.0,68.762,68.744,68.78,127.13451256729664,4237.817085576394,-127.13451256729664,12713.451256729664,12586.316744162368,0
277,HL_to_HH,long,1304,1305,1307,2024-12-11 04:03:00,68.9,68.78,0.1200000000000045,2024-12-11 04:20:00,69.17,2024-12-11 04:20:00,69.17,target,17.0,68.87,68.852,68.888,125.86316744162367,1048.8597286801576,283.19212674363837,12586.316744162368,12869.508870906007,0
278,LH_to_LL,short,1315,1316,1322,2024-12-11 05:42:00,69.21,69.34,0.1300000000000096,2024-12-11 06:28:00,69.15,2024-12-11 06:03:00,69.34,stop,21.0,69.23,69.212,69.248,128.6950887090601,989.9622208388502,-128.6950887090601,12869.508870906007,12740.813782196949,0
279,HL_to_HH,long,1318,1319,1323,2024-12-11 06:06:00,69.28,69.24,0.0400000000000062,2024-12-11 06:48:00,69.48,2024-12-11 06:18:00,69.24,stop,12.0,69.302,69.284,69.32000000000001,127.40813782196948,3185.203445548739,-127.40813782196948,12740.813782196949,12613.405644374978,0
280,LH_to_LL,short,1321,1322,1326,2024-12-11 06:32:00,69.23,69.32,0.0899999999999892,2024-12-11 07:03:00,69.42,2024-12-11 06:43:00,69.32,stop,11.0,69.23,69.212,69.248,126.13405644374978,1401.4895160418323,-126.13405644374978,12613.405644374978,12487.271587931227,0
281,HL_to_HH,long,1324,1325,1327,2024-12-11 06:55:00,69.46,69.44,0.019999999999996,2024-12-11 07:18:00,69.61,2024-12-11 06:55:00,69.44,stop,0.0,69.446,69.428,69.464,124.87271587931228,6243.635793966856,-124.87271587931228,12487.271587931227,12362.398872051916,0
282,HL_to_HH,long,1332,1333,1339,2024-12-11 07:43:00,69.59,69.53,0.0600000000000022,2024-12-11 08:28:00,69.53,2024-12-11 07:44:00,69.53,stop,1.0,69.59,69.572,69.608,123.62398872051916,2060.399812008575,-123.62398872051916,12362.398872051916,12238.774883331396,0
283,HL_to_HH,long,1338,1339,1343,2024-12-11 08:29:00,69.47,69.38,0.0900000000000034,2024-12-11 08:45:00,69.52,2024-12-11 08:34:00,69.38,stop,5.0,69.482,69.464,69.5,122.38774883331396,1359.8638759256592,-122.38774883331396,12238.774883331396,12116.387134498082,0
284,LH_to_LL,short,1341,1342,1348,2024-12-11 08:39:00,69.4,69.44,0.039999999999992,2024-12-11 09:01:00,69.38,2024-12-11 08:39:00,69.44,stop,0.0,69.41,69.392,69.428,121.16387134498082,3029.096783625123,-121.16387134498082,12116.387134498082,11995.2232631531,0
285,HL_to_HH,long,1344,1345,1353,2024-12-11 08:53:00,69.5,69.43,0.0699999999999931,2024-12-11 09:15:00,69.48,2024-12-11 08:58:00,69.43,stop,5.0,69.482,69.464,69.5,119.952232631531,1713.6033233077528,-119.952232631531,11995.2232631531,11875.27103052157,0
286,LH_to_LL,short,1351,1352,1360,2024-12-11 09:14:00,69.42,69.46,0.039999999999992,2024-12-11 09:41:00,69.19,2024-12-11 09:14:00,69.46,stop,0.0,69.41,69.392,69.428,118.7527103052157,2968.817757630983,-118.7527103052157,11875.27103052157,11756.518320216352,0
287,HL_to_HH,long,1356,1357,1363,2024-12-11 09:24:00,69.47,69.4,0.0699999999999931,2024-12-11 09:48:00,69.39,2024-12-11 09:31:00,69.4,stop,7.0,69.482,69.464,69.5,117.56518320216354,1679.5026171739285,-117.56518320216354,11756.518320216352,11638.95313701419,0
288,LH_to_LL,short,1359,1360,1370,2024-12-11 09:42:00,69.32,69.46,0.1400000000000005,2024-12-11 10:26:00,69.45,2024-12-11 09:57:00,69.46,stop,15.0,69.23,69.212,69.248,116.38953137014192,831.3537955010103,-116.38953137014192,11638.95313701419,11522.563605644047,0
289,HL_to_HH,long,1364,1365,1367,2024-12-11 09:59:00,69.46,69.33,0.1299999999999954,2024-12-11 10:08:00,69.54,2024-12-11 10:08:00,69.54,target,9.0,69.482,69.464,69.5,115.22563605644048,886.3510465880348,70.90808372705386,11522.563605644047,11593.471689371105,0
290,HL_to_HH,long,1366,1367,1369,2024-12-11 10:09:00,69.52,69.43,0.0899999999999892,2024-12-11 10:16:00,69.65,2024-12-11 10:10:00,69.43,stop,1.0,69.482,69.464,69.5,115.93471689371104,1288.1635210413883,-115.93471689371104,11593.471689371105,11477.536972477392,0
291,HL_to_HH,long,1368,1369,1373,2024-12-11 10:24:00,69.53,69.47,0.0600000000000022,2024-12-11 10:34:00,69.56,2024-12-11 10:25:00,69.47,stop,1.0,69.482,69.464,69.5,114.77536972477392,1912.9228287461597,-114.77536972477392,11477.536972477392,11362.761602752618,0
292,LH_to_LL,short,1375,1376,1386,2024-12-11 10:48:00,69.2,69.48,0.2800000000000011,2024-12-11 11:31:00,69.59,2024-12-11 10:57:00,69.48,stop,9.0,69.23,69.212,69.248,113.6276160275262,405.8129143840205,-113.6276160275262,11362.761602752618,11249.133986725092,0
293,HL_to_HH,long,1378,1379,1383,2024-12-11 11:17:00,69.69,69.46,0.2300000000000039,2024-12-11 11:25:00,69.68,2024-12-11 11:25:00,69.68,target,8.0,69.662,69.644,69.68,112.49133986725091,489.0927820315172,-4.890927820310725,11249.133986725092,11244.243058904782,0
294,HL_to_HH,long,1382,1383,1385,2024-12-11 11:26:00,69.66,69.64,0.019999999999996,2024-12-11 11:28:00,69.69,2024-12-11 11:26:00,69.64,stop,0.0,69.662,69.644,69.68,112.44243058904782,5622.1215294535095,-112.44243058904782,11244.243058904782,11131.800628315734,0
295,HL_to_HH,long,1384,1385,1389,2024-12-11 11:29:00,69.66,69.64,0.019999999999996,2024-12-11 11:44:00,69.9,2024-12-11 11:30:00,69.64,stop,1.0,69.662,69.644,69.68,111.31800628315736,5565.900314158975,-111.31800628315736,11131.800628315734,11020.482622032576,0
296,HL_to_HH,long,1388,1389,1391,2024-12-11 11:45:00,69.85,69.6,0.25,2024-12-11 11:52:00,70.04,2024-12-11 11:52:00,70.04,target,7.0,69.842,69.824,69.86,110.20482622032576,440.819304881303,83.75566792745283,11020.482622032576,11104.238289960029,0
297,HL_to_HH,long,1390,1391,1395,2024-12-11 11:53:00,69.97,69.85,0.1200000000000045,2024-12-11 12:16:00,69.96,2024-12-11 11:56:00,69.85,stop,3.0,69.95,69.932,69.968,111.04238289960028,925.3531908299672,-111.04238289960028,11104.238289960029,10993.195907060428,0
298,HL_to_HH,long,1394,1395,1397,2024-12-11 12:17:00,69.97,69.9,0.0699999999999931,2024-12-11 12:25:00,69.97,2024-12-11 12:21:00,69.9,stop,4.0,69.95,69.932,69.968,109.93195907060428,1570.4565581516426,-109.93195907060428,10993.195907060428,10883.263947989824,0
299,HL_to_HH,long,1396,1397,1399,2024-12-11 12:26:00,69.93,69.92,0.0100000000000051,2024-12-11 12:28:00,69.97,2024-12-11 12:26:00,69.92,stop,0.0,69.95,69.932,69.968,108.83263947989823,10883.263947984256,-108.83263947989823,10883.263947989824,10774.431308509926,0
300,HL_to_HH,long,1398,1399,1401,2024-12-11 12:29:00,69.97,69.93,0.039999999999992,2024-12-11 12:44:00,70.05,2024-12-11 12:30:00,69.93,stop,1.0,69.95,69.932,69.968,107.74431308509926,2693.6078271280176,-107.74431308509926,10774.431308509926,10666.686995424829,0
301,HL_to_HH,long,1402,1403,1409,2024-12-11 12:50:00,70.05,69.99,0.0600000000000022,2024-12-11 13:53:00,70.22,2024-12-11 12:51:00,69.99,stop,1.0,70.022,70.004,70.04,106.66686995424828,1777.7811659040703,-106.66686995424828,10666.686995424829,10560.02012547058,0
302,LH_to_LL,short,1405,1406,1416,2024-12-11 13:19:00,69.84,70.01,0.1700000000000017,2024-12-11 14:29:00,70.29,2024-12-11 13:30:00,70.01,stop,11.0,69.842,69.824,69.86,105.6002012547058,621.1776544394396,-105.6002012547058,10560.02012547058,10454.419924215874,0
303,HL_to_HH,long,1410,1411,1413,2024-12-11 14:14:00,70.18,70.12,0.0600000000000022,2024-12-11 14:22:00,70.42,2024-12-11 14:22:00,70.42,target,8.0,70.13,70.112,70.148,104.54419924215874,1742.4033207025795,418.17679696861023,10454.419924215874,10872.596721184484,0
304,HL_to_HH,long,1412,1413,1417,2024-12-11 14:23:00,70.36,70.18,0.1799999999999926,2024-12-11 14:39:00,70.43,2024-12-11 14:39:00,70.43,target,16.0,70.382,70.364,70.4,108.72596721184485,604.0331511769406,42.2823205823903,10872.596721184484,10914.879041766872,0
305,HL_to_HH,long,1420,1421,1423,2024-12-11 15:00:00,70.45,70.38,0.0700000000000073,2024-12-11 15:15:00,70.52,2024-12-11 15:15:00,70.52,target,15.0,70.454,70.43599999999999,70.472,109.14879041766874,1559.2684345379605,109.14879041764657,10914.879041766872,11024.02783218452,0
306,HL_to_HH,long,1422,1423,1425,2024-12-11 15:16:00,70.46,70.43,0.0299999999999869,2024-12-11 15:21:00,70.52,2024-12-11 15:21:00,70.52,target,5.0,70.49,70.472,70.508,110.2402783218452,3674.675944063108,220.4805566437948,11024.02783218452,11244.508388828315,0
307,HL_to_HH,long,1424,1425,1429,2024-12-11 15:22:00,70.52,70.46,0.0600000000000022,2024-12-11 18:15:00,70.42,2024-12-11 15:28:00,70.46,stop,6.0,70.49,70.472,70.508,112.44508388828316,1874.0847314713149,-112.44508388828316,11244.508388828315,11132.063304940031,0
308,HL_to_HH,long,1434,1435,1441,2024-12-11 20:00:00,70.4,70.33,0.0700000000000073,2024-12-11 20:25:00,70.34,2024-12-11 20:02:00,70.33,stop,2.0,70.382,70.364,70.4,111.32063304940031,1590.294757848408,-111.32063304940031,11132.063304940031,11020.742671890632,0
309,HL_to_HH,long,1446,1447,1451,2024-12-11 22:33:00,70.32,70.19,0.1299999999999954,2024-12-12 00:02:00,70.34,2024-12-12 00:02:00,70.34,target,89.0,70.31,70.292,70.328,110.20742671890632,847.7494362993091,16.954988725994856,11020.742671890632,11037.697660616626,0
310,HL_to_HH,long,1450,1451,1453,2024-12-12 00:05:00,70.33,70.24,0.0900000000000034,2024-12-12 00:36:00,70.47,2024-12-12 00:36:00,70.47,target,31.0,70.31,70.292,70.328,110.37697660616628,1226.410851179579,171.69751916514173,11037.697660616626,11209.395179781768,0
311,HL_to_HH,long,1452,1453,1455,2024-12-12 00:37:00,70.46,70.31,0.1499999999999914,2024-12-12 00:44:00,70.48,2024-12-12 00:44:00,70.48,target,7.0,70.454,70.43599999999999,70.472,112.09395179781768,747.2930119854936,14.94586023971752,11209.395179781768,11224.341040021483,0
312,HL_to_HH,long,1454,1455,1457,2024-12-12 00:45:00,70.47,70.42,0.0499999999999971,2024-12-12 00:55:00,70.51,2024-12-12 00:55:00,70.51,target,10.0,70.454,70.43599999999999,70.472,112.24341040021486,2244.868208004425,89.79472832019103,11224.341040021483,11314.135768341675,0
313,HL_to_HH,long,1456,1457,1465,2024-12-12 00:56:00,70.48,70.44,0.0400000000000062,2024-12-12 02:16:00,70.44,2024-12-12 00:57:00,70.44,stop,1.0,70.49,70.472,70.508,113.14135768341676,2828.533942084977,-113.14135768341676,11314.135768341675,11200.99441065826,0
314,LH_to_LL,short,1467,1468,1474,2024-12-12 02:48:00,70.37,70.44,0.0699999999999931,2024-12-12 03:32:00,70.46,2024-12-12 02:49:00,70.44,stop,1.0,70.382,70.364,70.4,112.0099441065826,1600.1420586656216,-112.0099441065826,11200.99441065826,11088.984466551676,0
315,HL_to_HH,long,1464,1465,1469,2024-12-12 02:22:00,70.41,70.34,0.0699999999999931,2024-12-12 03:00:00,70.51,2024-12-12 03:00:00,70.51,target,38.0,70.382,70.364,70.4,112.0099441065826,1600.1420586656216,160.0142058665758,11200.99441065826,11248.99867241825,0
316,HL_to_HH,long,1470,1471,1473,2024-12-12 03:18:00,70.48,70.45,0.0300000000000011,2024-12-12 03:28:00,70.56,2024-12-12 03:28:00,70.56,target,10.0,70.49,70.472,70.508,112.48998672418251,3749.666224139275,299.9732979311356,11248.99867241825,11548.971970349388,0
317,HL_to_HH,long,1472,1473,1475,2024-12-12 03:29:00,70.55,70.49,0.0600000000000022,2024-12-12 03:45:00,70.62,2024-12-12 03:29:00,70.49,stop,0.0,70.562,70.544,70.58,115.48971970349386,1924.8286617248248,-115.48971970349386,11548.971970349388,11433.482250645891,0
318,HL_to_HH,long,1476,1477,1481,2024-12-12 04:02:00,70.62,70.55,0.0700000000000073,2024-12-12 04:35:00,70.61,2024-12-12 04:02:00,70.55,stop,0.0,70.67,70.652,70.688,114.33482250645892,1633.3546072349552,-114.33482250645892,11433.482250645891,11319.147428139437,0
319,HL_to_HH,long,1480,1481,1495,2024-12-12 04:36:00,70.6,70.49,0.1099999999999994,2024-12-12 06:07:00,70.36,2024-12-12 04:38:00,70.49,stop,2.0,70.562,70.544,70.58,113.19147428139436,1029.0134025581358,-113.19147428139436,11319.147428139437,11205.95595385804,0
320,LH_to_LL,short,1485,1486,1488,2024-12-12 05:22:00,70.43,70.48,0.0499999999999971,2024-12-12 05:35:00,70.33,2024-12-12 05:35:00,70.33,target,13.0,70.454,70.43599999999999,70.472,112.0595595385804,2241.1911907717354,224.11911907719264,11205.95595385804,11430.075072935231,0
321,LH_to_LL,short,1487,1488,1490,2024-12-12 05:37:00,70.37,70.43,0.0600000000000022,2024-12-12 05:39:00,70.32,2024-12-12 05:39:00,70.32,target,2.0,70.382,70.364,70.4,114.30075072935232,1905.0125121558,95.25062560781166,11430.075072935231,11525.325698543043,0
322,LH_to_LL,short,1489,1490,1492,2024-12-12 05:40:00,70.35,70.38,0.0300000000000011,2024-12-12 05:48:00,70.31,2024-12-12 05:41:00,70.38,stop,1.0,70.346,70.328,70.364,115.25325698543044,3841.775232847536,-115.25325698543044,11525.325698543043,11410.072441557615,0
323,LH_to_LL,short,1491,1492,1494,2024-12-12 05:49:00,70.32,70.36,0.0400000000000062,2024-12-12 06:04:00,70.23,2024-12-12 06:04:00,70.23,target,15.0,70.31,70.292,70.328,114.10072441557617,2852.518110388958,256.7266299349754,11410.072441557615,11666.79907149259,0
324,LH_to_LL,short,1493,1494,1496,2024-12-12 06:06:00,70.29,70.35,0.059999999999988,2024-12-12 06:18:00,70.14,2024-12-12 06:06:00,70.35,stop,0.0,70.31,70.292,70.328,116.6679907149259,1944.4665119158187,-116.6679907149259,11666.79907149259,11550.131080777664,0
325,HL_to_HH,long,1498,1499,1501,2024-12-12 06:38:00,70.3,70.19,0.1099999999999994,2024-12-12 06:43:00,70.38,2024-12-12 06:43:00,70.38,target,5.0,70.31,70.292,70.328,115.50131080777663,1050.011916434339,84.0009533147453,11550.131080777664,11634.13203409241,0
326,HL_to_HH,long,1500,1501,1503,2024-12-12 06:45:00,70.33,70.29,0.039999999999992,2024-12-12 07:04:00,70.49,2024-12-12 07:04:00,70.49,target,19.0,70.31,70.292,70.328,116.3413203409241,2908.533008523681,465.36528136377905,11634.13203409241,12099.497315456189,0
327,HL_to_HH,long,1502,1503,1507,2024-12-12 07:05:00,70.45,70.32,0.1300000000000096,2024-12-12 07:23:00,70.41,2024-12-12 07:09:00,70.32,stop,4.0,70.49,70.472,70.508,120.99497315456188,930.73056272733,-120.99497315456188,12099.497315456189,11978.502342301626,0
328,HL_to_HH,long,1506,1507,1509,2024-12-12 07:24:00,70.42,70.33,0.0900000000000034,2024-12-12 07:38:00,70.54,2024-12-12 07:31:00,70.33,stop,7.0,70.382,70.364,70.4,119.78502342301628,1330.9447047001304,-119.78502342301628,11978.502342301626,11858.717318878613,0
329,HL_to_HH,long,1508,1509,1519,2024-12-12 07:40:00,70.5,70.34,0.1599999999999966,2024-12-12 08:51:00,70.41,2024-12-12 08:03:00,70.34,stop,23.0,70.49,70.472,70.508,118.58717318878612,741.169832429929,-118.58717318878612,11858.717318878613,11740.130145689824,0
330,LH_to_LL,short,1513,1514,1516,2024-12-12 08:19:00,70.32,70.35,0.0300000000000011,2024-12-12 08:28:00,70.24,2024-12-12 08:28:00,70.24,target,9.0,70.31,70.292,70.328,117.40130145689824,3913.3767152297937,313.07013721837683,11740.130145689824,12053.200282908205,0
331,LH_to_LL,short,1515,1516,1518,2024-12-12 08:30:00,70.28,70.33,0.0499999999999971,2024-12-12 08:39:00,70.11,2024-12-12 08:39:00,70.11,target,9.0,70.31,70.292,70.328,120.53200282908205,2410.6400565817776,409.8088096189063,12053.200282908205,12463.009092527109,0
332,LH_to_LL,short,1517,1518,1522,2024-12-12 08:40:00,70.13,70.29,0.1600000000000108,2024-12-12 09:06:00,70.02,2024-12-12 08:46:00,70.29,stop,6.0,70.13,70.112,70.148,124.63009092527108,778.9380682828918,-124.63009092527108,12463.009092527109,12338.379001601836,0
333,LH_to_LL,short,1523,1524,1526,2024-12-12 09:18:00,69.93,70.06,0.1299999999999954,2024-12-12 09:35:00,69.73,2024-12-12 09:35:00,69.73,target,17.0,69.95,69.932,69.968,123.38379001601838,949.1060770463284,189.8212154092684,12338.379001601836,12528.200217011106,0
334,LH_to_LL,short,1525,1526,1528,2024-12-12 09:39:00,69.78,70.02,0.2399999999999948,2024-12-12 09:40:00,69.71,2024-12-12 09:40:00,69.71,target,1.0,69.842,69.824,69.86,125.28200217011108,522.008342375474,36.54058396628703,12528.200217011106,12564.740800977394,0
335,LH_to_LL,short,1527,1528,1530,2024-12-12 09:41:00,69.73,69.78,0.0499999999999971,2024-12-12 09:42:00,69.7,2024-12-12 09:42:00,69.7,target,1.0,69.77,69.752,69.788,125.64740800977394,2512.9481601956218,75.3884448058715,12564.740800977394,12640.129245783264,0
336,LH_to_LL,short,1529,1530,1534,2024-12-12 09:43:00,69.72,69.74,0.019999999999996,2024-12-12 09:59:00,69.58,2024-12-12 09:43:00,69.74,stop,0.0,69.734,69.716,69.752,126.40129245783264,6320.064622892889,-126.40129245783264,12640.129245783264,12513.727953325431,0
337,LH_to_LL,short,1539,1540,1546,2024-12-12 10:22:00,69.39,69.41,0.019999999999996,2024-12-12 10:40:00,69.25,2024-12-12 10:22:00,69.41,stop,0.0,69.41,69.392,69.428,125.13727953325431,6256.863976663961,-125.13727953325431,12513.727953325431,12388.590673792178,0
338,LH_to_LL,short,1553,1554,1556,2024-12-12 11:06:00,69.31,69.33,0.019999999999996,2024-12-12 11:13:00,69.16,2024-12-12 11:07:00,69.33,stop,1.0,69.302,69.284,69.32000000000001,123.8859067379218,6194.295336897321,-123.8859067379218,12388.590673792178,12264.704767054256,0
339,LH_to_LL,short,1555,1556,1576,2024-12-12 11:15:00,69.23,69.32,0.0899999999999892,2024-12-12 12:54:00,70.22,2024-12-12 11:16:00,69.32,stop,1.0,69.23,69.212,69.248,122.64704767054256,1362.7449741173032,-122.64704767054256,12264.704767054256,12142.057719383714,0
340,HL_to_HH,long,1560,1561,1563,2024-12-12 11:57:00,69.68,69.46,0.220000000000013,2024-12-12 12:06:00,70.06,2024-12-12 12:06:00,70.06,target,9.0,69.662,69.644,69.68,121.42057719383716,551.9117145174088,209.72645151661283,12142.057719383714,12351.784170900328,0
341,HL_to_HH,long,1564,1565,1571,2024-12-12 12:19:00,70.46,70.03,0.4299999999999926,2024-12-12 12:43:00,70.36,2024-12-12 12:43:00,70.36,target,24.0,70.49,70.472,70.508,123.51784170900328,287.2507946721056,-28.725079467208925,12351.784170900328,12323.05909143312,1
342,HL_to_HH,long,1574,1575,1579,2024-12-12 12:53:00,70.35,70.32,0.0300000000000011,2024-12-12 13:12:00,70.49,2024-12-12 12:53:00,70.32,stop,0.0,70.382,70.364,70.4,123.2305909143312,4107.686363810884,-123.2305909143312,12323.05909143312,12199.828500518788,0
343,HL_to_HH,long,1578,1579,1583,2024-12-12 13:13:00,70.46,70.23,0.2299999999999897,2024-12-12 13:32:00,70.43,2024-12-12 13:32:00,70.43,target,19.0,70.49,70.472,70.508,121.99828500518788,530.4273261095361,-15.912819783279147,12199.828500518788,12183.915680735508,0
344,HL_to_HH,long,1582,1583,1591,2024-12-12 13:33:00,70.39,70.31,0.0799999999999983,2024-12-12 14:12:00,70.2,2024-12-12 13:36:00,70.31,stop,3.0,70.382,70.364,70.4,121.83915680735508,1522.989460091971,-121.83915680735508,12183.915680735508,12062.076523928154,0
345,LH_to_LL,short,1587,1588,1592,2024-12-12 13:58:00,70.17,70.24,0.0699999999999931,2024-12-12 14:13:00,69.98,2024-12-12 14:13:00,69.98,target,15.0,70.13,70.112,70.148,120.62076523928154,1723.1537891327614,327.39921993522074,12062.076523928154,12389.475743863375,0
346,HL_to_HH,long,1602,1603,1613,2024-12-12 15:35:00,70.22,70.18,0.039999999999992,2024-12-12 19:03:00,69.95,2024-12-12 15:42:00,70.18,stop,7.0,70.202,70.184,70.22,123.89475743863376,3097.3689359664604,-123.89475743863376,12389.475743863375,12265.580986424742,0
347,LH_to_LL,short,1605,1606,1608,2024-12-12 15:58:00,70.14,70.24,0.0999999999999943,2024-12-12 16:59:00,69.99,2024-12-12 16:59:00,69.99,target,61.0,70.13,70.112,70.148,122.65580986424744,1226.558098642544,183.98371479638857,12265.580986424742,12449.56470122113,0
348,HL_to_HH,long,1612,1613,1615,2024-12-12 19:04:00,69.94,69.91,0.0300000000000011,2024-12-12 20:01:00,69.98,2024-12-12 19:11:00,69.91,stop,7.0,69.95,69.932,69.968,124.49564701221132,4149.854900406886,-124.49564701221132,12449.56470122113,12325.06905420892,0
349,LH_to_LL,short,1609,1610,1614,2024-12-12 18:43:00,69.94,70.04,0.1000000000000085,2024-12-12 19:50:00,69.9,2024-12-12 19:50:00,69.9,target,67.0,69.95,69.932,69.968,124.49564701221132,1244.956470122007,49.79825880487037,12449.56470122113,12374.86731301379,0
350,LH_to_LL,short,1619,1620,1626,2024-12-12 20:39:00,69.95,70.01,0.0600000000000022,2024-12-12 22:15:00,69.99,2024-12-12 21:01:00,70.01,stop,22.0,69.95,69.932,69.968,123.7486731301379,2062.47788550222,-123.7486731301379,12374.86731301379,12251.118639883653,0
351,HL_to_HH,long,1622,1623,1627,2024-12-12 21:47:00,70.05,69.98,0.0699999999999931,2024-12-12 22:39:00,70.05,2024-12-12 22:11:00,69.98,stop,24.0,70.022,70.004,70.04,122.51118639883651,1750.1598056978353,-122.51118639883651,12251.118639883653,12128.607453484816,0
352,LH_to_LL,short,1625,1626,1632,2024-12-12 22:17:00,70.0,70.05,0.0499999999999971,2024-12-13 00:21:00,69.99,2024-12-12 22:24:00,70.05,stop,7.0,70.022,70.004,70.04,121.28607453484815,2425.7214906971008,-121.28607453484815,12128.607453484816,12007.321378949968,0
353,HL_to_HH,long,1628,1629,1631,2024-12-12 23:13:00,70.12,70.01,0.1099999999999994,2024-12-12 23:51:00,70.14,2024-12-12 23:51:00,70.14,target,38.0,70.13,70.112,70.148,120.07321378949968,1091.5746708136392,21.831493416268437,12007.321378949968,12029.152872366236,0
354,HL_to_HH,long,1630,1631,1635,2024-12-12 23:52:00,70.13,70.07,0.0600000000000022,2024-12-13 01:25:00,70.12,2024-12-13 00:11:00,70.07,stop,19.0,70.13,70.112,70.148,120.29152872366237,2004.8588120609631,-120.29152872366237,12029.152872366236,11908.861343642571,0
355,HL_to_HH,long,1636,1637,1641,2024-12-13 02:01:00,70.1,70.03,0.0699999999999931,2024-12-13 02:50:00,70.34,2024-12-13 02:08:00,70.03,stop,7.0,70.13,70.112,70.148,119.08861343642572,1701.265906234819,-119.08861343642572,11908.861343642571,11789.772730206148,0
356,LH_to_LL,short,1647,1648,1652,2024-12-13 03:33:00,70.2,70.24,0.039999999999992,2024-12-13 03:45:00,70.15,2024-12-13 03:37:00,70.24,stop,4.0,70.202,70.184,70.22,117.89772730206148,2947.4431825521233,-117.89772730206148,11789.772730206148,11671.875002904086,0
357,LH_to_LL,short,1653,1654,1656,2024-12-13 03:52:00,70.16,70.21,0.0499999999999971,2024-12-13 04:00:00,70.04,2024-12-13 03:55:00,70.21,stop,3.0,70.13,70.112,70.148,116.71875002904086,2334.3750005809497,-116.71875002904086,11671.875002904086,11555.156252875046,0
358,LH_to_LL,short,1655,1656,1658,2024-12-13 04:01:00,70.11,70.19,0.0799999999999983,2024-12-13 04:04:00,69.98,2024-12-13 04:04:00,69.98,target,3.0,70.13,70.112,70.148,115.55156252875044,1444.3945316094114,187.77128910921692,11555.156252875046,11742.927541984263,0
359,LH_to_LL,short,1657,1658,1674,2024-12-13 04:05:00,70.05,70.12,0.0700000000000073,2024-12-13 06:29:00,70.8,2024-12-13 04:06:00,70.12,stop,1.0,70.022,70.004,70.04,117.42927541984264,1677.5610774261463,-117.42927541984264,11742.927541984263,11625.49826656442,0
360,HL_to_HH,long,1662,1663,1665,2024-12-13 04:54:00,70.42,70.3,0.1200000000000045,2024-12-13 05:21:00,70.66,2024-12-13 05:21:00,70.66,target,27.0,70.454,70.43599999999999,70.472,116.2549826656442,968.791522213665,232.50996533127463,11625.49826656442,11858.008231895696,0
361,HL_to_HH,long,1664,1665,1667,2024-12-13 05:27:00,70.58,70.36,0.2199999999999988,2024-12-13 05:41:00,70.66,2024-12-13 05:41:00,70.66,target,14.0,70.562,70.544,70.58,118.58008231895695,539.0003741770798,43.120029934165466,11858.008231895696,11901.12826182986,0
362,HL_to_HH,long,1666,1667,1669,2024-12-13 05:43:00,70.61,70.58,0.0300000000000011,2024-12-13 05:51:00,70.76,2024-12-13 05:51:00,70.76,target,8.0,70.598,70.58,70.616,119.0112826182986,3967.0427539431366,595.056413091493,11901.12826182986,12496.184674921356,0
363,HL_to_HH,long,1668,1669,1671,2024-12-13 05:52:00,70.76,70.61,0.1500000000000056,2024-12-13 06:05:00,70.89,2024-12-13 06:05:00,70.89,target,13.0,70.742,70.724,70.76,124.96184674921356,833.0789783280587,108.30026718264384,12496.184674921356,12604.484942103998,0
364,HL_to_HH,long,1670,1671,1673,2024-12-13 06:06:00,70.85,70.72,0.1299999999999954,2024-12-13 06:18:00,70.92,2024-12-13 06:18:00,70.92,target,12.0,70.85,70.832,70.868,126.04484942103998,969.5757647772646,67.87030353441568,12604.484942103998,12672.355245638411,0
365,LH_to_LL,short,1681,1682,1684,2024-12-13 07:39:00,70.56,70.65,0.0900000000000034,2024-12-13 07:58:00,70.39,2024-12-13 07:58:00,70.39,target,19.0,70.562,70.544,70.58,126.72355245638414,1408.0394717375482,239.3667101953856,12672.355245638411,12911.721955833798,0
366,LH_to_LL,short,1687,1688,1694,2024-12-13 08:19:00,70.28,70.32,0.039999999999992,2024-12-13 08:52:00,70.35,2024-12-13 08:23:00,70.32,stop,4.0,70.31,70.292,70.328,129.11721955833798,3227.9304889590917,-129.11721955833798,12911.721955833798,12782.60473627546,0
367,HL_to_HH,long,1692,1693,1699,2024-12-13 08:46:00,70.46,70.37,0.0899999999999892,2024-12-13 09:24:00,70.51,2024-12-13 08:51:00,70.37,stop,5.0,70.49,70.472,70.508,127.8260473627546,1420.2894151418884,-127.8260473627546,12782.60473627546,12654.778688912706,0
368,LH_to_LL,short,1697,1698,1706,2024-12-13 09:09:00,70.34,70.38,0.039999999999992,2024-12-13 10:02:00,70.53,2024-12-13 09:10:00,70.38,stop,1.0,70.31,70.292,70.328,126.54778688912704,3163.6946722288058,-126.54778688912704,12654.778688912706,12528.23090202358,0
369,HL_to_HH,long,1700,1701,1703,2024-12-13 09:33:00,70.66,70.46,0.2000000000000028,2024-12-13 09:48:00,70.71,2024-12-13 09:36:00,70.46,stop,3.0,70.67,70.652,70.688,125.2823090202358,626.4115451011701,-125.2823090202358,12528.23090202358,12402.948593003342,0
370,HL_to_HH,long,1702,1703,1705,2024-12-13 09:49:00,70.66,70.5,0.1599999999999966,2024-12-13 09:54:00,70.79,2024-12-13 09:54:00,70.79,target,5.0,70.67,70.652,70.688,124.02948593003345,775.1842870627255,100.7739573181618,12402.948593003342,12503.722550321503,0
371,HL_to_HH,long,1704,1705,1709,2024-12-13 09:55:00,70.75,70.66,0.0900000000000034,2024-12-13 10:16:00,70.71,2024-12-13 09:56:00,70.66,stop,1.0,70.77799999999999,70.75999999999999,70.79599999999999,125.03722550321504,1389.3025055912258,-125.03722550321504,12503.722550321503,12378.68532481829,0
372,HL_to_HH,long,1708,1709,1713,2024-12-13 10:18:00,70.68,70.57,0.1100000000000136,2024-12-13 10:43:00,70.82,2024-12-13 10:20:00,70.57,stop,2.0,70.67,70.652,70.688,123.78685324818292,1125.335029528796,-123.78685324818292,12378.68532481829,12254.898471570108,0
373,LH_to_LL,short,1711,1712,1716,2024-12-13 10:31:00,70.54,70.66,0.1199999999999903,2024-12-13 10:52:00,70.72,2024-12-13 10:33:00,70.66,stop,2.0,70.562,70.544,70.58,122.54898471570108,1021.2415392975912,-122.54898471570108,12254.898471570108,12132.349486854408,0
374,HL_to_HH,long,1714,1715,1717,2024-12-13 10:49:00,70.79,70.77,0.0200000000000102,2024-12-13 10:57:00,70.88,2024-12-13 10:50:00,70.77,stop,1.0,70.814,70.79599999999999,70.832,121.32349486854407,6066.174743424101,-121.32349486854407,12132.349486854408,12011.025991985864,0
375,HL_to_HH,long,1718,1719,1723,2024-12-13 11:07:00,70.85,70.79,0.059999999999988,2024-12-13 11:30:00,70.89,2024-12-13 11:08:00,70.79,stop,1.0,70.85,70.832,70.868,120.11025991985863,2001.8376653313755,-120.11025991985863,12011.025991985864,11890.915732066003,0
376,HL_to_HH,long,1722,1723,1725,2024-12-13 11:31:00,70.88,70.71,0.1700000000000017,2024-12-13 11:34:00,70.94,2024-12-13 11:34:00,70.94,target,3.0,70.85,70.832,70.868,118.90915732066006,699.4656312979934,41.96793787788119,11890.915732066003,11932.883669943889,0
377,HL_to_HH,long,1724,1725,1727,2024-12-13 11:35:00,70.94,70.85,0.0900000000000034,2024-12-13 11:38:00,71.0,2024-12-13 11:38:00,71.0,target,3.0,70.922,70.904,70.94,119.32883669943888,1325.8759633270483,79.5525577996259,11932.883669943889,12012.436227743514,0
378,HL_to_HH,long,1726,1727,1729,2024-12-13 11:49:00,70.94,70.89,0.0499999999999971,2024-12-13 12:05:00,71.19,2024-12-13 12:05:00,71.19,target,16.0,70.922,70.904,70.94,120.12436227743514,2402.4872455488394,600.6218113872098,12012.436227743514,12613.058039130725,0
379,HL_to_HH,long,1728,1729,1731,2024-12-13 12:07:00,71.13,70.94,0.1899999999999977,2024-12-13 12:14:00,71.22,2024-12-13 12:14:00,71.22,target,7.0,71.102,71.084,71.12,126.13058039130723,663.8451599542566,59.746064395885355,12613.058039130725,12672.804103526609,0
380,HL_to_HH,long,1730,1731,1735,2024-12-13 12:15:00,71.2,71.12,0.0799999999999983,2024-12-13 12:35:00,71.27,2024-12-13 12:15:00,71.12,stop,0.0,71.21,71.192,71.228,126.72804103526607,1584.10051294086,-126.72804103526607,12672.804103526609,12546.076062491342,0
381,LH_to_LL,short,1739,1740,1748,2024-12-13 13:03:00,71.15,71.2,0.0499999999999971,2024-12-13 14:02:00,71.2,2024-12-13 13:10:00,71.2,stop,7.0,71.17399999999999,71.15599999999999,71.192,125.46076062491342,2509.215212498411,-125.46076062491342,12546.076062491342,12420.615301866428,0
382,HL_to_HH,long,1746,1747,1751,2024-12-13 13:57:00,71.3,71.26,0.039999999999992,2024-12-13 14:13:00,71.32,2024-12-13 13:58:00,71.26,stop,1.0,71.318,71.3,71.336,124.20615301866428,3105.153825467225,-124.20615301866428,12420.615301866428,12296.409148847764,0
383,LH_to_LL,short,1749,1750,1756,2024-12-13 14:08:00,71.22,71.26,0.0400000000000062,2024-12-13 15:02:00,71.16,2024-12-13 14:09:00,71.26,stop,1.0,71.21,71.192,71.228,122.96409148847764,3074.102287211461,-122.96409148847764,12296.409148847764,12173.445057359286,1
384,HL_to_HH,long,1752,1753,1755,2024-12-13 14:26:00,71.34,71.27,0.0700000000000073,2024-12-13 14:33:00,71.4,2024-12-13 14:28:00,71.27,stop,2.0,71.318,71.3,71.336,121.73445057359288,1739.0635796225718,-121.73445057359288,12173.445057359286,12051.710606785691,0
385,HL_to_HH,long,1754,1755,1759,2024-12-13 14:34:00,71.38,71.29,0.0899999999999892,2024-12-13 15:30:00,71.23,2024-12-13 14:43:00,71.29,stop,9.0,71.39,71.372,71.408,120.51710606785691,1339.078956309682,-120.51710606785691,12051.710606785691,11931.193500717836,0
386,LH_to_LL,short,1757,1758,1762,2024-12-13 15:20:00,71.2,71.22,0.019999999999996,2024-12-13 16:01:00,71.12,2024-12-13 15:22:00,71.22,stop,2.0,71.21,71.192,71.228,119.31193500717836,5965.596750360105,-119.31193500717836,11931.193500717836,11811.881565710655,1
387,LH_to_LL,short,1797,1798,1800,2024-12-16 01:01:00,70.84,70.92,0.0799999999999983,2024-12-16 01:14:00,70.8,2024-12-16 01:14:00,70.8,target,13.0,70.85,70.832,70.868,118.11881565710657,1476.4851957138635,59.05940782856377,11811.881565710655,11870.94097353922,0
388,HL_to_HH,long,1802,1803,1807,2024-12-16 01:37:00,70.92,70.8,0.1200000000000045,2024-12-16 02:10:00,70.94,2024-12-16 02:10:00,70.94,target,33.0,70.922,70.904,70.94,118.7094097353922,989.2450811282308,19.78490162256068,11870.94097353922,11890.72587516178,0
389,HL_to_HH,long,1806,1807,1809,2024-12-16 02:11:00,70.92,70.87,0.0499999999999971,2024-12-16 02:25:00,70.96,2024-12-16 02:25:00,70.96,target,14.0,70.922,70.904,70.94,118.90725875161782,2378.1451750324914,95.12580700128076,11890.72587516178,11985.851682163062,0
390,HL_to_HH,long,1808,1809,1811,2024-12-16 02:26:00,70.93,70.89,0.0400000000000062,2024-12-16 02:37:00,71.02,2024-12-16 02:37:00,71.02,target,11.0,70.922,70.904,70.94,119.85851682163062,2996.462920540297,269.6816628485944,11985.851682163062,12255.533345011656,0
391,HL_to_HH,long,1816,1817,1821,2024-12-16 03:24:00,71.01,70.94,0.0700000000000073,2024-12-16 03:41:00,70.86,2024-12-16 03:29:00,70.94,stop,5.0,71.03,71.012,71.048,122.55533345011656,1750.7904778586233,-122.55533345011656,12255.533345011656,12132.97801156154,0
392,LH_to_LL,short,1827,1828,1830,2024-12-16 04:12:00,70.66,70.69,0.0300000000000011,2024-12-16 04:16:00,70.56,2024-12-16 04:16:00,70.56,target,4.0,70.67,70.652,70.688,121.3297801156154,4044.326003853693,404.43260038534635,12132.97801156154,12537.410611946883,0
393,LH_to_LL,short,1829,1830,1836,2024-12-16 04:17:00,70.6,70.66,0.0600000000000022,2024-12-16 04:48:00,70.53,2024-12-16 04:18:00,70.66,stop,1.0,70.562,70.544,70.58,125.37410611946883,2089.5684353244014,-125.37410611946883,12537.410611946883,12412.036505827416,0
394,LH_to_LL,short,1839,1840,1848,2024-12-16 05:01:00,70.57,70.61,0.0400000000000062,2024-12-16 05:40:00,70.52,2024-12-16 05:03:00,70.61,stop,2.0,70.562,70.544,70.58,124.12036505827416,3103.00912645637,-124.12036505827416,12412.036505827416,12287.916140769144,0
395,HL_to_HH,long,1844,1845,1853,2024-12-16 05:14:00,70.68,70.57,0.1100000000000136,2024-12-16 06:46:00,70.6,2024-12-16 05:28:00,70.57,stop,14.0,70.67,70.652,70.688,122.87916140769144,1117.083285524329,-122.87916140769144,12287.916140769144,12165.036979361452,0
396,LH_to_LL,short,1847,1848,1850,2024-12-16 05:42:00,70.56,70.65,0.0900000000000034,2024-12-16 05:55:00,70.51,2024-12-16 05:55:00,70.51,target,13.0,70.562,70.544,70.58,121.65036979361452,1351.6707754845545,67.58353877422388,12165.036979361452,12232.620518135676,0
397,LH_to_LL,short,1849,1850,1852,2024-12-16 05:59:00,70.55,70.64,0.0900000000000034,2024-12-16 06:18:00,70.38,2024-12-16 06:18:00,70.38,target,19.0,70.562,70.544,70.58,122.32620518135676,1359.1800575705793,231.0606097870008,12232.620518135676,12463.681127922677,0
398,LH_to_LL,short,1851,1852,1866,2024-12-16 06:29:00,70.43,70.55,0.1199999999999903,2024-12-16 08:34:00,70.63,2024-12-16 06:39:00,70.55,stop,10.0,70.49,70.472,70.508,124.63681127922678,1038.6400939936402,-124.63681127922678,12463.681127922677,12339.04431664345,0
399,HL_to_HH,long,1854,1855,1857,2024-12-16 07:26:00,70.56,70.41,0.1500000000000056,2024-12-16 07:41:00,70.67,2024-12-16 07:41:00,70.67,target,15.0,70.562,70.544,70.58,123.39044316643452,822.6029544428656,90.48632498871474,12339.04431664345,12429.530641632164,0
400,HL_to_HH,long,1856,1857,1861,2024-12-16 07:42:00,70.62,70.57,0.0500000000000113,2024-12-16 08:07:00,70.73,2024-12-16 08:07:00,70.73,target,25.0,70.67,70.652,70.688,124.29530641632164,2485.906128325868,273.44967411584406,12429.530641632164,12702.98031574801,0
401,HL_to_HH,long,1860,1861,1863,2024-12-16 08:10:00,70.68,70.6,0.0800000000000125,2024-12-16 08:17:00,70.73,2024-12-16 08:17:00,70.73,target,7.0,70.67,70.652,70.688,127.02980315748007,1587.8725394682529,79.39362697340813,12702.98031574801,12782.373942721417,0
402,HL_to_HH,long,1862,1863,1865,2024-12-16 08:22:00,70.72,70.67,0.0499999999999971,2024-12-16 08:28:00,70.78,2024-12-16 08:28:00,70.78,target,6.0,70.67,70.652,70.688,127.82373942721416,2556.4747885444285,153.38848731267151,12782.373942721417,12935.762430034089,0
403,HL_to_HH,long,1864,1865,1869,2024-12-16 08:29:00,70.76,70.69,0.0700000000000073,2024-12-16 08:52:00,70.82,2024-12-16 08:30:00,70.69,stop,1.0,70.77799999999999,70.75999999999999,70.79599999999999,129.3576243003409,1847.966061433246,-129.3576243003409,12935.762430034089,12806.404805733748,0
404,HL_to_HH,long,1868,1869,1871,2024-12-16 08:53:00,70.78,70.69,0.0900000000000034,2024-12-16 08:56:00,70.82,2024-12-16 08:56:00,70.82,target,3.0,70.814,70.79599999999999,70.832,128.0640480573375,1422.933867303696,56.91735469213651,12806.404805733748,12863.322160425883,0
405,HL_to_HH,long,1878,1879,1883,2024-12-16 09:31:00,70.96,70.86,0.0999999999999943,2024-12-16 09:36:00,71.07,2024-12-16 09:36:00,71.07,target,5.0,70.922,70.904,70.94,128.63322160425884,1286.3322160426617,141.49654376469203,12863.322160425883,13004.818704190577,0
406,HL_to_HH,long,1884,1885,1889,2024-12-16 09:43:00,70.98,70.95,0.0300000000000011,2024-12-16 10:14:00,71.08,2024-12-16 09:43:00,70.95,stop,0.0,71.066,71.048,71.084,130.04818704190575,4334.939568063361,-130.04818704190575,13004.818704190577,12874.770517148669,0
407,LH_to_LL,short,1887,1888,1896,2024-12-16 10:03:00,70.83,70.92,0.0900000000000034,2024-12-16 10:41:00,70.92,2024-12-16 10:05:00,70.92,stop,2.0,70.85,70.832,70.868,128.7477051714867,1430.5300574609091,-128.7477051714867,12874.770517148669,12746.022811977182,0
408,HL_to_HH,long,1890,1891,1893,2024-12-16 10:26:00,71.1,71.0,0.0999999999999943,2024-12-16 10:31:00,71.17,2024-12-16 10:31:00,71.17,target,5.0,71.066,71.048,71.084,127.46022811977184,1274.6022811977907,89.22215968385477,12746.022811977182,12835.244971661035,0
409,HL_to_HH,long,1892,1893,1909,2024-12-16 10:32:00,71.08,71.06,0.019999999999996,2024-12-16 11:46:00,70.6,2024-12-16 10:36:00,71.06,stop,4.0,71.102,71.084,71.12,128.35244971661038,6417.6224858317955,-128.35244971661038,12835.244971661035,12706.892521944426,0
410,LH_to_LL,short,1895,1896,1898,2024-12-16 10:42:00,71.01,71.14,0.1299999999999954,2024-12-16 10:56:00,70.86,2024-12-16 10:56:00,70.86,target,14.0,70.922,70.904,70.94,127.06892521944428,977.4532709188362,146.617990637831,12706.892521944426,12853.510512582256,0
411,LH_to_LL,short,1897,1898,1900,2024-12-16 10:58:00,70.94,71.06,0.1200000000000045,2024-12-16 11:08:00,70.8,2024-12-16 11:08:00,70.8,target,10.0,70.922,70.904,70.94,128.53510512582258,1071.125876048481,149.95762264678794,12853.510512582256,13003.468135229044,0
412,LH_to_LL,short,1913,1914,1920,2024-12-16 12:11:00,70.55,70.58,0.0300000000000011,2024-12-16 12:44:00,70.9,2024-12-16 12:13:00,70.58,stop,2.0,70.562,70.544,70.58,130.03468135229045,4334.4893784095175,-130.03468135229045,13003.468135229044,12873.433453876754,0
413,HL_to_HH,long,1916,1917,1923,2024-12-16 12:43:00,70.9,70.85,0.0500000000000113,2024-12-16 13:22:00,71.05,2024-12-16 13:05:00,70.85,stop,22.0,70.922,70.904,70.94,128.73433453876754,2574.6866907747653,-128.73433453876754,12873.433453876754,12744.699119337987,0
414,LH_to_LL,short,1927,1928,1932,2024-12-16 14:15:00,70.68,70.7,0.019999999999996,2024-12-16 14:28:00,70.58,2024-12-16 14:16:00,70.7,stop,1.0,70.67,70.652,70.688,127.44699119337989,6372.349559670261,-127.44699119337989,12744.699119337987,12617.252128144608,0
415,HL_to_HH,long,1952,1953,1959,2024-12-16 20:03:00,70.32,70.2,0.1199999999999903,2024-12-16 20:52:00,70.31,2024-12-16 20:19:00,70.2,stop,16.0,70.31,70.292,70.328,126.17252128144608,1051.4376773454687,-126.17252128144608,12617.252128144608,12491.079606863164,0
416,HL_to_HH,long,1958,1959,1961,2024-12-16 20:53:00,70.3,70.17,0.1299999999999954,2024-12-16 21:07:00,70.34,2024-12-16 21:07:00,70.34,target,14.0,70.31,70.292,70.328,124.91079606863164,960.852277451046,38.43409109804785,12491.079606863164,12529.51369796121,0
417,HL_to_HH,long,1960,1961,1969,2024-12-16 21:10:00,70.33,70.27,0.0600000000000022,2024-12-16 23:29:00,70.24,2024-12-16 21:18:00,70.27,stop,8.0,70.31,70.292,70.328,125.29513697961212,2088.252282993456,-125.29513697961212,12529.51369796121,12404.2185609816,0
418,LH_to_LL,short,1963,1964,1968,2024-12-16 22:16:00,70.2,70.3,0.0999999999999943,2024-12-16 22:50:00,70.17,2024-12-16 22:50:00,70.17,target,34.0,70.202,70.184,70.22,124.042185609816,1240.4218560982304,37.21265568294832,12404.2185609816,12441.431216664549,0
419,LH_to_LL,short,1967,1968,1972,2024-12-16 22:51:00,70.19,70.23,0.0400000000000062,2024-12-17 00:21:00,70.18,2024-12-16 22:55:00,70.23,stop,4.0,70.202,70.184,70.22,124.41431216664547,3110.3578041656506,-124.41431216664547,12441.431216664549,12317.0169044979,0
420,HL_to_HH,long,1970,1971,1973,2024-12-16 23:52:00,70.24,70.21,0.0300000000000011,2024-12-17 00:51:00,70.44,2024-12-17 00:07:00,70.21,stop,15.0,70.238,70.22,70.256,123.17016904497902,4105.672301499145,-123.17016904497902,12317.0169044979,12193.846735452922,0
421,HL_to_HH,long,1974,1975,1977,2024-12-17 01:28:00,70.48,70.4,0.0799999999999983,2024-12-17 01:45:00,70.51,2024-12-17 01:45:00,70.51,target,17.0,70.49,70.472,70.508,121.93846735452922,1524.2308419316478,45.726925257951166,12193.846735452922,12239.573660710874,0
422,HL_to_HH,long,1976,1977,1979,2024-12-17 01:46:00,70.49,70.44,0.0499999999999971,2024-12-17 02:41:00,70.53,2024-12-17 02:00:00,70.44,stop,14.0,70.49,70.472,70.508,122.39573660710874,2447.914732142314,-122.39573660710874,12239.573660710874,12117.177924103766,0
423,LH_to_LL,short,1987,1988,1990,2024-12-17 03:33:00,69.81,69.98,0.1700000000000017,2024-12-17 03:41:00,69.67,2024-12-17 03:41:00,69.67,target,8.0,69.842,69.824,69.86,121.17177924103764,712.7751720060967,99.78852408085396,12117.177924103766,12216.96644818462,0
424,LH_to_LL,short,1991,1992,1996,2024-12-17 03:51:00,69.62,69.71,0.0899999999999892,2024-12-17 04:03:00,69.57,2024-12-17 03:56:00,69.71,stop,5.0,69.662,69.644,69.68,122.1696644818462,1357.4407164651209,-122.1696644818462,12216.96644818462,12094.796783702774,0
425,HL_to_HH,long,1998,1999,2003,2024-12-17 04:20:00,69.76,69.62,0.1400000000000005,2024-12-17 04:41:00,69.91,2024-12-17 04:32:00,69.62,stop,12.0,69.77,69.752,69.788,120.94796783702772,863.914055978766,-120.94796783702772,12094.796783702774,11973.848815865746,0
426,LH_to_LL,short,2001,2002,2006,2024-12-17 04:33:00,69.66,69.76,0.1000000000000085,2024-12-17 04:59:00,69.81,2024-12-17 04:33:00,69.76,stop,0.0,69.662,69.644,69.68,119.73848815865746,1197.3848815864726,-119.73848815865746,11973.848815865746,11854.110327707089,0
427,HL_to_HH,long,2004,2005,2013,2024-12-17 04:53:00,69.87,69.83,0.0400000000000062,2024-12-17 05:44:00,69.7,2024-12-17 04:56:00,69.83,stop,3.0,69.842,69.824,69.86,118.54110327707087,2963.527581926309,-118.54110327707087,11854.110327707089,11735.569224430015,0
428,LH_to_LL,short,2009,2010,2014,2024-12-17 05:30:00,69.65,69.74,0.0899999999999892,2024-12-17 05:48:00,69.64,2024-12-17 05:48:00,69.64,target,18.0,69.662,69.644,69.68,117.35569224430016,1303.9521360479362,13.039521360486033,11735.569224430015,11748.608745790503,0
429,HL_to_HH,long,2020,2021,2027,2024-12-17 06:42:00,69.74,69.69,0.0499999999999971,2024-12-17 07:46:00,69.61,2024-12-17 06:45:00,69.69,stop,3.0,69.734,69.716,69.752,117.48608745790504,2349.721749158234,-117.48608745790504,11748.608745790503,11631.1226583326,0
430,LH_to_LL,short,2025,2026,2030,2024-12-17 07:35:00,69.46,69.5,0.0400000000000062,2024-12-17 07:58:00,69.45,2024-12-17 07:37:00,69.5,stop,2.0,69.482,69.464,69.5,116.311226583326,2907.7806645826954,-116.311226583326,11631.1226583326,11514.811431749273,0
431,LH_to_LL,short,2029,2030,2034,2024-12-17 07:59:00,69.47,69.59,0.1200000000000045,2024-12-17 08:37:00,69.44,2024-12-17 08:04:00,69.59,stop,5.0,69.482,69.464,69.5,115.14811431749273,959.567619312403,-115.14811431749273,11514.811431749273,11399.66331743178,0
432,HL_to_HH,long,2032,2033,2037,2024-12-17 08:08:00,69.64,69.46,0.1800000000000068,2024-12-17 08:47:00,69.68,2024-12-17 08:30:00,69.46,stop,22.0,69.662,69.644,69.68,113.9966331743178,633.3146287461859,-113.9966331743178,11399.66331743178,11285.66668425746,0
433,HL_to_HH,long,2036,2037,2041,2024-12-17 08:48:00,69.63,69.53,0.0999999999999943,2024-12-17 09:10:00,69.62,2024-12-17 08:49:00,69.53,stop,1.0,69.662,69.644,69.68,112.8566668425746,1128.5666684258103,-112.8566668425746,11285.66668425746,11172.810017414888,0
434,HL_to_HH,long,2044,2045,2049,2024-12-17 09:28:00,69.6,69.49,0.1099999999999994,2024-12-17 09:48:00,69.38,2024-12-17 09:29:00,69.49,stop,1.0,69.59,69.572,69.608,111.72810017414888,1015.7100015831768,-111.72810017414888,11172.810017414888,11061.08191724074,0
435,LH_to_LL,short,2047,2048,2052,2024-12-17 09:43:00,69.14,69.32,0.1799999999999926,2024-12-17 09:55:00,69.26,2024-12-17 09:46:00,69.32,stop,3.0,69.122,69.104,69.14,110.6108191724074,614.504550957844,-110.6108191724074,11061.08191724074,10950.471098068332,0
436,LH_to_LL,short,2051,2052,2054,2024-12-17 09:56:00,69.34,69.35,0.0099999999999909,2024-12-17 10:04:00,69.17,2024-12-17 09:56:00,69.35,stop,0.0,69.302,69.284,69.32000000000001,109.50471098068331,10950.471098078291,-109.50471098068331,10950.471098068332,10840.966387087648,0
437,LH_to_LL,short,2057,2058,2062,2024-12-17 10:27:00,69.02,69.26,0.2400000000000091,2024-12-17 10:35:00,69.05,2024-12-17 10:35:00,69.05,target,8.0,69.05,69.032,69.068,108.40966387087649,451.7069327953015,-13.55120798385956,10840.966387087648,10827.41517910379,0
438,LH_to_LL,short,2061,2062,2064,2024-12-17 10:36:00,69.1,69.14,0.0400000000000062,2024-12-17 10:38:00,69.01,2024-12-17 10:38:00,69.01,target,2.0,69.05,69.032,69.068,108.2741517910379,2706.8537947755244,243.61684152976795,10827.41517910379,11071.032020633556,0
439,LH_to_LL,short,2063,2064,2066,2024-12-17 10:39:00,69.07,69.1,0.0300000000000011,2024-12-17 10:49:00,68.88,2024-12-17 10:49:00,68.88,target,10.0,69.05,69.032,69.068,110.71032020633557,3690.344006877712,701.165361306757,11071.032020633556,11772.197381940314,0
440,LH_to_LL,short,2067,2068,2076,2024-12-17 11:01:00,68.93,68.96,0.0299999999999869,2024-12-17 11:30:00,69.05,2024-12-17 11:01:00,68.96,stop,0.0,68.94200000000001,68.924,68.96000000000001,117.72197381940316,3924.065793981815,-117.72197381940316,11772.197381940314,11654.47540812091,0
441,HL_to_HH,long,2070,2071,2073,2024-12-17 11:18:00,69.13,68.94,0.1899999999999977,2024-12-17 11:23:00,69.2,2024-12-17 11:23:00,69.2,target,5.0,69.05,69.032,69.068,116.5447540812091,613.3934425326869,42.937540977292606,11654.47540812091,11697.412949098203,0
442,HL_to_HH,long,2078,2079,2081,2024-12-17 11:43:00,69.14,69.11,0.0300000000000011,2024-12-17 11:48:00,69.23,2024-12-17 11:48:00,69.23,target,5.0,69.122,69.104,69.14,116.97412949098204,3899.1376496992534,350.9223884729461,11697.412949098203,12048.335337571149,0
443,HL_to_HH,long,2080,2081,2083,2024-12-17 11:49:00,69.19,69.14,0.0499999999999971,2024-12-17 12:01:00,69.24,2024-12-17 11:50:00,69.14,stop,1.0,69.23,69.212,69.248,120.48335337571147,2409.667067514367,-120.48335337571147,12048.335337571149,11927.851984195437,0
444,HL_to_HH,long,2084,2085,2087,2024-12-17 12:11:00,69.24,69.17,0.0699999999999931,2024-12-17 12:26:00,69.35,2024-12-17 12:12:00,69.17,stop,1.0,69.23,69.212,69.248,119.27851984195436,1703.9788548852284,-119.27851984195436,11927.851984195437,11808.573464353482,0
445,HL_to_HH,long,2088,2089,2091,2024-12-17 12:37:00,69.34,69.29,0.0499999999999971,2024-12-17 12:40:00,69.4,2024-12-17 12:40:00,69.4,target,3.0,69.302,69.284,69.32000000000001,118.08573464353482,2361.7146928708307,141.7028815722552,11808.573464353482,11950.276345925737,0
446,HL_to_HH,long,2090,2091,2093,2024-12-17 12:41:00,69.4,69.33,0.0700000000000073,2024-12-17 12:49:00,69.53,2024-12-17 12:49:00,69.53,target,8.0,69.374,69.356,69.392,119.50276345925737,1707.182335132068,221.93370356716105,11950.276345925737,12172.210049492898,0
447,HL_to_HH,long,2092,2093,2095,2024-12-17 12:50:00,69.51,69.35,0.1600000000000108,2024-12-17 13:08:00,69.54,2024-12-17 13:08:00,69.54,target,18.0,69.482,69.464,69.5,121.72210049492898,760.7631280932547,22.822893842798507,12172.210049492898,12195.032943335696,0
448,HL_to_HH,long,2094,2095,2101,2024-12-17 13:09:00,69.51,69.46,0.0500000000000113,2024-12-17 14:06:00,69.75,2024-12-17 13:11:00,69.46,stop,2.0,69.482,69.464,69.5,121.95032943335696,2439.006588666585,-121.95032943335696,12195.032943335696,12073.08261390234,0
449,LH_to_LL,short,2103,2104,2112,2024-12-17 14:23:00,69.58,69.63,0.0499999999999971,2024-12-17 15:50:00,69.72,2024-12-17 14:26:00,69.63,stop,3.0,69.59,69.572,69.608,120.7308261390234,2414.616522780605,-120.7308261390234,12073.08261390234,11952.351787763317,0
450,HL_to_HH,long,2100,2101,2105,2024-12-17 14:11:00,69.68,69.45,0.2300000000000039,2024-12-17 14:28:00,69.65,2024-12-17 14:28:00,69.65,target,17.0,69.662,69.644,69.68,120.7308261390234,524.9166353870492,-15.747499061612071,12073.08261390234,11936.604288701705,0
451,HL_to_HH,long,2106,2107,2109,2024-12-17 14:47:00,69.76,69.59,0.1700000000000017,2024-12-17 15:04:00,69.78,2024-12-17 15:04:00,69.78,target,17.0,69.77,69.752,69.788,119.36604288701704,702.1531934530344,14.043063869057892,11936.604288701705,11950.647352570762,0
452,HL_to_HH,long,2108,2109,2111,2024-12-17 15:05:00,69.78,69.73,0.0499999999999971,2024-12-17 15:35:00,69.82,2024-12-17 15:35:00,69.82,target,30.0,69.77,69.752,69.788,119.50647352570763,2390.1294705142886,95.60517882055252,11950.647352570762,12046.252531391316,0
453,HL_to_HH,long,2110,2111,2115,2024-12-17 15:39:00,69.78,69.74,0.0400000000000062,2024-12-17 16:31:00,69.88,2024-12-17 15:45:00,69.74,stop,6.0,69.77,69.752,69.788,120.46252531391316,3011.5631328473582,-120.46252531391316,12046.252531391316,11925.790006077405,0
454,LH_to_LL,short,2113,2114,2118,2024-12-17 16:30:00,69.74,69.78,0.0400000000000062,2024-12-17 16:57:00,69.8,2024-12-17 16:30:00,69.78,stop,0.0,69.77,69.752,69.788,119.25790006077403,2981.447501518885,-119.25790006077403,11925.790006077405,11806.532106016628,0
455,HL_to_HH,long,2116,2117,2125,2024-12-17 16:40:00,69.86,69.83,0.0300000000000011,2024-12-17 20:46:00,69.86,2024-12-17 16:49:00,69.83,stop,9.0,69.842,69.824,69.86,118.06532106016628,3935.510702005394,-118.06532106016628,11806.532106016628,11688.46678495646,0
456,LH_to_LL,short,2121,2122,2124,2024-12-17 19:43:00,69.76,69.8,0.039999999999992,2024-12-17 20:07:00,69.65,2024-12-17 20:07:00,69.65,target,24.0,69.77,69.752,69.788,116.8846678495646,2922.1166962396965,321.43283658636494,11688.46678495646,12009.899621542829,0
457,HL_to_HH,long,2126,2127,2135,2024-12-17 20:54:00,69.86,69.83,0.0300000000000011,2024-12-17 23:03:00,69.7,2024-12-17 20:59:00,69.83,stop,5.0,69.842,69.824,69.86,120.09899621542829,4003.2998738474575,-120.09899621542829,12009.899621542829,11889.800625327398,0
458,LH_to_LL,short,2131,2132,2136,2024-12-17 22:37:00,69.66,69.76,0.1000000000000085,2024-12-17 23:27:00,69.64,2024-12-17 23:27:00,69.64,target,50.0,69.662,69.644,69.68,118.89800625327398,1188.9800625326384,23.77960125064804,11889.800625327398,11913.580226578046,0
459,HL_to_HH,long,2138,2139,2141,2024-12-17 23:56:00,69.73,69.7,0.0300000000000011,2024-12-18 00:23:00,69.78,2024-12-18 00:01:00,69.7,stop,5.0,69.77,69.752,69.788,119.13580226578046,3971.193408859198,-119.13580226578046,11913.580226578046,11794.444424312263,0
460,HL_to_HH,long,2140,2141,2145,2024-12-18 00:24:00,69.77,69.7,0.0699999999999931,2024-12-18 01:21:00,69.77,2024-12-18 00:38:00,69.7,stop,14.0,69.77,69.752,69.788,117.94444424312266,1684.9206320447736,-117.94444424312266,11794.444424312263,11676.499980069142,0
461,LH_to_LL,short,2143,2144,2150,2024-12-18 00:59:00,69.69,69.75,0.0600000000000022,2024-12-18 03:34:00,69.98,2024-12-18 01:18:00,69.75,stop,19.0,69.662,69.644,69.68,116.76499980069144,1946.08333001145,-116.76499980069144,11676.499980069142,11559.734980268451,0
462,LH_to_LL,short,2149,2150,2156,2024-12-18 03:35:00,70.03,70.1,0.0699999999999931,2024-12-18 04:07:00,70.18,2024-12-18 03:53:00,70.1,stop,18.0,70.022,70.004,70.04,115.59734980268452,1651.3907114670826,-115.59734980268452,11559.734980268451,11444.137630465766,0
463,LH_to_LL,short,2163,2164,2168,2024-12-18 04:55:00,70.1,70.22,0.1200000000000045,2024-12-18 05:48:00,70.05,2024-12-18 05:15:00,70.22,stop,20.0,70.13,70.112,70.148,114.44137630465768,953.678135872111,-114.44137630465768,11444.137630465766,11329.696254161108,0
464,LH_to_LL,short,2169,2170,2190,2024-12-18 06:03:00,70.02,70.1,0.0799999999999983,2024-12-18 08:40:00,70.19,2024-12-18 06:13:00,70.1,stop,10.0,70.022,70.004,70.04,113.29696254161108,1416.2120317701688,-113.29696254161108,11329.696254161108,11216.399291619497,0
465,HL_to_HH,long,2172,2173,2175,2024-12-18 06:35:00,70.1,70.05,0.0499999999999971,2024-12-18 06:51:00,70.18,2024-12-18 06:51:00,70.18,target,16.0,70.13,70.112,70.148,112.16399291619496,2243.279858324027,179.4623886659502,11216.399291619497,11395.861680285449,0
466,HL_to_HH,long,2174,2175,2179,2024-12-18 06:54:00,70.15,70.09,0.0600000000000022,2024-12-18 07:26:00,70.27,2024-12-18 07:00:00,70.09,stop,6.0,70.13,70.112,70.148,113.95861680285446,1899.3102800475024,-113.95861680285446,11395.861680285449,11281.903063482592,0
467,HL_to_HH,long,2180,2181,2187,2024-12-18 07:53:00,70.4,70.21,0.1900000000000119,2024-12-18 08:31:00,70.37,2024-12-18 08:31:00,70.37,target,38.0,70.382,70.364,70.4,112.81903063482592,593.7843717622044,-17.813531152866805,11281.903063482592,11264.089532329725,0
468,HL_to_HH,long,2186,2187,2193,2024-12-18 08:34:00,70.31,70.27,0.0400000000000062,2024-12-18 08:56:00,70.31,2024-12-18 08:35:00,70.27,stop,1.0,70.31,70.292,70.328,112.64089532329724,2816.022383081991,-112.64089532329724,11264.089532329725,11151.448637006428,0
469,HL_to_HH,long,2200,2201,2203,2024-12-18 09:39:00,70.43,70.08,0.3500000000000085,2024-12-18 09:42:00,70.5,2024-12-18 09:42:00,70.5,target,3.0,70.454,70.43599999999999,70.472,111.51448637006428,318.61281820017587,22.30289727401014,11151.448637006428,11173.751534280438,0
470,HL_to_HH,long,2202,2203,2207,2024-12-18 09:43:00,70.44,70.39,0.0499999999999971,2024-12-18 10:17:00,70.47,2024-12-18 09:44:00,70.39,stop,1.0,70.49,70.472,70.508,111.7375153428044,2234.7503068562146,-111.7375153428044,11173.751534280438,11062.014018937634,0
471,HL_to_HH,long,2210,2211,2213,2024-12-18 10:33:00,70.39,70.32,0.0700000000000073,2024-12-18 10:36:00,70.47,2024-12-18 10:36:00,70.47,target,3.0,70.382,70.364,70.4,110.62014018937634,1580.287716990924,126.4230173592712,11062.014018937634,11188.437036296906,0
472,HL_to_HH,long,2212,2213,2217,2024-12-18 10:37:00,70.4,70.38,0.0200000000000102,2024-12-18 10:47:00,70.55,2024-12-18 10:37:00,70.38,stop,0.0,70.454,70.43599999999999,70.472,111.88437036296908,5594.218518145592,-111.88437036296908,11188.437036296906,11076.552665933938,0
473,HL_to_HH,long,2218,2219,2221,2024-12-18 10:58:00,70.57,70.5,0.0699999999999931,2024-12-18 11:13:00,70.78,2024-12-18 11:01:00,70.5,stop,3.0,70.562,70.544,70.58,110.76552665933936,1582.3646665621452,-110.76552665933936,11076.552665933938,10965.787139274598,0
474,HL_to_HH,long,2222,2223,2225,2024-12-18 11:20:00,70.75,70.73,0.019999999999996,2024-12-18 11:24:00,70.78,2024-12-18 11:20:00,70.73,stop,0.0,70.77799999999999,70.75999999999999,70.79599999999999,109.657871392746,5482.8935696383905,-109.657871392746,10965.787139274598,10856.129267881852,0
475,HL_to_HH,long,2224,2225,2231,2024-12-18 11:25:00,70.76,70.74,0.0200000000000102,2024-12-18 11:39:00,70.74,2024-12-18 11:25:00,70.74,stop,0.0,70.77799999999999,70.75999999999999,70.79599999999999,108.56129267881852,5428.064633938149,-108.56129267881852,10856.129267881852,10747.567975203034,0
476,HL_to_HH,long,2230,2231,2239,2024-12-18 11:40:00,70.7,70.65,0.0499999999999971,2024-12-18 12:24:00,70.56,2024-12-18 11:41:00,70.65,stop,1.0,70.742,70.724,70.76,107.47567975203036,2149.513595040729,-107.47567975203036,10747.567975203034,10640.092295451004,0
477,LH_to_LL,short,2233,2234,2236,2024-12-18 11:52:00,70.64,70.68,0.0400000000000062,2024-12-18 12:09:00,70.49,2024-12-18 11:52:00,70.68,stop,0.0,70.67,70.652,70.688,106.40092295451004,2660.0230738623354,-106.40092295451004,10640.092295451004,10533.691372496494,0
478,LH_to_LL,short,2235,2236,2240,2024-12-18 12:10:00,70.54,70.66,0.1199999999999903,2024-12-18 12:37:00,70.23,2024-12-18 12:37:00,70.23,target,27.0,70.562,70.544,70.58,105.33691372496494,877.8076143747786,272.12036045618333,10533.691372496494,10805.811732952678,0
479,LH_to_LL,short,2241,2242,2248,2024-12-18 12:45:00,70.13,70.27,0.1400000000000005,2024-12-18 13:57:00,70.11,2024-12-18 13:05:00,70.27,stop,20.0,70.13,70.112,70.148,108.05811732952678,771.8436952109024,-108.05811732952678,10805.811732952678,10697.75361562315,0
480,HL_to_HH,long,2244,2245,2247,2024-12-18 13:24:00,70.32,70.3,0.019999999999996,2024-12-18 13:35:00,70.42,2024-12-18 13:24:00,70.3,stop,0.0,70.382,70.364,70.4,106.97753615623152,5348.8768078126395,-106.97753615623152,10697.75361562315,10590.77607946692,0
481,HL_to_HH,long,2246,2247,2265,2024-12-18 13:36:00,70.42,70.32,0.1000000000000085,2024-12-18 16:14:00,69.55,2024-12-18 13:38:00,70.32,stop,2.0,70.382,70.364,70.4,105.9077607946692,1059.0776079466018,-105.9077607946692,10590.77607946692,10484.86831867225,0
482,LH_to_LL,short,2251,2252,2254,2024-12-18 14:25:00,70.13,70.22,0.0900000000000034,2024-12-18 14:31:00,69.95,2024-12-18 14:31:00,69.95,target,6.0,70.13,70.112,70.148,104.8486831867225,1164.985368741317,209.69736637342845,10484.86831867225,10694.565685045678,0
483,LH_to_LL,short,2253,2254,2256,2024-12-18 14:32:00,70.04,70.17,0.1299999999999954,2024-12-18 14:39:00,69.93,2024-12-18 14:39:00,69.93,target,7.0,69.95,69.932,69.968,106.9456568504568,822.6588988496964,90.49247887346613,10694.565685045678,10785.058163919144,0
484,LH_to_LL,short,2255,2256,2258,2024-12-18 14:40:00,69.97,70.06,0.0900000000000034,2024-12-18 15:05:00,69.65,2024-12-18 15:05:00,69.65,target,25.0,69.95,69.932,69.968,107.85058163919145,1198.3397959909707,383.4687347171024,10785.058163919144,11168.526898636246,0
485,LH_to_LL,short,2259,2260,2262,2024-12-18 15:16:00,69.65,69.72,0.0699999999999931,2024-12-18 15:48:00,69.42,2024-12-18 15:48:00,69.42,target,32.0,69.662,69.644,69.68,111.68526898636246,1595.5038426624762,366.96588381237586,11168.526898636246,11535.492782448622,0
486,LH_to_LL,short,2267,2268,2274,2024-12-18 16:49:00,69.47,69.5,0.0300000000000011,2024-12-18 18:45:00,69.44,2024-12-18 16:49:00,69.5,stop,0.0,69.482,69.464,69.5,115.35492782448624,3845.164260816062,-115.35492782448624,11535.492782448622,11420.137854624136,0
488,HL_to_HH,long,2272,2273,2277,2024-12-18 18:35:00,69.49,69.46,0.0300000000000011,2024-12-18 19:32:00,69.54,2024-12-18 18:36:00,69.46,stop,1.0,69.482,69.464,69.5,114.20137854624136,3806.712618207901,-114.20137854624136,11420.137854624136,11305.936476077895,0
489,HL_to_HH,long,2280,2281,2287,2024-12-18 20:26:00,69.64,69.57,0.0700000000000073,2024-12-18 22:35:00,69.72,2024-12-18 20:34:00,69.57,stop,8.0,69.662,69.644,69.68,113.05936476077896,1615.1337822966718,-113.05936476077896,11305.936476077895,11192.877111317115,0
490,LH_to_LL,short,2283,2284,2290,2024-12-18 21:32:00,69.47,69.66,0.1899999999999977,2024-12-18 23:12:00,69.58,2024-12-18 22:13:00,69.66,stop,41.0,69.482,69.464,69.5,111.92877111317117,589.0987953324868,-111.92877111317117,11192.877111317115,11080.948340203946,0
491,HL_to_HH,long,2286,2287,2289,2024-12-18 22:43:00,69.68,69.58,0.1000000000000085,2024-12-18 22:47:00,69.71,2024-12-18 22:47:00,69.71,target,4.0,69.662,69.644,69.68,110.80948340203946,1108.0948340203,33.242845020594515,11080.948340203946,11114.19118522454,0
492,HL_to_HH,long,2288,2289,2295,2024-12-18 22:48:00,69.7,69.68,0.019999999999996,2024-12-19 01:55:00,69.78,2024-12-18 22:50:00,69.68,stop,2.0,69.69800000000001,69.68,69.71600000000001,111.1419118522454,5557.0955926133765,-111.1419118522454,11114.19118522454,11003.049273372297,0
493,LH_to_LL,short,2291,2292,2298,2024-12-19 00:29:00,69.47,69.61,0.1400000000000005,2024-12-19 02:28:00,69.56,2024-12-19 01:09:00,69.61,stop,40.0,69.482,69.464,69.5,110.03049273372297,785.9320909551608,-110.03049273372297,11003.049273372297,10893.018780638571,0
494,HL_to_HH,long,2294,2295,2303,2024-12-19 01:57:00,69.75,69.52,0.2300000000000039,2024-12-19 02:48:00,69.56,2024-12-19 02:36:00,69.52,stop,39.0,69.77,69.752,69.788,108.93018780638572,473.6095122016689,-108.93018780638572,10893.018780638571,10784.088592832186,0
495,LH_to_LL,short,2299,2300,2304,2024-12-19 02:47:00,69.53,69.61,0.0799999999999983,2024-12-19 02:56:00,69.46,2024-12-19 02:56:00,69.46,target,9.0,69.59,69.572,69.608,107.84088592832188,1348.011074104052,94.3607751872936,10784.088592832186,10878.44936801948,0
496,LH_to_LL,short,2307,2308,2316,2024-12-19 03:26:00,69.42,69.54,0.1200000000000045,2024-12-19 03:50:00,69.55,2024-12-19 03:32:00,69.54,stop,6.0,69.482,69.464,69.5,108.7844936801948,906.5374473349224,-108.7844936801948,10878.44936801948,10769.664874339283,0
497,HL_to_HH,long,2318,2319,2325,2024-12-19 04:26:00,69.86,69.58,0.2800000000000011,2024-12-19 04:40:00,70.01,2024-12-19 04:40:00,70.01,target,14.0,69.842,69.824,69.86,107.69664874339286,384.6308883692586,57.694633255390976,10769.664874339283,10827.359507594676,0
498,LH_to_LL,short,2333,2334,2336,2024-12-19 06:06:00,69.93,70.08,0.1499999999999914,2024-12-19 06:12:00,69.9,2024-12-19 06:12:00,69.9,target,6.0,69.95,69.932,69.968,108.27359507594676,721.8239671730195,21.654719015191404,10827.359507594676,10849.014226609866,0
499,HL_to_HH,long,2344,2345,2347,2024-12-19 07:15:00,69.85,69.81,0.039999999999992,2024-12-19 07:39:00,69.89,2024-12-19 07:16:00,69.81,stop,1.0,69.842,69.824,69.86,108.49014226609869,2712.2535566530064,-108.49014226609869,10849.014226609866,10740.524084343768,0
500,HL_to_HH,long,2350,2351,2353,2024-12-19 08:11:00,69.85,69.71,0.1400000000000005,2024-12-19 08:20:00,70.03,2024-12-19 08:20:00,70.03,target,9.0,69.842,69.824,69.86,107.40524084343768,767.1802917388375,138.09245251299598,10740.524084343768,10878.616536856764,0
501,HL_to_HH,long,2354,2355,2357,2024-12-19 08:27:00,70.07,69.99,0.0799999999999983,2024-12-19 08:35:00,70.19,2024-12-19 08:28:00,69.99,stop,1.0,70.022,70.004,70.04,108.78616536856764,1359.8270671071243,-108.78616536856764,10878.616536856764,10769.830371488197,0
502,HL_to_HH,long,2356,2357,2359,2024-12-19 08:36:00,70.14,70.0,0.1400000000000005,2024-12-19 08:55:00,70.44,2024-12-19 08:55:00,70.44,target,19.0,70.13,70.112,70.148,107.69830371488196,769.2735979634396,230.7820793890297,10769.830371488197,11000.612450877226,0
503,HL_to_HH,long,2358,2359,2361,2024-12-19 08:56:00,70.4,70.14,0.2600000000000051,2024-12-19 09:02:00,70.51,2024-12-19 09:02:00,70.51,target,6.0,70.382,70.364,70.4,110.00612450877226,423.100478879885,46.54105267678711,11000.612450877226,11047.153503554013,0
504,HL_to_HH,long,2360,2361,2363,2024-12-19 09:03:00,70.47,70.38,0.0900000000000034,2024-12-19 09:11:00,70.57,2024-12-19 09:05:00,70.38,stop,2.0,70.49,70.472,70.508,110.47153503554011,1227.4615003948438,-110.47153503554011,11047.153503554013,10936.681968518473,0
505,LH_to_LL,short,2373,2374,2376,2024-12-19 09:45:00,70.35,70.41,0.0600000000000022,2024-12-19 09:46:00,70.27,2024-12-19 09:46:00,70.27,target,1.0,70.382,70.364,70.4,109.36681968518474,1822.7803280863432,145.82242624690434,10936.681968518473,11082.504394765378,0
506,LH_to_LL,short,2375,2376,2378,2024-12-19 09:47:00,70.31,70.36,0.0499999999999971,2024-12-19 09:56:00,70.26,2024-12-19 09:47:00,70.36,stop,0.0,70.31,70.292,70.328,110.82504394765378,2216.5008789532017,-110.82504394765378,11082.504394765378,10971.679350817723,0
507,LH_to_LL,short,2381,2382,2384,2024-12-19 10:12:00,70.13,70.28,0.1500000000000056,2024-12-19 10:17:00,69.91,2024-12-19 10:17:00,69.91,target,5.0,70.13,70.112,70.148,109.71679350817725,731.4452900544871,160.91796381198634,10971.679350817723,11132.59731462971,0
508,LH_to_LL,short,2383,2384,2390,2024-12-19 10:18:00,69.94,70.13,0.1899999999999977,2024-12-19 10:37:00,69.81,2024-12-19 10:37:00,69.81,target,19.0,69.95,69.932,69.968,111.32597314629707,585.9261744542022,76.17040267904362,11132.59731462971,11208.767717308752,0
509,LH_to_LL,short,2391,2392,2394,2024-12-19 10:44:00,69.78,69.9,0.1200000000000045,2024-12-19 10:49:00,69.76,2024-12-19 10:49:00,69.76,target,5.0,69.842,69.824,69.86,112.08767717308751,934.0639764423606,18.681279528843497,11208.767717308752,11227.448996837596,0
510,LH_to_LL,short,2393,2394,2396,2024-12-19 10:50:00,69.78,69.81,0.0300000000000011,2024-12-19 11:02:00,69.63,2024-12-19 10:50:00,69.81,stop,0.0,69.77,69.752,69.788,112.27448996837596,3742.482998945724,-112.27448996837596,11227.448996837596,11115.17450686922,0
511,LH_to_LL,short,2399,2400,2406,2024-12-19 11:22:00,69.45,69.61,0.1599999999999966,2024-12-19 11:37:00,69.37,2024-12-19 11:31:00,69.61,stop,9.0,69.482,69.464,69.5,111.1517450686922,694.6984066793411,-111.1517450686922,11115.17450686922,11004.022761800528,0
512,LH_to_LL,short,2407,2408,2412,2024-12-19 11:45:00,69.38,69.43,0.0500000000000113,2024-12-19 11:58:00,69.28,2024-12-19 11:45:00,69.43,stop,0.0,69.41,69.392,69.428,110.04022761800528,2200.804552359605,-110.04022761800528,11004.022761800528,10893.982534182524,0
513,HL_to_HH,long,2418,2419,2421,2024-12-19 12:38:00,69.39,69.29,0.0999999999999943,2024-12-19 13:02:00,69.43,2024-12-19 12:43:00,69.29,stop,5.0,69.41,69.392,69.428,108.93982534182524,1089.3982534183144,-108.93982534182524,10893.982534182524,10785.042708840698,0
514,HL_to_HH,long,2422,2423,2425,2024-12-19 13:10:00,69.37,69.35,0.0200000000000102,2024-12-19 13:13:00,69.5,2024-12-19 13:13:00,69.5,target,3.0,69.41,69.392,69.428,107.85042708840696,5392.52135441759,701.0277760742622,10785.042708840698,11486.07048491496,0
515,HL_to_HH,long,2424,2425,2429,2024-12-19 13:14:00,69.47,69.37,0.0999999999999943,2024-12-19 13:37:00,69.48,2024-12-19 13:26:00,69.37,stop,12.0,69.482,69.464,69.5,114.8607048491496,1148.6070484915615,-114.8607048491496,11486.07048491496,11371.20978006581,0
516,LH_to_LL,short,2431,2432,2438,2024-12-19 14:15:00,69.29,69.47,0.1799999999999926,2024-12-19 15:03:00,69.19,2024-12-19 15:03:00,69.19,target,48.0,69.23,69.212,69.248,113.7120978006581,631.7338766703488,63.17338766704026,11371.20978006581,11434.38316773285,0
517,LH_to_LL,short,2437,2438,2440,2024-12-19 15:04:00,69.22,69.33,0.1099999999999994,2024-12-19 15:13:00,69.17,2024-12-19 15:13:00,69.17,target,9.0,69.23,69.212,69.248,114.34383167732852,1039.48937888481,51.97446894423754,11434.38316773285,11486.357636677089,0
518,LH_to_LL,short,2443,2444,2446,2024-12-19 15:39:00,69.14,69.19,0.0499999999999971,2024-12-19 16:01:00,69.1,2024-12-19 15:44:00,69.19,stop,5.0,69.122,69.104,69.14,114.86357636677089,2297.2715273355484,-114.86357636677089,11486.357636677089,11371.494060310317,0
519,HL_to_HH,long,2448,2449,2455,2024-12-19 18:23:00,69.25,69.19,0.0600000000000022,2024-12-19 20:06:00,69.12,2024-12-19 19:00:00,69.19,stop,37.0,69.23,69.212,69.248,113.71494060310316,1895.2490100516477,-113.71494060310316,11371.494060310317,11257.779119707213,0
520,LH_to_LL,short,2451,2452,2456,2024-12-19 19:59:00,69.11,69.13,0.019999999999996,2024-12-19 20:22:00,69.03,2024-12-19 20:05:00,69.13,stop,6.0,69.122,69.104,69.14,112.57779119707212,5628.889559854726,-112.57779119707212,11257.779119707213,11145.20132851014,0
521,LH_to_LL,short,2461,2462,2464,2024-12-19 22:09:00,68.98,69.0,0.019999999999996,2024-12-19 22:57:00,68.91,2024-12-19 22:14:00,69.0,stop,5.0,68.97800000000001,68.96000000000001,68.99600000000001,111.4520132851014,5572.600664256179,-111.4520132851014,11145.20132851014,11033.74931522504,0
522,HL_to_HH,long,2470,2471,2475,2024-12-20 01:49:00,69.14,69.12,0.019999999999996,2024-12-20 02:28:00,69.09,2024-12-20 01:49:00,69.12,stop,0.0,69.122,69.104,69.14,110.3374931522504,5516.874657613617,-110.3374931522504,11033.74931522504,10923.411822072789,0
523,LH_to_LL,short,2477,2478,2482,2024-12-20 03:03:00,68.94,69.03,0.0900000000000034,2024-12-20 03:16:00,68.93,2024-12-20 03:16:00,68.93,target,13.0,68.97800000000001,68.96000000000001,68.99600000000001,109.2341182207279,1213.7124246747085,12.137124246736043,10923.411822072789,10935.548946319524,0
524,HL_to_HH,long,2484,2485,2493,2024-12-20 03:40:00,69.06,68.98,0.0799999999999983,2024-12-20 04:41:00,68.8,2024-12-20 03:44:00,68.98,stop,4.0,69.05,69.032,69.068,109.35548946319524,1366.9436182899697,-109.35548946319524,10935.548946319524,10826.193456856328,0
525,LH_to_LL,short,2487,2488,2490,2024-12-20 04:08:00,68.79,68.86,0.0699999999999931,2024-12-20 04:22:00,68.75,2024-12-20 04:22:00,68.75,target,14.0,68.834,68.816,68.852,108.26193456856328,1546.5990652653406,61.86396261062329,10826.193456856328,10888.057419466952,0
526,LH_to_LL,short,2489,2490,2492,2024-12-20 04:23:00,68.78,68.85,0.0699999999999931,2024-12-20 04:36:00,68.66,2024-12-20 04:36:00,68.66,target,13.0,68.762,68.744,68.78,108.88057419466952,1555.436774209716,186.652412905173,10888.057419466952,11074.709832372124,0
527,LH_to_LL,short,2491,2492,2496,2024-12-20 04:37:00,68.68,68.81,0.1299999999999954,2024-12-20 04:56:00,68.66,2024-12-20 04:40:00,68.81,stop,3.0,68.69,68.672,68.708,110.74709832372125,851.9007563363471,-110.74709832372125,11074.709832372124,10963.962734048402,0
528,LH_to_LL,short,2497,2498,2502,2024-12-20 05:04:00,68.65,68.71,0.059999999999988,2024-12-20 05:31:00,68.59,2024-12-20 05:05:00,68.71,stop,1.0,68.69,68.672,68.708,109.63962734048404,1827.327122341764,-109.63962734048404,10963.962734048402,10854.323106707918,0
529,LH_to_LL,short,2501,2502,2506,2024-12-20 05:32:00,68.64,68.67,0.0300000000000011,2024-12-20 05:42:00,68.64,2024-12-20 05:32:00,68.67,stop,0.0,68.618,68.6,68.636,108.54323106707918,3618.1077022358354,-108.54323106707918,10854.323106707918,10745.77987564084,0
530,LH_to_LL,short,2513,2514,2522,2024-12-20 06:59:00,68.51,68.56,0.0499999999999971,2024-12-20 08:06:00,69.02,2024-12-20 07:03:00,68.56,stop,4.0,68.51,68.492,68.528,107.4577987564084,2149.1559751282903,-107.4577987564084,10745.77987564084,10638.322076884431,0
531,HL_to_HH,long,2516,2517,2519,2024-12-20 07:26:00,68.73,68.62,0.1099999999999994,2024-12-20 07:54:00,69.1,2024-12-20 07:54:00,69.1,target,28.0,68.69,68.672,68.708,106.38322076884432,967.1201888076804,357.83446985883245,10638.322076884431,10996.156546743265,0
532,HL_to_HH,long,2518,2519,2521,2024-12-20 07:55:00,69.04,68.68,0.3599999999999994,2024-12-20 07:58:00,69.13,2024-12-20 07:58:00,69.13,target,3.0,69.05,69.032,69.068,109.96156546743264,305.4487929650911,27.4903913668549,10996.156546743265,11023.646938110118,0
533,HL_to_HH,long,2520,2521,2525,2024-12-20 08:03:00,69.06,69.05,0.0100000000000051,2024-12-20 08:19:00,69.15,2024-12-20 08:03:00,69.05,stop,0.0,69.05,69.032,69.068,110.2364693811012,11023.64693810448,-110.2364693811012,11023.646938110118,10913.410468729016,0
534,HL_to_HH,long,2524,2525,2527,2024-12-20 08:20:00,69.09,69.06,0.0300000000000011,2024-12-20 08:22:00,69.17,2024-12-20 08:22:00,69.17,target,2.0,69.122,69.104,69.14,109.13410468729016,3637.8034895762007,291.02427916608985,10913.410468729016,11204.434747895106,0
535,HL_to_HH,long,2526,2527,2529,2024-12-20 08:24:00,69.14,69.1,0.0400000000000062,2024-12-20 08:33:00,69.17,2024-12-20 08:25:00,69.1,stop,1.0,69.122,69.104,69.14,112.04434747895108,2801.108686973339,-112.04434747895108,11204.434747895106,11092.390400416154,0
536,HL_to_HH,long,2528,2529,2531,2024-12-20 08:34:00,69.13,69.12,0.0099999999999909,2024-12-20 08:37:00,69.17,2024-12-20 08:34:00,69.12,stop,0.0,69.122,69.104,69.14,110.92390400416154,11092.390400426242,-110.92390400416154,11092.390400416154,10981.466496411991,0
537,HL_to_HH,long,2530,2531,2535,2024-12-20 08:38:00,69.14,69.13,0.0100000000000051,2024-12-20 09:07:00,69.04,2024-12-20 08:38:00,69.13,stop,0.0,69.158,69.14,69.176,109.81466496411991,10981.466496406374,-109.81466496411991,10981.466496411991,10871.651831447873,0
538,LH_to_LL,short,2533,2534,2538,2024-12-20 09:02:00,68.74,68.93,0.1900000000000119,2024-12-20 09:19:00,68.84,2024-12-20 09:04:00,68.93,stop,2.0,68.69,68.672,68.708,108.71651831447872,572.1922016551152,-108.71651831447872,10871.651831447873,10762.935313133394,0
539,LH_to_LL,short,2537,2538,2540,2024-12-20 09:20:00,68.87,68.92,0.0499999999999971,2024-12-20 09:25:00,68.79,2024-12-20 09:25:00,68.79,target,5.0,68.87,68.852,68.888,107.62935313133394,2152.587062626801,172.20696501014044,10762.935313133394,10935.142278143534,0
540,LH_to_LL,short,2541,2542,2544,2024-12-20 09:41:00,68.73,68.82,0.0899999999999892,2024-12-20 09:49:00,68.48,2024-12-20 09:49:00,68.48,target,8.0,68.69,68.672,68.708,109.35142278143536,1215.0158086827607,303.7539521706902,10935.142278143534,11238.896230314223,0
541,LH_to_LL,short,2543,2544,2548,2024-12-20 09:50:00,68.54,68.76,0.2199999999999988,2024-12-20 10:00:00,68.55,2024-12-20 10:00:00,68.55,target,10.0,68.51,68.492,68.528,112.38896230314224,510.85891955974006,-5.108589195592755,11238.896230314223,11233.78764111863,0
542,HL_to_HH,long,2550,2551,2553,2024-12-20 10:16:00,68.74,68.6,0.1400000000000005,2024-12-20 10:23:00,68.94,2024-12-20 10:23:00,68.94,target,7.0,68.69,68.672,68.708,112.3378764111863,802.4134029370417,160.4826805874106,11233.78764111863,11394.27032170604,0
543,HL_to_HH,long,2554,2555,2557,2024-12-20 10:32:00,69.02,68.89,0.1299999999999954,2024-12-20 10:59:00,69.12,2024-12-20 10:47:00,68.89,stop,15.0,69.05,69.032,69.068,113.9427032170604,876.4823324389569,-113.9427032170604,11394.27032170604,11280.32761848898,0
544,HL_to_HH,long,2556,2557,2559,2024-12-20 11:01:00,69.1,68.9,0.1999999999999886,2024-12-20 11:12:00,69.29,2024-12-20 11:12:00,69.29,target,11.0,69.05,69.032,69.068,112.8032761848898,564.016380924481,107.16311237565812,11280.32761848898,11387.490730864638,0
545,HL_to_HH,long,2560,2561,2565,2024-12-20 11:26:00,69.42,69.24,0.1800000000000068,2024-12-20 11:49:00,69.37,2024-12-20 11:33:00,69.24,stop,7.0,69.41,69.392,69.428,113.8749073086464,632.6383739369004,-113.8749073086464,11387.490730864638,11273.615823555992,0
546,HL_to_HH,long,2568,2569,2571,2024-12-20 12:00:00,69.35,69.27,0.0799999999999983,2024-12-20 12:22:00,69.57,2024-12-20 12:22:00,69.57,target,22.0,69.302,69.284,69.32000000000001,112.73615823555993,1409.201977944529,310.0244351477948,11273.615823555992,11583.640258703786,0
547,HL_to_HH,long,2572,2573,2577,2024-12-20 12:48:00,69.61,69.52,0.0900000000000034,2024-12-20 13:06:00,69.62,2024-12-20 13:06:00,69.62,target,18.0,69.59,69.572,69.608,115.83640258703788,1287.0711398559274,12.87071139856586,11583.640258703786,11596.510970102352,0
548,HL_to_HH,long,2576,2577,2579,2024-12-20 13:07:00,69.62,69.58,0.0400000000000062,2024-12-20 13:17:00,69.7,2024-12-20 13:07:00,69.58,stop,0.0,69.59,69.572,69.608,115.96510970102352,2899.127742525134,-115.96510970102352,11596.510970102352,11480.54586040133,0
549,HL_to_HH,long,2578,2579,2581,2024-12-20 13:18:00,69.68,69.59,0.0900000000000034,2024-12-20 13:30:00,69.7,2024-12-20 13:21:00,69.59,stop,3.0,69.662,69.644,69.68,114.8054586040133,1275.6162067112105,-114.8054586040133,11480.54586040133,11365.740401797317,0
550,HL_to_HH,long,2580,2581,2583,2024-12-20 13:31:00,69.68,69.61,0.0700000000000073,2024-12-20 13:50:00,69.83,2024-12-20 13:50:00,69.83,target,19.0,69.662,69.644,69.68,113.65740401797316,1623.677200256588,243.55158003847436,11365.740401797317,11609.291981835791,0
551,HL_to_HH,long,2582,2583,2585,2024-12-20 13:51:00,69.8,69.65,0.1499999999999914,2024-12-20 13:55:00,69.83,2024-12-20 13:55:00,69.83,target,4.0,69.77,69.752,69.788,116.09291981835791,773.9527987890967,23.218583963673783,11609.291981835791,11632.510565799465,0
552,LH_to_LL,short,2591,2592,2602,2024-12-20 14:55:00,69.46,69.54,0.0800000000000125,2024-12-20 16:35:00,69.46,2024-12-20 15:16:00,69.54,stop,21.0,69.482,69.464,69.5,116.32510565799464,1454.0638207247057,-116.32510565799464,11632.510565799465,11516.18546014147,0
553,LH_to_LL,short,2625,2626,2628,2024-12-23 00:03:00,69.83,69.88,0.0499999999999971,2024-12-23 00:28:00,69.8,2024-12-23 00:28:00,69.8,target,25.0,69.842,69.824,69.86,115.1618546014147,2303.237092028425,69.09711276085537,11516.18546014147,11585.282572902326,0
554,LH_to_LL,short,2627,2628,2630,2024-12-23 00:32:00,69.82,69.85,0.0300000000000011,2024-12-23 01:12:00,69.73,2024-12-23 00:42:00,69.85,stop,10.0,69.842,69.824,69.86,115.85282572902328,3861.7608576339626,-115.85282572902328,11585.282572902326,11469.429747173304,0
555,LH_to_LL,short,2629,2630,2634,2024-12-23 01:14:00,69.74,69.84,0.1000000000000085,2024-12-23 02:06:00,69.75,2024-12-23 01:32:00,69.84,stop,18.0,69.77,69.752,69.788,114.69429747173302,1146.9429747172323,-114.69429747173302,11469.429747173304,11354.73544970157,0
556,LH_to_LL,short,2633,2634,2636,2024-12-23 02:07:00,69.77,69.83,0.0600000000000022,2024-12-23 02:59:00,69.69,2024-12-23 02:16:00,69.83,stop,9.0,69.77,69.752,69.788,113.5473544970157,1892.4559082835233,-113.5473544970157,11354.73544970157,11241.188095204554,0
557,LH_to_LL,short,2637,2638,2640,2024-12-23 03:06:00,69.65,69.72,0.0699999999999931,2024-12-23 03:22:00,69.6,2024-12-23 03:07:00,69.72,stop,1.0,69.662,69.644,69.68,112.41188095204554,1605.884013600807,-112.41188095204554,11241.188095204554,11128.776214252508,0
558,LH_to_LL,short,2641,2642,2648,2024-12-23 03:34:00,69.59,69.66,0.0699999999999931,2024-12-23 04:05:00,69.68,2024-12-23 03:37:00,69.66,stop,3.0,69.59,69.572,69.608,111.28776214252508,1589.825173464799,-111.28776214252508,11128.776214252508,11017.488452109985,0
559,HL_to_HH,long,2644,2645,2649,2024-12-23 03:53:00,69.72,69.63,0.0900000000000034,2024-12-23 04:17:00,69.9,2024-12-23 04:17:00,69.9,target,24.0,69.77,69.752,69.788,110.17488452109984,1224.1653835677296,220.34976904219965,11017.488452109985,11237.838221152182,0
560,HL_to_HH,long,2650,2651,2659,2024-12-23 04:34:00,69.86,69.83,0.0300000000000011,2024-12-23 05:47:00,69.32,2024-12-23 04:35:00,69.83,stop,1.0,69.842,69.824,69.86,112.37838221152182,3745.946073717252,-112.37838221152182,11237.838221152182,11125.45983894066,0
561,LH_to_LL,short,2661,2662,2666,2024-12-23 06:05:00,69.23,69.29,0.0600000000000022,2024-12-23 06:22:00,69.19,2024-12-23 06:07:00,69.29,stop,2.0,69.23,69.212,69.248,111.2545983894066,1854.24330649004,-111.2545983894066,11125.45983894066,11014.205240551251,0
562,LH_to_LL,short,2669,2670,2676,2024-12-23 07:03:00,69.23,69.24,0.0099999999999909,2024-12-23 07:45:00,69.1,2024-12-23 07:03:00,69.24,stop,0.0,69.23,69.212,69.248,110.14205240551252,11014.20524056127,-110.14205240551252,11014.205240551251,10904.06318814574,0
563,HL_to_HH,long,2672,2673,2675,2024-12-23 07:17:00,69.26,69.24,0.0200000000000102,2024-12-23 07:29:00,69.39,2024-12-23 07:29:00,69.39,target,12.0,69.266,69.248,69.284,109.0406318814574,5452.031594070081,708.7641072290858,10904.06318814574,11612.827295374827,0
564,HL_to_HH,long,2674,2675,2681,2024-12-23 07:32:00,69.32,69.26,0.059999999999988,2024-12-23 08:09:00,69.14,2024-12-23 07:36:00,69.26,stop,4.0,69.302,69.284,69.32000000000001,116.12827295374828,1935.4712158961895,-116.12827295374828,11612.827295374827,11496.69902242108,0
565,LH_to_LL,short,2677,2678,2686,2024-12-23 08:01:00,69.12,69.15,0.0300000000000011,2024-12-23 08:44:00,69.02,2024-12-23 08:09:00,69.15,stop,8.0,69.122,69.104,69.14,114.9669902242108,3832.233007473548,-114.9669902242108,11496.69902242108,11381.732032196867,0
566,LH_to_LL,short,2685,2686,2690,2024-12-23 08:45:00,69.06,69.18,0.1200000000000045,2024-12-23 09:00:00,69.04,2024-12-23 08:55:00,69.18,stop,10.0,69.05,69.032,69.068,113.81732032196868,948.4776693497032,-113.81732032196868,11381.732032196867,11267.9147118749,0
567,HL_to_HH,long,2694,2695,2697,2024-12-23 09:28:00,69.3,69.25,0.0499999999999971,2024-12-23 09:31:00,69.36,2024-12-23 09:31:00,69.36,target,3.0,69.302,69.284,69.32000000000001,112.679147118749,2253.582942375108,135.21497654251158,11267.9147118749,11403.12968841741,0
568,HL_to_HH,long,2696,2697,2699,2024-12-23 09:32:00,69.31,69.3,0.0100000000000051,2024-12-23 09:37:00,69.4,2024-12-23 09:32:00,69.3,stop,0.0,69.302,69.284,69.32000000000001,114.0312968841741,11403.129688411576,-114.0312968841741,11403.12968841741,11289.098391533236,0
569,LH_to_LL,short,2701,2702,2704,2024-12-23 09:54:00,69.11,69.18,0.0700000000000073,2024-12-23 10:00:00,69.06,2024-12-23 09:54:00,69.18,stop,0.0,69.122,69.104,69.14,112.89098391533236,1612.728341647435,-112.89098391533236,11289.098391533236,11176.207407617903,0
570,LH_to_LL,short,2705,2706,2708,2024-12-23 10:23:00,69.02,69.15,0.1300000000000096,2024-12-23 10:38:00,68.81,2024-12-23 10:38:00,68.81,target,15.0,69.05,69.032,69.068,111.76207407617903,859.7082621243902,180.53873504611656,11176.207407617903,11356.74614266402,0
571,LH_to_LL,short,2709,2710,2716,2024-12-23 11:01:00,68.76,68.91,0.1499999999999914,2024-12-23 11:25:00,68.71,2024-12-23 11:04:00,68.91,stop,3.0,68.69,68.672,68.708,113.5674614266402,757.1164095109777,-113.5674614266402,11356.74614266402,11243.17868123738,0
572,LH_to_LL,short,2715,2716,2718,2024-12-23 11:26:00,68.75,68.89,0.1400000000000005,2024-12-23 11:30:00,68.7,2024-12-23 11:30:00,68.7,target,4.0,68.762,68.744,68.78,112.4317868123738,803.0841915169525,40.15420957584534,11243.17868123738,11283.332890813224,0
573,HL_to_HH,long,2726,2727,2729,2024-12-23 13:08:00,69.06,68.93,0.1299999999999954,2024-12-23 13:16:00,69.15,2024-12-23 13:16:00,69.15,target,8.0,69.05,69.032,69.068,112.83332890813224,867.9486839087399,78.11538155178955,11283.332890813224,11361.448272365014,0
574,HL_to_HH,long,2728,2729,2731,2024-12-23 13:17:00,69.1,69.06,0.039999999999992,2024-12-23 14:01:00,69.44,2024-12-23 13:18:00,69.06,stop,1.0,69.122,69.104,69.14,113.61448272365014,2840.362068091819,-113.61448272365014,11361.448272365014,11247.833789641363,0
575,LH_to_LL,short,2739,2740,2742,2024-12-23 14:28:00,69.29,69.36,0.0699999999999931,2024-12-23 14:29:00,69.22,2024-12-23 14:29:00,69.22,target,1.0,69.302,69.284,69.32000000000001,112.47833789641363,1606.8333985203517,112.47833789643649,11247.833789641363,11360.312127537802,0
576,LH_to_LL,short,2741,2742,2748,2024-12-23 14:30:00,69.25,69.28,0.0300000000000011,2024-12-23 15:20:00,69.36,2024-12-23 14:30:00,69.28,stop,0.0,69.23,69.212,69.248,113.60312127537802,3786.770709179123,-113.60312127537802,11360.312127537802,11246.709006262425,0
577,LH_to_LL,short,2747,2748,2754,2024-12-23 15:31:00,69.39,69.47,0.0799999999999983,2024-12-23 16:51:00,69.55,2024-12-23 15:51:00,69.47,stop,20.0,69.41,69.392,69.428,112.46709006262424,1405.8386257828329,-112.46709006262424,11246.709006262425,11134.2419161998,0
578,HL_to_HH,long,2752,2753,2761,2024-12-23 16:46:00,69.6,69.56,0.039999999999992,2024-12-23 19:27:00,69.51,2024-12-23 16:49:00,69.56,stop,3.0,69.59,69.572,69.608,111.342419161998,2783.5604790505035,-111.342419161998,11134.2419161998,11022.8994970378,0
579,LH_to_LL,short,2755,2756,2758,2024-12-23 18:10:00,69.51,69.59,0.0799999999999983,2024-12-23 18:25:00,69.43,2024-12-23 18:25:00,69.43,target,15.0,69.482,69.464,69.5,110.228994970378,1377.8624371297544,110.228994970378,11022.8994970378,11133.128492008178,1
580,LH_to_LL,short,2757,2758,2760,2024-12-23 18:31:00,69.47,69.52,0.0499999999999971,2024-12-23 18:44:00,69.43,2024-12-23 18:44:00,69.43,target,13.0,69.482,69.464,69.5,111.3312849200818,2226.6256984017623,89.06502793605277,11133.128492008178,11222.19351994423,0
581,LH_to_LL,short,2759,2760,2766,2024-12-23 18:55:00,69.47,69.49,0.019999999999996,2024-12-23 20:52:00,69.47,2024-12-23 19:04:00,69.49,stop,9.0,69.482,69.464,69.5,112.22193519944231,5611.096759973232,-112.22193519944231,11222.19351994423,11109.971584744788,0
582,LH_to_LL,short,2771,2772,2774,2024-12-23 22:20:00,69.46,69.51,0.0500000000000113,2024-12-23 22:34:00,69.39,2024-12-23 22:34:00,69.39,target,14.0,69.482,69.464,69.5,111.09971584744788,2221.9943169484523,155.5396021863765,11109.971584744788,11265.511186931164,0
583,LH_to_LL,short,2775,2776,2778,2024-12-23 22:50:00,69.38,69.44,0.0600000000000022,2024-12-23 23:04:00,69.38,2024-12-23 23:04:00,69.38,target,14.0,69.41,69.392,69.428,112.65511186931164,1877.5851978217895,-0.0,11265.511186931164,11265.511186931164,0
584,LH_to_LL,short,2777,2778,2792,2024-12-23 23:05:00,69.39,69.42,0.0300000000000011,2024-12-24 02:02:00,69.52,2024-12-23 23:07:00,69.42,stop,2.0,69.41,69.392,69.428,112.65511186931164,3755.170395643579,-112.65511186931164,11265.511186931164,11152.856075061853,0
585,HL_to_HH,long,2782,2783,2785,2024-12-24 00:30:00,69.53,69.49,0.0400000000000062,2024-12-24 00:47:00,69.59,2024-12-24 00:31:00,69.49,stop,1.0,69.518,69.5,69.536,111.52856075061852,2788.214018765027,-111.52856075061852,11152.856075061853,11041.327514311231,0
586,HL_to_HH,long,2784,2785,2787,2024-12-24 00:48:00,69.58,69.5,0.0799999999999983,2024-12-24 01:27:00,69.58,2024-12-24 01:02:00,69.5,stop,14.0,69.59,69.572,69.608,110.41327514311232,1380.1659392889335,-110.41327514311232,11041.327514311231,10930.914239168122,0
587,HL_to_HH,long,2786,2787,2793,2024-12-24 01:28:00,69.56,69.5,0.0600000000000022,2024-12-24 02:24:00,69.63,2024-12-24 02:24:00,69.63,target,56.0,69.59,69.572,69.608,109.30914239168122,1821.8190398612849,127.52733279027753,10930.914239168122,11058.4415719584,0
588,LH_to_LL,short,2799,2800,2806,2024-12-24 03:42:00,69.69,69.75,0.0600000000000022,2024-12-24 04:38:00,69.68,2024-12-24 03:54:00,69.75,stop,12.0,69.662,69.644,69.68,110.584415719584,1843.0735953263304,-110.584415719584,11058.4415719584,10947.857156238815,0
589,HL_to_HH,long,2796,2797,2801,2024-12-24 03:16:00,69.77,69.59,0.1799999999999926,2024-12-24 04:01:00,69.78,2024-12-24 04:01:00,69.78,target,45.0,69.77,69.752,69.788,110.584415719584,614.3578651088252,6.143578651091395,11058.4415719584,10954.000734889907,0
590,HL_to_HH,long,2802,2803,2805,2024-12-24 04:11:00,69.76,69.73,0.0300000000000011,2024-12-24 04:27:00,69.82,2024-12-24 04:13:00,69.73,stop,2.0,69.77,69.752,69.788,109.54000734889908,3651.3335782964978,-109.54000734889908,10954.000734889907,10844.460727541007,0
591,HL_to_HH,long,2804,2805,2813,2024-12-24 04:30:00,69.8,69.74,0.0600000000000022,2024-12-24 05:25:00,69.82,2024-12-24 04:31:00,69.74,stop,1.0,69.77,69.752,69.788,108.44460727541008,1807.4101212567664,-108.44460727541008,10844.460727541007,10736.016120265596,0
592,LH_to_LL,short,2807,2808,2810,2024-12-24 04:54:00,69.68,69.73,0.0499999999999971,2024-12-24 05:04:00,69.58,2024-12-24 04:57:00,69.73,stop,3.0,69.662,69.644,69.68,107.36016120265596,2147.2032240532412,-107.36016120265596,10736.016120265596,10628.65595906294,0
593,LH_to_LL,short,2809,2810,2824,2024-12-24 05:10:00,69.65,69.72,0.0699999999999931,2024-12-24 07:10:00,69.52,2024-12-24 05:19:00,69.72,stop,9.0,69.662,69.644,69.68,106.2865595906294,1518.3794227234253,-106.2865595906294,10628.65595906294,10522.36939947231,0
594,HL_to_HH,long,2812,2813,2815,2024-12-24 05:28:00,69.78,69.63,0.1500000000000056,2024-12-24 05:38:00,69.81,2024-12-24 05:38:00,69.81,target,10.0,69.77,69.752,69.788,105.2236939947231,701.4912932981275,21.04473879894462,10522.36939947231,10543.414138271257,0
595,HL_to_HH,long,2814,2815,2817,2024-12-24 05:44:00,69.77,69.76,0.0099999999999909,2024-12-24 06:06:00,69.95,2024-12-24 05:44:00,69.76,stop,0.0,69.77,69.752,69.788,105.43414138271255,10543.414138280845,-105.43414138271255,10543.414138271257,10437.979996888542,0
596,HL_to_HH,long,2816,2817,2819,2024-12-24 06:10:00,69.85,69.77,0.0799999999999983,2024-12-24 06:21:00,69.97,2024-12-24 06:21:00,69.97,target,11.0,69.842,69.824,69.86,104.37979996888542,1304.7474996110957,156.5696999533374,10437.979996888542,10594.54969684188,0
597,HL_to_HH,long,2818,2819,2827,2024-12-24 06:22:00,69.94,69.85,0.0900000000000034,2024-12-24 07:29:00,69.82,2024-12-24 06:35:00,69.85,stop,13.0,69.95,69.932,69.968,105.9454969684188,1177.172188537942,-105.9454969684188,10594.54969684188,10488.60419987346,0
598,HL_to_HH,long,2826,2827,2831,2024-12-24 07:30:00,69.76,69.53,0.2300000000000039,2024-12-24 07:55:00,69.82,2024-12-24 07:55:00,69.82,target,25.0,69.77,69.752,69.788,104.8860419987346,456.02626955970777,27.36157617357702,10488.60419987346,10515.965776047036,0
599,HL_to_HH,long,2830,2831,2839,2024-12-24 07:56:00,69.76,69.72,0.0400000000000062,2024-12-24 08:26:00,69.82,2024-12-24 07:57:00,69.72,stop,1.0,69.77,69.752,69.788,105.15965776047037,2628.991444011348,-105.15965776047037,10515.965776047036,10410.806118286566,0
600,LH_to_LL,short,2837,2838,2848,2024-12-24 08:18:00,69.66,69.72,0.0600000000000022,2024-12-24 09:15:00,70.08,2024-12-24 08:18:00,69.72,stop,0.0,69.662,69.644,69.68,104.10806118286564,1735.1343530476952,-104.10806118286564,10410.806118286566,10306.6980571037,0
601,HL_to_HH,long,2840,2841,2843,2024-12-24 08:38:00,69.87,69.76,0.1099999999999994,2024-12-24 08:47:00,69.92,2024-12-24 08:47:00,69.92,target,9.0,69.842,69.824,69.86,103.066980571037,936.9725506457958,46.848627532287125,10306.6980571037,10353.546684635989,0
602,HL_to_HH,long,2842,2843,2845,2024-12-24 08:50:00,69.89,69.84,0.0499999999999971,2024-12-24 09:05:00,70.26,2024-12-24 08:52:00,69.84,stop,2.0,69.842,69.824,69.86,103.53546684635988,2070.7093369273152,-103.53546684635988,10353.546684635989,10250.011217789626,0
603,LH_to_LL,short,2851,2852,2856,2024-12-24 09:39:00,69.98,70.15,0.1700000000000017,2024-12-24 09:51:00,70.04,2024-12-24 09:44:00,70.15,stop,5.0,69.95,69.932,69.968,102.50011217789628,602.9418363405603,-102.50011217789628,10250.011217789626,10147.51110561173,0
604,HL_to_HH,long,2858,2859,2863,2024-12-24 10:36:00,70.38,70.25,0.1299999999999954,2024-12-24 11:23:00,70.34,2024-12-24 10:50:00,70.25,stop,14.0,70.382,70.364,70.4,101.4751110561173,780.5777773547758,-101.4751110561173,10147.51110561173,10046.035994555612,0
605,HL_to_HH,long,2862,2863,2865,2024-12-24 11:24:00,70.32,70.14,0.1799999999999926,2024-12-24 11:34:00,70.35,2024-12-24 11:34:00,70.35,target,10.0,70.31,70.292,70.328,100.46035994555612,558.113110808668,16.743393324260673,10046.035994555612,10062.779387879871,0
606,HL_to_HH,long,2864,2865,2867,2024-12-24 11:35:00,70.3,70.28,0.019999999999996,2024-12-24 11:51:00,70.35,2024-12-24 11:36:00,70.28,stop,1.0,70.31,70.292,70.328,100.62779387879873,5031.389693940937,-100.62779387879873,10062.779387879871,9962.151594001074,0
607,HL_to_HH,long,2866,2867,2873,2024-12-24 11:52:00,70.32,70.3,0.019999999999996,2024-12-24 12:17:00,70.18,2024-12-24 11:52:00,70.3,stop,0.0,70.31,70.292,70.328,99.62151594001074,4981.0757970015275,-99.62151594001074,9962.151594001074,9862.530078061063,0
608,LH_to_LL,short,2869,2870,2876,2024-12-24 12:07:00,70.15,70.27,0.1199999999999903,2024-12-24 12:32:00,70.09,2024-12-24 12:32:00,70.09,target,25.0,70.13,70.112,70.148,98.62530078061064,821.8775065051548,49.31265039031115,9862.530078061063,9911.842728451376,0
609,LH_to_LL,short,2879,2880,2882,2024-12-24 12:57:00,70.03,70.05,0.019999999999996,2024-12-24 13:04:00,69.99,2024-12-24 12:59:00,70.05,stop,2.0,70.022,70.004,70.04,99.11842728451374,4955.921364226673,-99.11842728451374,9911.842728451376,9812.724301166862,0
610,LH_to_LL,short,2881,2882,2886,2024-12-24 13:05:00,70.02,70.04,0.0200000000000102,2024-12-24 13:26:00,69.95,2024-12-24 13:05:00,70.04,stop,0.0,70.022,70.004,70.04,98.1272430116686,4906.362150580921,-98.1272430116686,9812.724301166862,9714.597058155194,0
611,LH_to_LL,short,2885,2886,2898,2024-12-24 13:27:00,69.96,70.07,0.1099999999999994,2024-12-25 18:45:00,70.21,2024-12-24 13:28:00,70.07,stop,1.0,69.95,69.932,69.968,97.14597058155194,883.1451871050222,-97.14597058155194,9714.597058155194,9617.45108757364,0
613,HL_to_HH,long,2894,2895,2901,2024-12-25 18:22:00,70.27,70.22,0.0499999999999971,2024-12-25 20:03:00,70.31,2024-12-25 18:36:00,70.22,stop,14.0,70.274,70.256,70.292,97.45683768741284,1949.1367537483677,-97.45683768741284,9745.683768741284,9648.22693105387,0
614,HL_to_HH,long,2900,2901,2903,2024-12-25 20:04:00,70.29,70.2,0.0900000000000034,2024-12-25 20:30:00,70.33,2024-12-25 20:30:00,70.33,target,26.0,70.31,70.292,70.328,96.48226931053873,1072.025214561501,42.88100858245149,9648.22693105387,9691.107939636322,0
615,HL_to_HH,long,2902,2903,2905,2024-12-25 20:31:00,70.33,70.25,0.0799999999999983,2024-12-25 21:15:00,70.34,2024-12-25 20:43:00,70.25,stop,12.0,70.31,70.292,70.328,96.91107939636322,1211.3884924545662,-96.91107939636322,9691.107939636322,9594.19686023996,0
616,LH_to_LL,short,2907,2908,2912,2024-12-25 21:45:00,70.23,70.28,0.0499999999999971,2024-12-26 00:23:00,70.1,2024-12-25 21:50:00,70.28,stop,5.0,70.202,70.184,70.22,95.9419686023996,1918.839372048101,-95.9419686023996,9594.19686023996,9498.25489163756,0
617,LH_to_LL,short,2911,2912,2916,2024-12-26 00:24:00,70.14,70.42,0.2800000000000011,2024-12-26 01:04:00,70.18,2024-12-26 01:04:00,70.18,target,40.0,70.13,70.112,70.148,94.9825489163756,339.22338898705436,-13.568935559484297,9498.25489163756,9484.685956078076,0
618,LH_to_LL,short,2915,2916,2918,2024-12-26 01:06:00,70.18,70.23,0.0499999999999971,2024-12-26 01:11:00,70.16,2024-12-26 01:11:00,70.16,target,5.0,70.202,70.184,70.22,94.84685956078076,1896.937191215723,37.93874382433387,9484.685956078076,9522.62469990241,0
619,LH_to_LL,short,2917,2918,2920,2024-12-26 01:12:00,70.18,70.21,0.0299999999999869,2024-12-26 01:39:00,70.14,2024-12-26 01:39:00,70.14,target,27.0,70.202,70.184,70.22,95.2262469990241,3174.2082333021867,126.96832933210732,9522.62469990241,9649.593029234517,0
620,LH_to_LL,short,2919,2920,2924,2024-12-26 01:40:00,70.16,70.19,0.0300000000000011,2024-12-26 02:48:00,70.16,2024-12-26 01:46:00,70.19,stop,6.0,70.166,70.148,70.184,96.49593029234516,3216.531009744717,-96.49593029234516,9649.593029234517,9553.097098942171,0
621,HL_to_HH,long,2922,2923,2925,2024-12-26 02:32:00,70.23,70.16,0.0700000000000073,2024-12-26 03:03:00,70.31,2024-12-26 02:41:00,70.16,stop,9.0,70.202,70.184,70.22,95.53097098942172,1364.7281569915947,-95.53097098942172,9553.097098942171,9457.56612795275,0
622,HL_to_HH,long,2926,2927,2929,2024-12-26 03:07:00,70.29,70.27,0.0200000000000102,2024-12-26 03:28:00,70.38,2024-12-26 03:09:00,70.27,stop,2.0,70.31,70.292,70.328,94.57566127952752,4728.783063973956,-94.57566127952752,9457.56612795275,9362.990466673224,0
623,HL_to_HH,long,2930,2931,2933,2024-12-26 04:00:00,70.4,70.31,0.0900000000000034,2024-12-26 04:14:00,70.49,2024-12-26 04:14:00,70.49,target,14.0,70.382,70.364,70.4,93.62990466673224,1040.3322740747633,93.62990466671748,9362.990466673224,9456.62037133994,0
624,HL_to_HH,long,2932,2933,2935,2024-12-26 04:15:00,70.49,70.4,0.0899999999999892,2024-12-26 04:35:00,70.51,2024-12-26 04:35:00,70.51,target,20.0,70.49,70.472,70.508,94.56620371339942,1050.735596815675,21.014711936324257,9456.62037133994,9477.635083276266,0
625,HL_to_HH,long,2934,2935,2937,2024-12-26 04:36:00,70.5,70.46,0.0400000000000062,2024-12-26 05:04:00,70.55,2024-12-26 04:45:00,70.46,stop,9.0,70.49,70.472,70.508,94.77635083276266,2369.408770818696,-94.77635083276266,9477.635083276266,9382.858732443505,0
626,HL_to_HH,long,2936,2937,2941,2024-12-26 05:08:00,70.52,70.47,0.0499999999999971,2024-12-26 06:09:00,70.53,2024-12-26 05:15:00,70.47,stop,7.0,70.49,70.472,70.508,93.82858732443503,1876.571746488807,-93.82858732443503,9382.858732443505,9289.030145119068,0
627,HL_to_HH,long,2948,2949,2951,2024-12-26 08:04:00,70.54,70.33,0.2100000000000079,2024-12-26 08:12:00,70.64,2024-12-26 08:12:00,70.64,target,8.0,70.562,70.544,70.58,92.89030145119068,442.334768815177,44.23347688151518,9289.030145119068,9333.263622000582,0
628,HL_to_HH,long,2950,2951,2953,2024-12-26 08:14:00,70.58,70.54,0.039999999999992,2024-12-26 08:20:00,70.65,2024-12-26 08:20:00,70.65,target,6.0,70.562,70.544,70.58,93.33263622000582,2333.31590550061,163.33211338505993,9333.263622000582,9496.595735385645,0
629,HL_to_HH,long,2952,2953,2955,2024-12-26 08:23:00,70.61,70.58,0.0300000000000011,2024-12-26 08:36:00,70.72,2024-12-26 08:36:00,70.72,target,13.0,70.598,70.58,70.616,94.96595735385642,3165.5319117950944,348.2085102974586,9496.595735385645,9844.8042456831,0
630,HL_to_HH,long,2954,2955,2959,2024-12-26 08:39:00,70.65,70.61,0.0400000000000062,2024-12-26 09:14:00,70.65,2024-12-26 08:40:00,70.61,stop,1.0,70.67,70.652,70.688,98.448042456831,2461.2010614203905,-98.448042456831,9844.8042456831,9746.356203226267,0
631,LH_to_LL,short,2957,2958,2966,2024-12-26 09:09:00,70.55,70.62,0.0700000000000073,2024-12-26 09:43:00,70.57,2024-12-26 09:09:00,70.62,stop,0.0,70.562,70.544,70.58,97.46356203226269,1392.3366004607483,-97.46356203226269,9746.356203226267,9648.892641194008,0
632,HL_to_HH,long,2960,2961,2963,2024-12-26 09:17:00,70.64,70.61,0.0300000000000011,2024-12-26 09:28:00,70.67,2024-12-26 09:17:00,70.61,stop,0.0,70.67,70.652,70.688,96.48892641194008,3216.297547064547,-96.48892641194008,9648.892641194008,9552.403714782067,0
633,HL_to_HH,long,2962,2963,2965,2024-12-26 09:29:00,70.66,70.61,0.0499999999999971,2024-12-26 09:35:00,70.69,2024-12-26 09:30:00,70.61,stop,1.0,70.67,70.652,70.688,95.52403714782068,1910.480742956522,-95.52403714782068,9552.403714782067,9456.879677634246,0
634,HL_to_HH,long,2964,2965,2969,2024-12-26 09:36:00,70.68,70.62,0.0600000000000022,2024-12-26 09:52:00,70.65,2024-12-26 09:38:00,70.62,stop,2.0,70.67,70.652,70.688,94.56879677634248,1576.1466129389814,-94.56879677634248,9456.879677634246,9362.310880857904,0
635,HL_to_HH,long,2968,2969,2979,2024-12-26 09:53:00,70.63,70.61,0.019999999999996,2024-12-26 11:01:00,70.21,2024-12-26 09:54:00,70.61,stop,1.0,70.634,70.616,70.652,93.62310880857903,4681.155440429883,-93.62310880857903,9362.310880857904,9268.687772049325,0
636,LH_to_LL,short,2975,2976,2980,2024-12-26 10:52:00,70.12,70.23,0.1099999999999994,2024-12-26 11:11:00,70.08,2024-12-26 11:00:00,70.23,stop,8.0,70.13,70.112,70.148,92.68687772049326,842.6079792772158,-92.68687772049326,9268.687772049325,9176.000894328832,0
637,LH_to_LL,short,2981,2982,2984,2024-12-26 11:32:00,70.06,70.2,0.1400000000000005,2024-12-26 11:48:00,69.89,2024-12-26 11:48:00,69.89,target,16.0,70.13,70.112,70.148,91.76000894328833,655.4286353091996,111.42286800256504,9176.000894328832,9287.423762331397,0
638,LH_to_LL,short,2983,2984,2990,2024-12-26 11:49:00,69.95,70.12,0.1700000000000017,2024-12-26 12:08:00,69.94,2024-12-26 12:08:00,69.94,target,19.0,69.95,69.932,69.968,92.87423762331396,546.3190448430179,5.463190448432973,9287.423762331397,9292.886952779829,0
639,LH_to_LL,short,2989,2990,2992,2024-12-26 12:09:00,69.94,70.0,0.0600000000000022,2024-12-26 12:31:00,69.83,2024-12-26 12:31:00,69.83,target,22.0,69.95,69.932,69.968,92.92886952779828,1548.8144921299129,170.3695941342895,9292.886952779829,9463.25654691412,0
640,LH_to_LL,short,2991,2992,2996,2024-12-26 12:32:00,69.86,69.98,0.1200000000000045,2024-12-26 13:15:00,69.69,2024-12-26 13:15:00,69.69,target,43.0,69.842,69.824,69.86,94.6325654691412,788.6047122428134,134.06280108127964,9463.25654691412,9597.3193479954,0
641,LH_to_LL,short,3009,3010,3012,2024-12-26 14:54:00,69.57,69.62,0.0500000000000113,2024-12-26 15:07:00,69.49,2024-12-26 15:07:00,69.49,target,13.0,69.59,69.572,69.608,95.973193479954,1919.4638695986432,153.5571095678882,9597.3193479954,9750.876457563289,0
642,HL_to_HH,long,3006,3007,3015,2024-12-26 14:30:00,69.69,69.42,0.269999999999996,2024-12-26 15:16:00,69.55,2024-12-26 15:16:00,69.55,target,46.0,69.662,69.644,69.68,95.973193479954,355.456272147983,-49.76387810071782,9597.3193479954,9701.11257946257,0
643,LH_to_LL,short,3011,3012,3018,2024-12-26 15:14:00,69.54,69.58,0.039999999999992,2024-12-26 15:50:00,69.49,2024-12-26 15:50:00,69.49,target,36.0,69.554,69.536,69.572,97.50876457563288,2437.7191143913064,121.88595571959304,9750.876457563289,9822.998535182163,0
644,LH_to_LL,short,3017,3018,3024,2024-12-26 15:51:00,69.5,69.54,0.0400000000000062,2024-12-26 20:00:00,69.52,2024-12-26 15:53:00,69.54,stop,2.0,69.518,69.5,69.536,98.22998535182164,2455.749633795157,-98.22998535182164,9822.998535182163,9724.768549830342,0
645,HL_to_HH,long,3022,3023,3027,2024-12-26 19:07:00,69.67,69.61,0.0600000000000022,2024-12-26 20:33:00,69.61,2024-12-26 19:37:00,69.61,stop,30.0,69.662,69.644,69.68,97.24768549830344,1620.7947583049956,-97.24768549830344,9724.768549830342,9627.520864332038,0
646,LH_to_LL,short,3025,3026,3036,2024-12-26 20:13:00,69.46,69.57,0.1099999999999994,2024-12-26 22:07:00,69.59,2024-12-26 20:23:00,69.57,stop,10.0,69.482,69.464,69.5,96.27520864332038,875.2291694847353,-96.27520864332038,9627.520864332038,9531.245655688715,0
647,LH_to_LL,short,3035,3036,3038,2024-12-26 22:08:00,69.61,69.66,0.0499999999999971,2024-12-26 22:38:00,69.58,2024-12-26 22:38:00,69.58,target,30.0,69.59,69.572,69.608,95.31245655688716,1906.2491311378517,57.18747393413772,9531.245655688715,9588.433129622856,0
648,LH_to_LL,short,3037,3038,3042,2024-12-26 22:39:00,69.57,69.65,0.0800000000000125,2024-12-26 23:49:00,69.61,2024-12-26 22:51:00,69.65,stop,12.0,69.59,69.572,69.608,95.88433129622857,1198.5541412026696,-95.88433129622857,9588.433129622856,9492.548798326628,0
649,HL_to_HH,long,3032,3033,3039,2024-12-26 21:44:00,69.66,69.55,0.1099999999999994,2024-12-26 23:04:00,69.69,2024-12-26 23:04:00,69.69,target,80.0,69.662,69.644,69.68,95.31245655688716,866.4768777898878,25.994306333697622,9531.245655688715,9518.543104660324,0
650,LH_to_LL,short,3043,3044,3046,2024-12-27 00:34:00,69.6,69.66,0.0600000000000022,2024-12-27 01:10:00,69.54,2024-12-27 00:50:00,69.66,stop,16.0,69.59,69.572,69.608,95.18543104660324,1586.4238507766606,-95.18543104660324,9518.543104660324,9423.357673613722,0
651,LH_to_LL,short,3047,3048,3054,2024-12-27 01:56:00,69.54,69.59,0.0499999999999971,2024-12-27 03:08:00,69.72,2024-12-27 01:58:00,69.59,stop,2.0,69.59,69.572,69.608,94.23357673613722,1884.6715347228517,-94.23357673613722,9423.357673613722,9329.124096877586,0
652,HL_to_HH,long,3050,3051,3053,2024-12-27 02:49:00,69.79,69.6,0.1900000000000119,2024-12-27 02:59:00,69.84,2024-12-27 02:59:00,69.84,target,10.0,69.77,69.752,69.788,93.29124096877584,491.0065314145789,24.55032657072755,9329.124096877586,9353.674423448314,0
653,HL_to_HH,long,3056,3057,3061,2024-12-27 03:26:00,69.81,69.76,0.0499999999999971,2024-12-27 03:37:00,69.86,2024-12-27 03:28:00,69.76,stop,2.0,69.842,69.824,69.86,93.53674423448314,1870.7348846897692,-93.53674423448314,9353.674423448314,9260.13767921383,0
654,HL_to_HH,long,3060,3061,3065,2024-12-27 03:38:00,69.8,69.78,0.019999999999996,2024-12-27 03:48:00,69.88,2024-12-27 03:38:00,69.78,stop,0.0,69.842,69.824,69.86,92.60137679213832,4630.068839607837,-92.60137679213832,9260.13767921383,9167.536302421691,0
655,HL_to_HH,long,3064,3065,3069,2024-12-27 03:49:00,69.87,69.8,0.0700000000000073,2024-12-27 04:27:00,69.87,2024-12-27 03:54:00,69.8,stop,5.0,69.842,69.824,69.86,91.67536302421694,1309.6480432029607,-91.67536302421694,9167.536302421691,9075.860939397477,0
656,HL_to_HH,long,3070,3071,3073,2024-12-27 04:40:00,69.86,69.77,0.0900000000000034,2024-12-27 04:56:00,69.95,2024-12-27 04:56:00,69.95,target,16.0,69.842,69.824,69.86,90.75860939397477,1008.428993266348,90.75860939397477,9075.860939397477,9166.619548791452,0
657,HL_to_HH,long,3080,3081,3087,2024-12-27 06:33:00,70.22,70.17,0.0499999999999971,2024-12-27 06:53:00,70.25,2024-12-27 06:40:00,70.17,stop,7.0,70.202,70.184,70.22,91.66619548791452,1833.3239097583944,-91.66619548791452,9166.619548791452,9074.953353303536,0
658,HL_to_HH,long,3086,3087,3091,2024-12-27 06:54:00,70.24,70.21,0.0300000000000011,2024-12-27 07:41:00,70.34,2024-12-27 06:55:00,70.21,stop,1.0,70.238,70.22,70.256,90.74953353303538,3024.9844511010647,-90.74953353303538,9074.953353303536,8984.203819770502,0
659,LH_to_LL,short,3095,3096,3100,2024-12-27 08:11:00,70.22,70.28,0.0600000000000022,2024-12-27 08:32:00,70.2,2024-12-27 08:16:00,70.28,stop,5.0,70.202,70.184,70.22,89.84203819770502,1497.3673032950269,-89.84203819770502,8984.203819770502,8894.361781572798,0
660,HL_to_HH,long,3098,3099,3107,2024-12-27 08:27:00,70.29,70.22,0.0700000000000073,2024-12-27 09:02:00,70.46,2024-12-27 08:31:00,70.22,stop,4.0,70.31,70.292,70.328,88.94361781572798,1270.6231116531226,-88.94361781572798,8894.361781572798,8805.41816375707,0
661,LH_to_LL,short,3105,3106,3112,2024-12-27 08:56:00,70.23,70.27,0.039999999999992,2024-12-27 09:14:00,70.37,2024-12-27 08:57:00,70.27,stop,1.0,70.238,70.22,70.256,88.0541816375707,2201.354540939705,-88.0541816375707,8805.41816375707,8717.3639821195,0
662,HL_to_HH,long,3110,3111,3113,2024-12-27 09:12:00,70.39,70.38,0.0100000000000051,2024-12-27 09:18:00,70.49,2024-12-27 09:12:00,70.38,stop,0.0,70.382,70.364,70.4,87.173639821195,8717.36398211504,-87.173639821195,8717.3639821195,8630.190342298305,0
663,HL_to_HH,long,3114,3115,3117,2024-12-27 09:27:00,70.44,70.42,0.019999999999996,2024-12-27 09:28:00,70.48,2024-12-27 09:28:00,70.48,target,1.0,70.454,70.43599999999999,70.472,86.30190342298305,4315.095171150011,172.60380684602742,8630.190342298305,8802.794149144333,0
664,HL_to_HH,long,3116,3117,3119,2024-12-27 09:29:00,70.45,70.44,0.0100000000000051,2024-12-27 09:40:00,70.54,2024-12-27 09:29:00,70.44,stop,0.0,70.454,70.43599999999999,70.472,88.02794149144333,8802.794149139829,-88.02794149144333,8802.794149144333,8714.766207652889,0
665,HL_to_HH,long,3120,3121,3131,2024-12-27 09:56:00,70.5,70.47,0.0300000000000011,2024-12-27 10:42:00,70.19,2024-12-27 09:57:00,70.47,stop,1.0,70.49,70.472,70.508,87.14766207652889,2904.9220692175195,-87.14766207652889,8714.766207652889,8627.618545576359,0
666,LH_to_LL,short,3123,3124,3126,2024-12-27 10:09:00,70.29,70.35,0.059999999999988,2024-12-27 10:16:00,70.09,2024-12-27 10:16:00,70.09,target,7.0,70.31,70.292,70.328,86.2761854557636,1437.936424263013,287.5872848526066,8627.618545576359,8915.205830428966,0
667,LH_to_LL,short,3125,3126,3130,2024-12-27 10:17:00,70.13,70.28,0.1500000000000056,2024-12-27 10:40:00,70.12,2024-12-27 10:40:00,70.12,target,23.0,70.13,70.112,70.148,89.15205830428965,594.3470553619085,5.94347055361368,8915.205830428966,8921.149300982579,0
668,LH_to_LL,short,3129,3130,3142,2024-12-27 10:41:00,70.17,70.18,0.0100000000000051,2024-12-27 11:46:00,70.4,2024-12-27 10:41:00,70.18,stop,0.0,70.13,70.112,70.148,89.21149300982579,8921.149300978015,-89.21149300982579,8921.149300982579,8831.937807972754,0
669,HL_to_HH,long,3132,3133,3135,2024-12-27 10:56:00,70.33,70.14,0.1899999999999977,2024-12-27 11:16:00,70.38,2024-12-27 11:16:00,70.38,target,20.0,70.31,70.292,70.328,88.31937807972754,464.8388319985715,23.24194159992726,8831.937807972754,8855.17974957268,0
670,HL_to_HH,long,3134,3135,3137,2024-12-27 11:19:00,70.29,70.23,0.0600000000000022,2024-12-27 11:28:00,70.49,2024-12-27 11:28:00,70.49,target,9.0,70.31,70.292,70.328,88.5517974957268,1475.8632915953908,295.1726583190614,8855.17974957268,9150.352407891742,0
671,HL_to_HH,long,3136,3137,3139,2024-12-27 11:29:00,70.47,70.28,0.1899999999999977,2024-12-27 11:32:00,70.5,2024-12-27 11:32:00,70.5,target,3.0,70.49,70.472,70.508,91.50352407891742,481.5974951522027,14.44792485456663,9150.352407891742,9164.800332746308,0
672,HL_to_HH,long,3138,3139,3149,2024-12-27 11:33:00,70.49,70.42,0.0699999999999931,2024-12-27 12:14:00,70.23,2024-12-27 11:45:00,70.42,stop,12.0,70.49,70.472,70.508,91.64800332746309,1309.2571903924577,-91.64800332746309,9164.800332746308,9073.152329418845,0
673,LH_to_LL,short,3143,3144,3146,2024-12-27 11:56:00,70.34,70.44,0.0999999999999943,2024-12-27 12:08:00,70.17,2024-12-27 12:08:00,70.17,target,12.0,70.382,70.364,70.4,90.73152329418843,907.315232941936,154.24358960013066,9073.152329418845,9227.395919018974,0
674,HL_to_HH,long,3156,3157,3159,2024-12-27 13:05:00,70.39,70.27,0.1200000000000045,2024-12-27 13:15:00,70.52,2024-12-27 13:15:00,70.52,target,10.0,70.382,70.364,70.4,92.27395919018974,768.9496599182187,99.96345578936494,9227.395919018974,9327.35937480834,0
675,HL_to_HH,long,3158,3159,3161,2024-12-27 13:17:00,70.48,70.36,0.1200000000000045,2024-12-27 13:21:00,70.59,2024-12-27 13:21:00,70.59,target,4.0,70.49,70.472,70.508,93.2735937480834,777.2799479006654,85.50079426907276,9327.35937480834,9412.860169077412,0
676,HL_to_HH,long,3160,3161,3163,2024-12-27 13:22:00,70.57,70.49,0.0799999999999983,2024-12-27 13:37:00,70.63,2024-12-27 13:37:00,70.63,target,15.0,70.562,70.544,70.58,94.12860169077412,1176.6075211347015,70.59645126808476,9412.860169077412,9483.456620345496,0
677,HL_to_HH,long,3162,3163,3165,2024-12-27 13:40:00,70.6,70.52,0.0799999999999983,2024-12-27 13:45:00,70.63,2024-12-27 13:45:00,70.63,target,5.0,70.562,70.544,70.58,94.83456620345495,1185.4320775432125,35.56296232629772,9483.456620345496,9519.019582671794,0
678,HL_to_HH,long,3164,3165,3167,2024-12-27 13:46:00,70.62,70.59,0.0300000000000011,2024-12-27 13:53:00,70.64,2024-12-27 13:46:00,70.59,stop,0.0,70.598,70.58,70.616,95.19019582671794,3173.006527557144,-95.19019582671794,9519.019582671794,9423.829386845076,0
679,HL_to_HH,long,3168,3169,3171,2024-12-27 14:01:00,70.62,70.61,0.0100000000000051,2024-12-27 14:13:00,70.74,2024-12-27 14:01:00,70.61,stop,0.0,70.634,70.616,70.652,94.23829386845075,9423.829386840256,-94.23829386845075,9423.829386845076,9329.591092976623,0
680,HL_to_HH,long,3212,3213,3217,2024-12-30 01:36:00,70.67,70.63,0.0400000000000062,2024-12-30 02:20:00,70.55,2024-12-30 01:38:00,70.63,stop,2.0,70.67,70.652,70.688,93.29591092976624,2332.3977732437916,-93.29591092976624,9329.591092976623,9236.29518204686,0
681,LH_to_LL,short,3215,3216,3218,2024-12-30 02:06:00,70.53,70.56,0.0300000000000011,2024-12-30 02:30:00,70.5,2024-12-30 02:11:00,70.56,stop,5.0,70.526,70.508,70.544,92.3629518204686,3078.76506068217,-92.3629518204686,9236.29518204686,9143.93223022639,0
682,LH_to_LL,short,3229,3230,3236,2024-12-30 04:02:00,70.29,70.38,0.0899999999999892,2024-12-30 05:13:00,70.32,2024-12-30 04:10:00,70.38,stop,8.0,70.31,70.292,70.328,91.4393223022639,1015.9924700252764,-91.4393223022639,9143.93223022639,9052.492907924126,0
683,HL_to_HH,long,3232,3233,3239,2024-12-30 04:27:00,70.66,70.23,0.4299999999999926,2024-12-30 05:49:00,70.59,2024-12-30 05:49:00,70.59,target,82.0,70.67,70.652,70.688,90.52492907924126,210.52309088196003,-14.736616361735766,9052.492907924126,9037.756291562391,0
684,HL_to_HH,long,3244,3245,3247,2024-12-30 06:25:00,70.53,70.46,0.0700000000000073,2024-12-30 06:42:00,70.67,2024-12-30 06:42:00,70.67,target,17.0,70.562,70.544,70.58,90.37756291562393,1291.1080416516338,180.7551258312295,9037.756291562391,9218.51141739362,0
685,HL_to_HH,long,3246,3247,3249,2024-12-30 06:43:00,70.59,70.51,0.0799999999999983,2024-12-30 06:54:00,70.72,2024-12-30 06:54:00,70.72,target,11.0,70.67,70.652,70.688,92.1851141739362,1152.313927174227,149.80081053264428,9218.51141739362,9368.312227926264,0
686,HL_to_HH,long,3248,3249,3251,2024-12-30 06:56:00,70.68,70.59,0.0900000000000034,2024-12-30 07:17:00,70.95,2024-12-30 07:17:00,70.95,target,21.0,70.67,70.652,70.688,93.68312227926263,1040.9235808806566,281.0493668377731,9368.312227926264,9649.361594764036,0
687,HL_to_HH,long,3250,3251,3255,2024-12-30 07:18:00,70.94,70.68,0.2599999999999909,2024-12-30 07:37:00,70.99,2024-12-30 07:37:00,70.99,target,19.0,70.922,70.904,70.94,96.49361594764038,371.1292921063221,18.55646460531505,9649.361594764036,9667.918059369353,0
688,HL_to_HH,long,3254,3255,3263,2024-12-30 07:39:00,70.91,70.87,0.039999999999992,2024-12-30 08:32:00,71.0,2024-12-30 07:46:00,70.87,stop,7.0,70.922,70.904,70.94,96.67918059369352,2416.9795148428193,-96.67918059369352,9667.918059369353,9571.23887877566,0
689,LH_to_LL,short,3259,3260,3262,2024-12-30 08:01:00,70.85,70.92,0.0700000000000073,2024-12-30 08:14:00,70.74,2024-12-30 08:14:00,70.74,target,13.0,70.85,70.832,70.868,95.7123887877566,1367.31983982495,150.4051823807437,9571.23887877566,9721.644061156405,0
690,HL_to_HH,long,3264,3265,3267,2024-12-30 08:52:00,70.98,70.94,0.0400000000000062,2024-12-30 08:57:00,71.05,2024-12-30 08:57:00,71.05,target,5.0,70.994,70.976,71.012,97.21644061156404,2430.411015288721,170.1287710701939,9721.644061156405,9891.772832226598,0
691,HL_to_HH,long,3266,3267,3269,2024-12-30 08:58:00,71.04,70.97,0.0700000000000073,2024-12-30 09:04:00,71.11,2024-12-30 08:59:00,70.97,stop,1.0,71.03,71.012,71.048,98.91772832226596,1413.1104046036503,-98.91772832226596,9891.772832226598,9792.855103904332,0
692,HL_to_HH,long,3268,3269,3271,2024-12-30 09:05:00,71.09,70.97,0.1200000000000045,2024-12-30 09:10:00,71.2,2024-12-30 09:10:00,71.2,target,5.0,71.102,71.084,71.12,97.92855103904331,816.0712586586635,89.76783845245252,9792.855103904332,9882.622942356786,0
693,HL_to_HH,long,3272,3273,3275,2024-12-30 09:14:00,71.16,71.15,0.0099999999999909,2024-12-30 09:17:00,71.27,2024-12-30 09:14:00,71.15,stop,0.0,71.17399999999999,71.15599999999999,71.192,98.82622942356784,9882.622942365771,-98.82622942356784,9882.622942356786,9783.796712933216,0
694,HL_to_HH,long,3274,3275,3277,2024-12-30 09:19:00,71.24,71.15,0.0899999999999892,2024-12-30 09:22:00,71.27,2024-12-30 09:22:00,71.27,target,3.0,71.21,71.192,71.228,97.83796712933216,1087.0885236593767,32.61265570978254,9783.796712933216,9816.409368643,0
695,HL_to_HH,long,3280,3281,3283,2024-12-30 09:34:00,71.16,71.14,0.019999999999996,2024-12-30 09:37:00,71.25,2024-12-30 09:37:00,71.25,target,3.0,71.17399999999999,71.15599999999999,71.192,98.16409368643,4908.204684322477,441.73842158903966,9816.409368643,10258.14779023204,0
696,HL_to_HH,long,3282,3283,3287,2024-12-30 09:38:00,71.21,71.16,0.0499999999999971,2024-12-30 09:57:00,71.28,2024-12-30 09:38:00,71.16,stop,0.0,71.21,71.192,71.228,102.5814779023204,2051.629558046525,-102.5814779023204,10258.14779023204,10155.56631232972,0
697,HL_to_HH,long,3294,3295,3297,2024-12-30 10:37:00,71.22,71.18,0.039999999999992,2024-12-30 10:41:00,71.43,2024-12-30 10:41:00,71.43,target,4.0,71.21,71.192,71.228,101.5556631232972,2538.891578082935,533.1672313974366,10155.56631232972,10688.733543727156,0
698,HL_to_HH,long,3296,3297,3303,2024-12-30 10:42:00,71.38,71.22,0.1599999999999966,2024-12-30 11:13:00,71.39,2024-12-30 10:49:00,71.22,stop,7.0,71.39,71.372,71.408,106.88733543727156,668.0458464829615,-106.88733543727156,10688.733543727156,10581.846208289884,1
699,HL_to_HH,long,3302,3303,3307,2024-12-30 11:14:00,71.38,71.21,0.1700000000000017,2024-12-30 11:54:00,71.28,2024-12-30 11:24:00,71.21,stop,10.0,71.39,71.372,71.408,105.81846208289883,622.4615416641046,-105.81846208289883,10581.846208289884,10476.027746206984,0
700,LH_to_LL,short,3305,3306,3314,2024-12-30 11:35:00,70.94,71.0,0.0600000000000022,2024-12-30 12:53:00,71.26,2024-12-30 11:35:00,71.0,stop,0.0,70.922,70.904,70.94,104.76027746206984,1746.0046243677648,-104.76027746206984,10476.027746206984,10371.267468744914,1
701,HL_to_HH,long,3308,3309,3311,2024-12-30 12:05:00,71.41,71.21,0.2000000000000028,2024-12-30 12:11:00,71.54,2024-12-30 12:11:00,71.54,target,6.0,71.39,71.372,71.408,103.71267468744917,518.5633734372384,67.413238546846,10371.267468744914,10438.68070729176,1
702,HL_to_HH,long,3310,3311,3317,2024-12-30 12:17:00,71.47,71.39,0.0799999999999983,2024-12-30 13:06:00,71.33,2024-12-30 12:38:00,71.39,stop,21.0,71.462,71.444,71.48,104.3868070729176,1304.835088411498,-104.3868070729176,10438.68070729176,10334.293900218843,1
703,LH_to_LL,short,3321,3322,3324,2024-12-30 13:56:00,71.09,71.12,0.0300000000000011,2024-12-30 14:20:00,70.83,2024-12-30 14:20:00,70.83,target,24.0,71.102,71.084,71.12,103.34293900218844,3444.7646334061506,895.6388046856167,10334.293900218843,11229.93270490446,0
704,LH_to_LL,short,3325,3326,3334,2024-12-30 14:25:00,70.84,70.88,0.039999999999992,2024-12-30 16:52:00,71.12,2024-12-30 14:25:00,70.88,stop,0.0,70.85,70.832,70.868,112.2993270490446,2807.4831762266735,-112.2993270490446,11229.93270490446,11117.633377855416,0
705,HL_to_HH,long,3332,3333,3337,2024-12-30 16:37:00,71.17,71.12,0.0499999999999971,2024-12-30 19:24:00,71.23,2024-12-30 16:45:00,71.12,stop,8.0,71.17399999999999,71.15599999999999,71.192,111.17633377855417,2223.5266755712096,-111.17633377855417,11117.633377855416,11006.457044076862,0
706,LH_to_LL,short,3335,3336,3342,2024-12-30 18:15:00,71.1,71.15,0.0500000000000113,2024-12-30 20:26:00,71.31,2024-12-30 18:31:00,71.15,stop,16.0,71.102,71.084,71.12,110.06457044076862,2201.291408814872,-110.06457044076862,11006.457044076862,10896.392473636091,1
707,HL_to_HH,long,3338,3339,3343,2024-12-30 20:08:00,71.39,71.2,0.1899999999999977,2024-12-30 20:49:00,71.59,2024-12-30 20:49:00,71.59,target,41.0,71.39,71.372,71.408,108.96392473636094,573.494340717696,114.69886814354082,10896.392473636091,11011.091341779636,1
708,LH_to_LL,short,3349,3350,3362,2024-12-30 22:08:00,71.37,71.43,0.0600000000000022,2024-12-31 00:32:00,71.57,2024-12-30 22:13:00,71.43,stop,5.0,71.39,71.372,71.408,110.11091341779635,1835.1818902965365,-110.11091341779635,11011.091341779636,10900.980428361838,1
709,HL_to_HH,long,3354,3355,3357,2024-12-30 23:11:00,71.4,71.34,0.0600000000000022,2024-12-30 23:30:00,71.63,2024-12-30 23:30:00,71.63,target,19.0,71.39,71.372,71.408,109.00980428361838,1816.8300713935707,417.87091642050274,10900.980428361838,11318.85134478234,1
710,HL_to_HH,long,3358,3359,3363,2024-12-31 00:13:00,71.59,71.57,0.0200000000000102,2024-12-31 00:53:00,71.67,2024-12-31 00:30:00,71.57,stop,17.0,71.57,71.55199999999999,71.588,113.1885134478234,5659.425672388275,-113.1885134478234,11318.85134478234,11205.662831334515,1
711,LH_to_LL,short,3361,3362,3370,2024-12-31 00:33:00,71.58,71.64,0.0600000000000022,2024-12-31 02:05:00,71.62,2024-12-31 00:51:00,71.64,stop,18.0,71.57,71.55199999999999,71.588,112.05662831334516,1867.6104718890151,-112.05662831334516,11205.662831334515,11093.606203021172,1
712,HL_to_HH,long,3364,3365,3367,2024-12-31 01:08:00,71.63,71.59,0.039999999999992,2024-12-31 01:22:00,71.69,2024-12-31 01:22:00,71.69,target,14.0,71.642,71.624,71.66,110.93606203021172,2773.401550755845,166.404093045357,11093.606203021172,11260.01029606653,1
713,HL_to_HH,long,3366,3367,3369,2024-12-31 01:27:00,71.67,71.63,0.0400000000000062,2024-12-31 01:54:00,71.73,2024-12-31 01:34:00,71.63,stop,7.0,71.642,71.624,71.66,112.6001029606653,2815.0025740161923,-112.6001029606653,11260.01029606653,11147.410193105865,1
714,HL_to_HH,long,3368,3369,3377,2024-12-31 01:55:00,71.71,71.64,0.0699999999999931,2024-12-31 03:45:00,71.6,2024-12-31 02:03:00,71.64,stop,8.0,71.714,71.696,71.732,111.47410193105866,1592.4871704438503,-111.47410193105866,11147.410193105865,11035.936091174806,1
715,LH_to_LL,short,3371,3372,3374,2024-12-31 02:51:00,71.59,71.68,0.0900000000000034,2024-12-31 03:18:00,71.48,2024-12-31 03:18:00,71.48,target,27.0,71.57,71.55199999999999,71.588,110.35936091174808,1226.2151212415988,134.88366333657518,11035.936091174806,11170.819754511382,1
716,LH_to_LL,short,3375,3376,3380,2024-12-31 03:39:00,71.47,71.53,0.0600000000000022,2024-12-31 03:50:00,71.49,2024-12-31 03:41:00,71.53,stop,2.0,71.462,71.444,71.48,111.70819754511382,1861.8032924184931,-111.70819754511382,11170.819754511382,11059.111556966269,1
717,LH_to_LL,short,3385,3386,3388,2024-12-31 04:08:00,71.46,71.52,0.0600000000000022,2024-12-31 04:15:00,71.41,2024-12-31 04:15:00,71.41,target,7.0,71.462,71.444,71.48,110.59111556966268,1843.185259494308,92.15926297471016,11059.111556966269,11151.270819940975,1
718,LH_to_LL,short,3387,3388,3390,2024-12-31 04:18:00,71.44,71.47,0.0300000000000011,2024-12-31 04:29:00,71.38,2024-12-31 04:29:00,71.38,target,11.0,71.462,71.444,71.48,111.51270819940976,3717.090273313518,223.02541639881952,11151.270819940975,11374.296236339796,1
719,LH_to_LL,short,3389,3390,3392,2024-12-31 04:30:00,71.4,71.45,0.0499999999999971,2024-12-31 04:40:00,71.38,2024-12-31 04:31:00,71.45,stop,1.0,71.39,71.372,71.408,113.74296236339796,2274.8592472680884,-113.74296236339796,11374.296236339796,11260.553273976398,1
720,LH_to_LL,short,3391,3392,3396,2024-12-31 04:41:00,71.41,71.44,0.0300000000000011,2024-12-31 05:05:00,71.37,2024-12-31 04:41:00,71.44,stop,0.0,71.39,71.372,71.408,112.605532739764,3753.5177579919905,-112.605532739764,11260.553273976398,11147.947741236634,1
721,LH_to_LL,short,3395,3396,3400,2024-12-31 05:06:00,71.38,71.43,0.0500000000000113,2024-12-31 05:29:00,71.48,2024-12-31 05:09:00,71.43,stop,3.0,71.39,71.372,71.408,111.47947741236636,2229.58954824682,-111.47947741236636,11147.947741236634,11036.468263824268,1
722,HL_to_HH,long,3404,3405,3409,2024-12-31 06:19:00,71.56,71.54,0.019999999999996,2024-12-31 06:58:00,71.61,2024-12-31 06:19:00,71.54,stop,0.0,71.57,71.55199999999999,71.588,110.36468263824268,5518.234131913232,-110.36468263824268,11036.468263824268,10926.103581186026,1
723,HL_to_HH,long,3408,3409,3411,2024-12-31 06:59:00,71.58,71.49,0.0900000000000034,2024-12-31 07:13:00,71.69,2024-12-31 07:13:00,71.69,target,14.0,71.57,71.55199999999999,71.588,109.26103581186024,1214.0115090206234,133.5412659922679,10926.103581186026,11059.644847178291,1
724,HL_to_HH,long,3410,3411,3425,2024-12-31 07:17:00,71.59,71.54,0.0499999999999971,2024-12-31 08:06:00,71.01,2024-12-31 07:27:00,71.54,stop,10.0,71.57,71.55199999999999,71.588,110.59644847178294,2211.9289694357844,-110.59644847178294,11059.644847178291,10949.04839870651,1
725,LH_to_LL,short,3415,3416,3418,2024-12-31 07:40:00,71.26,71.29,0.0300000000000011,2024-12-31 07:46:00,71.18,2024-12-31 07:46:00,71.18,target,6.0,71.21,71.192,71.228,109.4904839870651,3649.6827995686986,291.9746239654897,10949.04839870651,11241.023022672,1
726,LH_to_LL,short,3417,3418,3420,2024-12-31 07:47:00,71.21,71.26,0.0500000000000113,2024-12-31 07:54:00,71.1,2024-12-31 07:54:00,71.1,target,7.0,71.21,71.192,71.228,112.41023022672002,2248.2046045338893,247.30250649872656,11241.023022672,11488.325529170728,1
727,LH_to_LL,short,3419,3420,3422,2024-12-31 07:55:00,71.15,71.22,0.0699999999999931,2024-12-31 08:02:00,70.95,2024-12-31 08:02:00,70.95,target,7.0,71.102,71.084,71.12,114.88325529170729,1641.189361310264,328.23787226205746,11488.325529170728,11816.563401432786,1
728,LH_to_LL,short,3427,3428,3436,2024-12-31 08:14:00,70.91,70.98,0.0700000000000073,2024-12-31 08:52:00,70.99,2024-12-31 08:21:00,70.98,stop,7.0,70.922,70.904,70.94,118.16563401432786,1688.0804859187913,-118.16563401432786,11816.563401432786,11698.39776741846,0
729,HL_to_HH,long,3438,3439,3441,2024-12-31 09:17:00,71.48,71.47,0.0100000000000051,2024-12-31 09:33:00,71.57,2024-12-31 09:17:00,71.47,stop,0.0,71.49799999999999,71.47999999999999,71.51599999999999,116.9839776741846,11698.397767412474,-116.9839776741846,11698.39776741846,11581.413789744274,1
730,HL_to_HH,long,3454,3455,3457,2024-12-31 11:02:00,71.6,71.57,0.0300000000000011,2024-12-31 11:10:00,71.78,2024-12-31 11:10:00,71.78,target,8.0,71.57,71.55199999999999,71.588,115.81413789744276,3860.4712632479454,694.8848273846565,11581.413789744274,12276.29861712893,1
731,HL_to_HH,long,3456,3457,3459,2024-12-31 11:11:00,71.73,71.6,0.1300000000000096,2024-12-31 11:18:00,71.81,2024-12-31 11:18:00,71.81,target,7.0,71.714,71.696,71.732,122.7629861712893,944.3306628560014,75.54645302847851,12276.29861712893,12351.84507015741,1
732,HL_to_HH,long,3458,3459,3461,2024-12-31 11:20:00,71.75,71.7,0.0499999999999971,2024-12-31 11:37:00,71.81,2024-12-31 11:37:00,71.81,target,17.0,71.714,71.696,71.732,123.5184507015741,2470.3690140316226,148.22214084190296,12351.84507015741,12500.067210999312,1
733,HL_to_HH,long,3460,3461,3463,2024-12-31 11:38:00,71.76,71.74,0.0200000000000102,2024-12-31 11:51:00,71.81,2024-12-31 11:38:00,71.74,stop,0.0,71.75,71.732,71.768,125.00067210999312,6250.033605496458,-125.00067210999312,12500.067210999312,12375.06653888932,1
734,HL_to_HH,long,3468,3469,3473,2024-12-31 12:29:00,71.77,71.74,0.0300000000000011,2024-12-31 13:25:00,71.99,2024-12-31 13:25:00,71.99,target,56.0,71.75,71.732,71.768,123.7506653888932,4125.022179629617,907.5048795185112,12375.06653888932,13282.57141840783,1
735,HL_to_HH,long,3472,3473,3477,2024-12-31 13:29:00,71.94,71.76,0.1799999999999926,2024-12-31 13:57:00,71.88,2024-12-31 13:42:00,71.76,stop,13.0,71.92999999999999,71.91199999999999,71.948,132.8257141840783,737.9206343560209,-132.8257141840783,13282.57141840783,13149.745704223753,1
736,HL_to_HH,long,3476,3477,3481,2024-12-31 13:58:00,71.86,71.78,0.0799999999999983,2024-12-31 14:23:00,71.91,2024-12-31 14:09:00,71.78,stop,11.0,71.858,71.84,71.876,131.4974570422375,1643.7182130280037,-131.4974570422375,13149.745704223753,13018.248247181513,1
737,LH_to_LL,short,3483,3484,3490,2024-12-31 14:30:00,71.74,71.81,0.0700000000000073,2024-12-31 16:21:00,71.75,2024-12-31 14:33:00,71.81,stop,3.0,71.714,71.696,71.732,130.18248247181512,1859.7497495971625,-130.18248247181512,13018.248247181513,12888.065764709698,1
738,HL_to_HH,long,3486,3487,3493,2024-12-31 15:00:00,71.93,71.81,0.1200000000000045,2024-12-31 16:44:00,71.85,2024-12-31 15:39:00,71.81,stop,39.0,71.92999999999999,71.91199999999999,71.948,128.88065764709697,1074.005480392434,-128.88065764709697,12888.065764709698,12759.185107062602,1
