leg_id,datetime,pivot_side,structure_label,pivot_price,price_change,pct_change,swing_direction,threshold_pct
1,2024-12-01 18:03:00,High,HH,68.31,0.0,0.0,Up,0.0005
2,2024-12-01 18:06:00,Low,LL,68.1,-0.21000000000000796,-0.0030742204655249683,Down,0.0005
3,2024-12-01 18:09:00,High,LH,68.21,0.10999999999999943,0.0016152716593245131,Up,0.0005
4,2024-12-01 18:10:00,Low,HL,68.17,-0.03999999999999204,-0.0005864242779649587,Down,0.0005
5,2024-12-01 18:20:00,High,HH,68.33,0.1599999999999966,0.0023470734927386605,Up,0.0005
6,2024-12-01 18:22:00,Low,HL,68.26,-0.06999999999999318,-0.0010244402165958677,Down,0.0005
7,2024-12-01 18:24:00,High,HH,68.33,0.06999999999999318,0.001025490770582893,Up,0.0005
8,2024-12-01 18:35:00,Low,LL,68.2,-0.12999999999999545,-0.0019025318308208972,Down,0.0005
9,2024-12-01 18:39:00,High,LH,68.25,0.04999999999999716,0.0007331378299120228,Up,0.0005
10,2024-12-01 18:40:00,Low,HL,68.21,-0.04000000000000625,-0.0005860805860806728,Down,0.0005
11,2024-12-01 18:43:00,High,HH,68.37,0.1600000000000108,0.0023456971118605008,Up,0.0005
12,2024-12-01 18:45:00,Low,HL,68.25,-0.12000000000000455,-0.001755155770074679,Down,0.0005
13,2024-12-01 19:01:00,High,LH,68.33,0.0799999999999983,0.0011721611721611236,Up,0.0005
14,2024-12-01 19:15:00,Low,HL,68.26,-0.06999999999999318,-0.0010244402165958677,Down,0.0005
15,2024-12-01 19:21:00,High,LH,68.3,0.03999999999999204,0.0005859947260473675,Up,0.0005
16,2024-12-01 20:04:00,Low,LL,67.99,-0.3100000000000023,-0.004538799414348538,Down,0.0005
17,2024-12-01 20:20:00,High,LH,68.2,0.21000000000000796,0.003088689513163878,Up,0.0005
18,2024-12-01 20:38:00,Low,HL,68.07,-0.13000000000000966,-0.0019061583577714147,Down,0.0005
19,2024-12-01 21:04:00,High,HH,68.32,0.25,0.0036726898780667927,Up,0.0005
20,2024-12-01 21:06:00,Low,HL,68.27,-0.04999999999999716,-0.0007318501170959779,Down,0.0005
21,2024-12-01 21:08:00,High,HH,68.35,0.0799999999999983,0.001171817782334772,Up,0.0005
22,2024-12-01 21:09:00,Low,HL,68.31,-0.03999999999999204,-0.0005852231163129273,Down,0.0005
23,2024-12-01 21:14:00,High,HH,68.41,0.09999999999999432,0.001463914507392694,Up,0.0005
24,2024-12-01 21:19:00,Low,LL,68.3,-0.10999999999999943,-0.0016079520537932712,Down,0.0005
25,2024-12-01 21:23:00,High,LH,68.35,0.04999999999999716,0.0007320644216690653,Up,0.0005
26,2024-12-01 21:25:00,Low,HL,68.31,-0.03999999999999204,-0.0005852231163129273,Down,0.0005
27,2024-12-01 21:31:00,High,HH,68.48,0.1700000000000017,0.0024886546625677575,Up,0.0005
28,2024-12-01 21:42:00,Low,HL,68.42,-0.060000000000002274,-0.0008761682242991453,Down,0.0005
29,2024-12-01 21:51:00,High,LH,68.46,0.03999999999999204,0.0005846243788365513,Up,0.0005
30,2024-12-01 22:24:00,Low,LL,68.35,-0.10999999999999943,-0.0016067776803972977,Down,0.0005
31,2024-12-01 22:37:00,High,LH,68.43,0.0800000000000125,0.0011704462326262988,Up,0.0005
32,2024-12-01 23:14:00,Low,LL,68.32,-0.11000000000001364,-0.0016074820984950389,Down,0.0005
33,2024-12-01 23:39:00,High,LH,68.38,0.060000000000002274,0.0008782201405153067,Up,0.0005
34,2024-12-01 23:50:00,Low,LL,68.3,-0.0799999999999983,-0.0011699327288681172,Down,0.0005
35,2024-12-02 00:13:00,High,HH,68.38,0.0799999999999983,0.0011713030746705044,Up,0.0005
36,2024-12-02 00:34:00,Low,HL,68.3,-0.0799999999999983,-0.0011699327288681172,Down,0.0005
37,2024-12-02 00:54:00,High,HH,68.42,0.12000000000000455,0.0017569546120059787,Up,0.0005
38,2024-12-02 00:59:00,Low,HL,68.38,-0.04000000000000625,-0.0005846243788366623,Down,0.0005
39,2024-12-02 01:17:00,High,HH,68.54,0.1600000000000108,0.0023398654577362343,Up,0.0005
40,2024-12-02 01:24:00,Low,HL,68.49,-0.05000000000001137,-0.0007295010213016484,Down,0.0005
41,2024-12-02 01:27:00,High,LH,68.53,0.04000000000000625,0.0005840268652359537,Up,0.0005
42,2024-12-02 01:31:00,Low,LL,68.47,-0.060000000000002274,-0.0008755289654166498,Down,0.0005
43,2024-12-02 01:53:00,High,HH,68.71,0.23999999999999488,0.003505184752446322,Up,0.0005
44,2024-12-02 01:59:00,Low,HL,68.56,-0.14999999999999147,-0.0021830883423081815,Down,0.0005
45,2024-12-02 02:01:00,High,LH,68.61,0.04999999999999716,0.0007292882147023061,Up,0.0005
46,2024-12-02 02:05:00,Low,LL,68.52,-0.09000000000000341,-0.0013117621337997987,Down,0.0005
47,2024-12-02 02:09:00,High,HH,68.62,0.10000000000000853,0.0014594279042616787,Up,0.0005
48,2024-12-02 02:19:00,Low,HL,68.54,-0.0799999999999983,-0.0011658408627222006,Down,0.0005
49,2024-12-02 02:38:00,High,HH,68.63,0.0899999999999892,0.0013131018383423232,Up,0.0005
50,2024-12-02 02:47:00,Low,LL,68.49,-0.14000000000000057,-0.002039924231385659,Down,0.0005
51,2024-12-02 02:51:00,High,LH,68.57,0.0799999999999983,0.0011680537304716854,Up,0.0005
52,2024-12-02 03:03:00,Low,LL,68.35,-0.21999999999999886,-0.0032084001750036784,Down,0.0005
53,2024-12-02 03:16:00,High,HH,68.57,0.21999999999999886,0.003218727139721933,Up,0.0005
54,2024-12-02 03:18:00,Low,HL,68.52,-0.04999999999999716,-0.0007291818579553411,Down,0.0005
55,2024-12-02 03:22:00,High,HH,68.58,0.060000000000002274,0.0008756567425569628,Up,0.0005
56,2024-12-02 03:23:00,Low,HL,68.52,-0.060000000000002274,-0.0008748906386701893,Down,0.0005
57,2024-12-02 03:30:00,High,HH,68.74,0.21999999999999886,0.0032107413893753822,Up,0.0005
58,2024-12-02 03:34:00,Low,HL,68.64,-0.09999999999999432,-0.0014547570555716316,Down,0.0005
59,2024-12-02 03:37:00,High,LH,68.7,0.060000000000002274,0.0008741258741258306,Up,0.0005
60,2024-12-02 03:41:00,Low,LL,68.51,-0.18999999999999773,-0.002765647743813604,Down,0.0005
61,2024-12-02 03:46:00,High,LH,68.62,0.10999999999999943,0.001605605021164802,Up,0.0005
62,2024-12-02 03:54:00,Low,HL,68.53,-0.09000000000000341,-0.0013115709705625589,Down,0.0005
63,2024-12-02 03:56:00,High,LH,68.6,0.06999999999999318,0.0010214504596526286,Up,0.0005
64,2024-12-02 03:58:00,Low,HL,68.54,-0.05999999999998806,-0.0008746355685129714,Down,0.0005
65,2024-12-02 04:03:00,High,HH,68.75,0.20999999999999375,0.003063904289466013,Up,0.0005
66,2024-12-02 04:12:00,Low,LL,68.47,-0.28000000000000114,-0.004072727272727339,Down,0.0005
67,2024-12-02 04:17:00,High,LH,68.55,0.0799999999999983,0.0011683949174821073,Up,0.0005
68,2024-12-02 04:19:00,Low,HL,68.51,-0.03999999999999204,-0.0005835156819838927,Down,0.0005
69,2024-12-02 04:28:00,High,HH,68.65,0.14000000000000057,0.002043497299664354,Up,0.0005
70,2024-12-02 04:32:00,Low,HL,68.58,-0.07000000000000739,-0.0010196649672251645,Down,0.0005
71,2024-12-02 04:35:00,High,HH,68.66,0.0799999999999983,0.0011665208515601044,Up,0.0005
72,2024-12-02 04:38:00,Low,LL,68.57,-0.09000000000000341,-0.0013108068744538404,Down,0.0005
73,2024-12-02 04:40:00,High,LH,68.65,0.0800000000000125,0.0011666909727288122,Up,0.0005
74,2024-12-02 04:42:00,Low,HL,68.57,-0.0800000000000125,-0.0011653313911145213,Down,0.0005
75,2024-12-02 04:45:00,High,HH,68.67,0.10000000000000853,0.0014583637159109042,Up,0.0005
76,2024-12-02 04:46:00,Low,HL,68.6,-0.07000000000000739,-0.0010193679918452103,Down,0.0005
77,2024-12-02 04:50:00,High,HH,68.7,0.10000000000000853,0.001457725947521915,Up,0.0005
78,2024-12-02 04:54:00,Low,HL,68.63,-0.07000000000000739,-0.0010189228529841055,Down,0.0005
79,2024-12-02 04:58:00,High,HH,68.72,0.09000000000000341,0.001311379863033757,Up,0.0005
80,2024-12-02 05:00:00,Low,HL,68.66,-0.060000000000002274,-0.0008731082654249711,Down,0.0005
81,2024-12-02 05:06:00,High,HH,68.78,0.12000000000000455,0.0017477424992717872,Up,0.0005
82,2024-12-02 05:09:00,Low,HL,68.67,-0.10999999999999943,-0.001599302122710089,Down,0.0005
83,2024-12-02 05:11:00,High,LH,68.73,0.060000000000002274,0.00087374399300999,Up,0.0005
84,2024-12-02 05:19:00,Low,LL,68.59,-0.14000000000000057,-0.0020369562054416424,Down,0.0005
85,2024-12-02 05:23:00,High,LH,68.68,0.09000000000000341,0.0013121446274968473,Up,0.0005
86,2024-12-02 05:33:00,Low,LL,68.54,-0.14000000000000057,-0.002038439138031478,Down,0.0005
87,2024-12-02 05:54:00,High,HH,68.69,0.14999999999999147,0.002188503063904168,Up,0.0005
88,2024-12-02 05:56:00,Low,HL,68.62,-0.06999999999999318,-0.001019071189401588,Down,0.0005
89,2024-12-02 06:03:00,High,HH,68.74,0.11999999999999034,0.0017487612940831898,Up,0.0005
90,2024-12-02 06:09:00,Low,HL,68.62,-0.11999999999999034,-0.001745708466685869,Down,0.0005
91,2024-12-02 06:10:00,High,LH,68.7,0.0799999999999983,0.0011658408627222006,Up,0.0005
92,2024-12-02 06:19:00,Low,HL,68.64,-0.060000000000002274,-0.0008733624454149158,Down,0.0005
93,2024-12-02 06:24:00,High,HH,68.74,0.09999999999999432,0.0014568764568763104,Up,0.0005
94,2024-12-02 06:29:00,Low,HL,68.67,-0.06999999999999318,-0.0010183299389000533,Down,0.0005
95,2024-12-02 06:58:00,High,HH,68.85,0.1799999999999926,0.00262123197902997,Up,0.0005
96,2024-12-02 07:06:00,Low,HL,68.78,-0.06999999999999318,-0.0010167029774872383,Down,0.0005
97,2024-12-02 07:19:00,High,HH,68.94,0.1599999999999966,0.0023262576330327356,Up,0.0005
98,2024-12-02 07:29:00,Low,HL,68.79,-0.14999999999999147,-0.0021758050478676294,Down,0.0005
99,2024-12-02 07:33:00,High,LH,68.86,0.06999999999999318,0.001017589765954341,Up,0.0005
100,2024-12-02 07:51:00,Low,LL,68.66,-0.20000000000000284,-0.002904443799012557,Down,0.0005
101,2024-12-02 08:06:00,High,HH,68.9,0.2400000000000091,0.0034954849985435743,Up,0.0005
102,2024-12-02 08:13:00,Low,HL,68.75,-0.15000000000000568,-0.002177068214804123,Down,0.0005
103,2024-12-02 08:25:00,High,HH,68.95,0.20000000000000284,0.0029090909090909722,Up,0.0005
104,2024-12-02 08:27:00,Low,HL,68.91,-0.04000000000000625,-0.0005801305293692272,Down,0.0005
105,2024-12-02 08:30:00,High,HH,68.98,0.07000000000000739,0.0010158177332753038,Up,0.0005
106,2024-12-02 08:31:00,Low,HL,68.94,-0.04000000000000625,-0.0005798782255727053,Down,0.0005
107,2024-12-02 08:35:00,High,HH,69.04,0.10000000000000853,0.0014505366985786416,Up,0.0005
108,2024-12-02 08:38:00,Low,LL,68.92,-0.12000000000000455,-0.0017381228273465332,Down,0.0005
109,2024-12-02 08:42:00,High,LH,69.02,0.09999999999999432,0.0014509576320369533,Up,0.0005
110,2024-12-02 08:45:00,Low,HL,68.98,-0.03999999999999204,-0.0005795421616920926,Down,0.0005
111,2024-12-02 08:50:00,High,HH,69.08,0.09999999999999432,0.0014496955639315967,Up,0.0005
112,2024-12-02 08:55:00,Low,LL,68.92,-0.1599999999999966,-0.0023161551823971394,Down,0.0005
113,2024-12-02 09:07:00,High,LH,69.05,0.12999999999999545,0.001886244921648128,Up,0.0005
114,2024-12-02 09:09:00,Low,HL,68.99,-0.060000000000002274,-0.0008689355539464039,Down,0.0005
115,2024-12-02 09:10:00,High,HH,69.07,0.0799999999999983,0.0011595883461370526,Up,0.0005
116,2024-12-02 09:18:00,Low,LL,68.77,-0.29999999999999716,-0.004343419719125441,Down,0.0005
117,2024-12-02 09:23:00,High,LH,68.83,0.060000000000002274,0.0008724734622655994,Up,0.0005
118,2024-12-02 09:25:00,Low,HL,68.78,-0.04999999999999716,-0.0007264274298997009,Down,0.0005
119,2024-12-02 09:30:00,High,HH,68.89,0.10999999999999943,0.001599302122710089,Up,0.0005
120,2024-12-02 09:35:00,Low,LL,68.57,-0.3200000000000074,-0.004645086369574836,Down,0.0005
121,2024-12-02 09:36:00,High,LH,68.63,0.060000000000002274,0.0008750182295464981,Up,0.0005
122,2024-12-02 09:45:00,Low,LL,68.35,-0.28000000000000114,-0.004079848462771429,Down,0.0005
123,2024-12-02 09:49:00,High,LH,68.42,0.07000000000000739,0.0010241404535480392,Up,0.0005
124,2024-12-02 09:53:00,Low,LL,68.29,-0.12999999999999545,-0.0019000292312189027,Down,0.0005
125,2024-12-02 09:54:00,High,LH,68.35,0.05999999999998806,0.0008786059452334793,Up,0.0005
126,2024-12-02 09:57:00,Low,LL,68.2,-0.14999999999999147,-0.002194586686174005,Down,0.0005
127,2024-12-02 09:59:00,High,LH,68.27,0.06999999999999318,0.0010263929618767875,Up,0.0005
128,2024-12-02 10:00:00,Low,HL,68.21,-0.060000000000002274,-0.0008788633367511345,Down,0.0005
129,2024-12-02 10:05:00,High,HH,68.41,0.20000000000000284,0.0029321213898256815,Up,0.0005
130,2024-12-02 10:15:00,Low,LL,68.16,-0.25,-0.0036544364858939193,Down,0.0005
131,2024-12-02 10:16:00,High,LH,68.2,0.04000000000000625,0.0005868544600939885,Up,0.0005
132,2024-12-02 10:17:00,Low,HL,68.16,-0.04000000000000625,-0.0005865102639297515,Down,0.0005
133,2024-12-02 10:24:00,High,HH,68.55,0.39000000000000057,0.005721830985915499,Up,0.0005
134,2024-12-02 10:25:00,Low,HL,68.51,-0.03999999999999204,-0.0005835156819838927,Down,0.0005
135,2024-12-02 10:29:00,High,HH,68.74,0.22999999999998977,0.003357174135162566,Up,0.0005
136,2024-12-02 10:39:00,Low,LL,68.4,-0.3399999999999892,-0.004946173988943703,Down,0.0005
137,2024-12-02 10:42:00,High,LH,68.45,0.04999999999999716,0.0007309941520468044,Up,0.0005
138,2024-12-02 10:47:00,Low,LL,68.3,-0.15000000000000568,-0.0021913805697589828,Down,0.0005
139,2024-12-02 10:49:00,High,LH,68.37,0.07000000000000739,0.0010248901903369134,Up,0.0005
140,2024-12-02 10:52:00,Low,LL,68.29,-0.0799999999999983,-0.0011701038467163416,Down,0.0005
141,2024-12-02 10:58:00,High,HH,68.53,0.23999999999999488,0.0035144237809341394,Up,0.0005
142,2024-12-02 11:03:00,Low,HL,68.34,-0.18999999999999773,-0.0027725083904859282,Down,0.0005
143,2024-12-02 11:07:00,High,LH,68.46,0.11999999999999034,0.0017559262510973284,Up,0.0005
144,2024-12-02 11:13:00,Low,LL,68.29,-0.1699999999999875,-0.002483201869704743,Down,0.0005
145,2024-12-02 11:15:00,High,LH,68.35,0.05999999999998806,0.0008786059452334793,Up,0.0005
146,2024-12-02 11:28:00,Low,LL,67.9,-0.44999999999998863,-0.006583760058522126,Down,0.0005
147,2024-12-02 11:31:00,High,LH,68.1,0.19999999999998863,0.002945508100147043,Up,0.0005
148,2024-12-02 11:44:00,Low,LL,67.83,-0.269999999999996,-0.003964757709251088,Down,0.0005
149,2024-12-02 11:48:00,High,LH,67.96,0.12999999999999545,0.0019165560961225125,Up,0.0005
150,2024-12-02 12:04:00,Low,LL,67.74,-0.21999999999999886,-0.0032371983519717817,Down,0.0005
151,2024-12-02 12:15:00,High,LH,67.94,0.20000000000000284,0.002952465308532659,Up,0.0005
152,2024-12-02 12:27:00,Low,HL,67.79,-0.14999999999999147,-0.0022078304386221603,Down,0.0005
153,2024-12-02 12:32:00,High,HH,67.95,0.1599999999999966,0.0023602301224368016,Up,0.0005
154,2024-12-02 12:33:00,Low,HL,67.9,-0.04999999999999716,-0.0007358351729211954,Down,0.0005
155,2024-12-02 12:37:00,High,HH,67.99,0.0899999999999892,0.0013254786450660472,Up,0.0005
156,2024-12-02 12:39:00,Low,HL,67.95,-0.03999999999999204,-0.0005883218120310563,Down,0.0005
157,2024-12-02 12:45:00,High,HH,68.06,0.10999999999999943,0.0016188373804266742,Up,0.0005
158,2024-12-02 12:51:00,Low,LL,67.94,-0.12000000000000455,-0.0017631501616222067,Down,0.0005
159,2024-12-02 12:56:00,High,HH,68.07,0.12999999999999545,0.0019134530468059019,Up,0.0005
160,2024-12-02 13:06:00,Low,HL,67.97,-0.09999999999999432,-0.0014690759512265839,Down,0.0005
161,2024-12-02 13:10:00,High,LH,68.05,0.0799999999999983,0.0011769898484625951,Up,0.0005
162,2024-12-02 13:24:00,Low,LL,67.93,-0.11999999999999034,-0.0017634092578984184,Down,0.0005
163,2024-12-02 13:27:00,High,LH,67.97,0.03999999999999204,0.0005888414544383824,Up,0.0005
164,2024-12-02 13:36:00,Low,LL,67.86,-0.10999999999999943,-0.0016183610416360406,Down,0.0005
165,2024-12-02 13:38:00,High,LH,67.9,0.04000000000000625,0.000589448865311093,Up,0.0005
166,2024-12-02 13:43:00,Low,LL,67.82,-0.0800000000000125,-0.001178203240059128,Down,0.0005
167,2024-12-02 13:48:00,High,HH,67.91,0.09000000000000341,0.0013270421704512092,Up,0.0005
168,2024-12-02 13:49:00,Low,HL,67.87,-0.03999999999999204,-0.0005890148726254152,Down,0.0005
169,2024-12-02 13:51:00,High,HH,67.96,0.0899999999999892,0.0013260645351405032,Up,0.0005
170,2024-12-02 13:54:00,Low,HL,67.91,-0.04999999999999716,-0.0007357268981753595,Down,0.0005
171,2024-12-02 13:57:00,High,HH,68.0,0.09000000000000341,0.001325283463407434,Up,0.0005
172,2024-12-02 13:59:00,Low,HL,67.93,-0.06999999999999318,-0.0010294117647058343,Down,0.0005
173,2024-12-02 14:01:00,High,HH,68.0,0.06999999999999318,0.0010304725452670027,Up,0.0005
174,2024-12-02 14:13:00,Low,LL,67.88,-0.12000000000000455,-0.0017647058823530015,Down,0.0005
175,2024-12-02 14:27:00,High,HH,68.12,0.2400000000000091,0.003535651149086716,Up,0.0005
176,2024-12-02 14:28:00,Low,HL,68.04,-0.0799999999999983,-0.0011743981209629828,Down,0.0005
177,2024-12-02 14:37:00,High,HH,68.16,0.11999999999999034,0.0017636684303350414,Up,0.0005
178,2024-12-02 15:30:00,Low,LL,67.96,-0.20000000000000284,-0.002934272300469498,Down,0.0005
179,2024-12-02 15:54:00,High,LH,68.08,0.12000000000000455,0.0017657445556209517,Up,0.0005
180,2024-12-02 15:59:00,Low,HL,68.03,-0.04999999999999716,-0.0007344300822561545,Down,0.0005
181,2024-12-02 16:31:00,High,HH,68.19,0.1599999999999966,0.002351903571953473,Up,0.0005
182,2024-12-02 18:45:00,Low,HL,68.1,-0.09000000000000341,-0.0013198416190057793,Down,0.0005
183,2024-12-02 20:00:00,High,HH,68.2,0.10000000000000853,0.001468428781204345,Up,0.0005
184,2024-12-02 20:01:00,Low,HL,68.16,-0.04000000000000625,-0.0005865102639297515,Down,0.0005
185,2024-12-02 20:22:00,High,HH,68.24,0.0799999999999983,0.0011737089201877549,Up,0.0005
186,2024-12-02 20:32:00,Low,LL,68.05,-0.18999999999999773,-0.0027842907385696725,Down,0.0005
187,2024-12-02 20:37:00,High,LH,68.09,0.04000000000000625,0.0005878030859662875,Up,0.0005
188,2024-12-02 20:39:00,Low,LL,68.03,-0.060000000000002274,-0.0008811866647084887,Down,0.0005
189,2024-12-02 20:44:00,High,LH,68.08,0.04999999999999716,0.0007349698662353354,Up,0.0005
190,2024-12-02 20:45:00,Low,HL,68.03,-0.04999999999999716,-0.0007344300822561545,Down,0.0005
191,2024-12-02 20:55:00,High,LH,68.07,0.03999999999999204,0.0005879758929883128,Up,0.0005
192,2024-12-02 21:04:00,Low,LL,67.94,-0.12999999999999545,-0.0019097987365945812,Down,0.0005
193,2024-12-02 21:09:00,High,LH,68.01,0.07000000000000739,0.0010303208713571266,Up,0.0005
194,2024-12-02 21:12:00,Low,HL,67.97,-0.04000000000000625,-0.0005881488016469261,Down,0.0005
195,2024-12-02 21:17:00,High,HH,68.07,0.09999999999999432,0.0014712373105780774,Up,0.0005
196,2024-12-02 21:39:00,Low,LL,67.92,-0.14999999999999147,-0.0022036139268398758,Down,0.0005
197,2024-12-02 21:42:00,High,LH,67.96,0.03999999999999204,0.0005889281507653887,Up,0.0005
198,2024-12-02 21:44:00,Low,HL,67.92,-0.03999999999999204,-0.0005885815185402432,Down,0.0005
199,2024-12-02 21:50:00,High,HH,67.99,0.06999999999999318,0.0010306242638398189,Up,0.0005
200,2024-12-02 22:03:00,Low,HL,67.94,-0.04999999999999716,-0.0007354022650389869,Down,0.0005
201,2024-12-02 22:08:00,High,HH,68.03,0.09000000000000341,0.001324698263173385,Up,0.0005
202,2024-12-02 22:19:00,Low,HL,67.95,-0.0799999999999983,-0.0011759517859767366,Down,0.0005
203,2024-12-02 22:52:00,High,HH,68.17,0.21999999999999886,0.0032376747608535705,Up,0.0005
204,2024-12-02 22:57:00,Low,HL,68.13,-0.04000000000000625,-0.0005867683731848317,Down,0.0005
205,2024-12-02 23:12:00,High,HH,68.2,0.07000000000000739,0.001027447526787073,Up,0.0005
206,2024-12-02 23:25:00,Low,HL,68.15,-0.04999999999999716,-0.0007331378299120228,Down,0.0005
207,2024-12-02 23:33:00,High,HH,68.22,0.06999999999999318,0.0010271460014672495,Up,0.0005
208,2024-12-02 23:39:00,Low,LL,68.14,-0.0799999999999983,-0.0011726766344180017,Down,0.0005
209,2024-12-02 23:51:00,High,LH,68.21,0.06999999999999318,0.0010272967420017487,Up,0.0005
210,2024-12-03 00:13:00,Low,LL,68.12,-0.0899999999999892,-0.001319454625421379,Down,0.0005
211,2024-12-03 00:29:00,High,LH,68.18,0.060000000000002274,0.0008807985907222093,Up,0.0005
212,2024-12-03 00:32:00,Low,HL,68.14,-0.04000000000000625,-0.0005866823115283637,Down,0.0005
213,2024-12-03 01:23:00,High,HH,68.35,0.20999999999999375,0.003081890226005246,Up,0.0005
214,2024-12-03 01:33:00,Low,HL,68.29,-0.05999999999998806,-0.0008778346744694465,Down,0.0005
215,2024-12-03 01:50:00,High,HH,68.38,0.0899999999999892,0.001317908917850108,Up,0.0005
216,2024-12-03 02:00:00,Low,HL,68.3,-0.0799999999999983,-0.0011699327288681172,Down,0.0005
217,2024-12-03 02:07:00,High,HH,68.4,0.10000000000000853,0.0014641288433383526,Up,0.0005
218,2024-12-03 02:18:00,Low,LL,68.29,-0.10999999999999943,-0.0016081871345029475,Down,0.0005
219,2024-12-03 02:31:00,High,HH,68.41,0.11999999999999034,0.0017572118904669587,Up,0.0005
220,2024-12-03 02:48:00,Low,HL,68.36,-0.04999999999999716,-0.0007308872971787395,Down,0.0005
221,2024-12-03 02:49:00,High,HH,68.41,0.04999999999999716,0.0007314218841427689,Up,0.0005
222,2024-12-03 02:58:00,Low,LL,68.35,-0.060000000000002274,-0.0008770647566145318,Down,0.0005
223,2024-12-03 03:06:00,High,HH,68.57,0.21999999999999886,0.003218727139721933,Up,0.0005
224,2024-12-03 03:13:00,Low,HL,68.5,-0.06999999999999318,-0.001020854601137433,Down,0.0005
225,2024-12-03 03:26:00,High,HH,68.6,0.09999999999999432,0.0014598540145984717,Up,0.0005
226,2024-12-03 03:28:00,Low,HL,68.56,-0.03999999999999204,-0.0005830903790086106,Down,0.0005
227,2024-12-03 03:40:00,High,HH,68.69,0.12999999999999545,0.0018961493582263511,Up,0.0005
228,2024-12-03 03:42:00,Low,HL,68.64,-0.04999999999999716,-0.0007279079924297216,Down,0.0005
229,2024-12-03 04:00:00,High,HH,68.88,0.23999999999999488,0.0034965034965033226,Up,0.0005
230,2024-12-03 04:08:00,Low,HL,68.72,-0.1599999999999966,-0.0023228803716608404,Down,0.0005
231,2024-12-03 04:11:00,High,LH,68.8,0.0799999999999983,0.0011641443538998875,Up,0.0005
232,2024-12-03 04:16:00,Low,HL,68.74,-0.060000000000002274,-0.0008720930232558599,Down,0.0005
233,2024-12-03 04:19:00,High,HH,68.83,0.09000000000000341,0.0013092813500146239,Up,0.0005
234,2024-12-03 04:21:00,Low,HL,68.78,-0.04999999999999716,-0.0007264274298997009,Down,0.0005
235,2024-12-03 04:30:00,High,HH,68.91,0.12999999999999545,0.0018900843268392364,Up,0.0005
236,2024-12-03 04:36:00,Low,HL,68.78,-0.12999999999999545,-0.001886518647511215,Down,0.0005
237,2024-12-03 04:42:00,High,LH,68.88,0.09999999999999432,0.0014539110206455153,Up,0.0005
238,2024-12-03 04:45:00,Low,HL,68.84,-0.03999999999999204,-0.0005807200929150991,Down,0.0005
239,2024-12-03 04:57:00,High,HH,68.93,0.09000000000000341,0.0013073794305635822,Up,0.0005
240,2024-12-03 05:07:00,Low,LL,68.73,-0.20000000000000284,-0.0029014942695488877,Down,0.0005
241,2024-12-03 05:19:00,High,LH,68.86,0.12999999999999545,0.0018914593336243346,Up,0.0005
242,2024-12-03 05:30:00,Low,HL,68.76,-0.09999999999999432,-0.001452221899506112,Down,0.0005
243,2024-12-03 05:39:00,High,HH,68.88,0.11999999999999034,0.0017452006980800405,Up,0.0005
244,2024-12-03 05:48:00,Low,LL,68.74,-0.14000000000000057,-0.002032520325203291,Down,0.0005
245,2024-12-03 05:53:00,High,LH,68.84,0.10000000000000853,0.0014547570555718536,Up,0.0005
246,2024-12-03 05:58:00,Low,LL,68.66,-0.18000000000000682,-0.0026147588611273864,Down,0.0005
247,2024-12-03 06:09:00,High,LH,68.74,0.0799999999999983,0.0011651616661811914,Up,0.0005
248,2024-12-03 06:14:00,Low,HL,68.7,-0.03999999999999204,-0.000581902822228586,Down,0.0005
249,2024-12-03 06:33:00,High,HH,68.92,0.21999999999999886,0.003202328966521062,Up,0.0005
250,2024-12-03 06:36:00,Low,HL,68.81,-0.10999999999999943,-0.0015960533952408262,Down,0.0005
251,2024-12-03 06:43:00,High,LH,68.89,0.0799999999999983,0.0011626217119604654,Up,0.0005
252,2024-12-03 06:45:00,Low,HL,68.85,-0.04000000000000625,-0.0005806357961969377,Down,0.0005
253,2024-12-03 06:48:00,High,HH,68.92,0.07000000000000739,0.0010167029774874603,Up,0.0005
254,2024-12-03 06:50:00,Low,LL,68.84,-0.0799999999999983,-0.0011607661056296514,Down,0.0005
255,2024-12-03 07:22:00,High,HH,69.03,0.18999999999999773,0.0027600232423008464,Up,0.0005
256,2024-12-03 07:27:00,Low,HL,68.93,-0.09999999999999432,-0.001448645516442082,Down,0.0005
257,2024-12-03 07:41:00,High,HH,69.25,0.3199999999999932,0.004642390831278043,Up,0.0005
258,2024-12-03 07:46:00,Low,HL,69.18,-0.06999999999999318,-0.0010108303249096728,Down,0.0005
259,2024-12-03 07:55:00,High,HH,69.31,0.12999999999999545,0.0018791558253830054,Up,0.0005
260,2024-12-03 08:00:00,Low,HL,69.23,-0.0799999999999983,-0.0011542345981820912,Down,0.0005
261,2024-12-03 08:12:00,High,HH,69.44,0.20999999999999375,0.0030333670374114163,Up,0.0005
262,2024-12-03 08:21:00,Low,LL,69.12,-0.3199999999999932,-0.004608294930875445,Down,0.0005
263,2024-12-03 08:22:00,High,LH,69.18,0.060000000000002274,0.0008680555555555802,Up,0.0005
264,2024-12-03 08:24:00,Low,LL,69.09,-0.09000000000000341,-0.001300954032957602,Down,0.0005
265,2024-12-03 08:30:00,High,HH,69.2,0.10999999999999943,0.0015921262121869617,Up,0.0005
266,2024-12-03 08:33:00,Low,HL,69.13,-0.07000000000000739,-0.001011560693641722,Down,0.0005
267,2024-12-03 08:45:00,High,HH,69.31,0.18000000000000682,0.002603789960943237,Up,0.0005
268,2024-12-03 08:47:00,Low,HL,69.22,-0.09000000000000341,-0.0012985139229548803,Down,0.0005
269,2024-12-03 08:51:00,High,HH,69.34,0.12000000000000455,0.0017336030049119877,Up,0.0005
270,2024-12-03 08:58:00,Low,LL,69.16,-0.18000000000000682,-0.0025959042399770205,Down,0.0005
271,2024-12-03 08:59:00,High,LH,69.22,0.060000000000002274,0.0008675534991324785,Up,0.0005
272,2024-12-03 09:00:00,Low,HL,69.18,-0.03999999999999204,-0.0005778676683038109,Down,0.0005
273,2024-12-03 09:03:00,High,HH,69.32,0.13999999999998636,0.0020237062734893563,Up,0.0005
274,2024-12-03 09:06:00,Low,LL,69.07,-0.25,-0.003606462781304054,Down,0.0005
275,2024-12-03 09:11:00,High,LH,69.17,0.10000000000000853,0.0014478065730418876,Up,0.0005
276,2024-12-03 09:15:00,Low,HL,69.12,-0.04999999999999716,-0.0007228567297961064,Down,0.0005
277,2024-12-03 09:20:00,High,HH,69.19,0.06999999999999318,0.0010127314814813992,Up,0.0005
278,2024-12-03 09:21:00,Low,LL,69.11,-0.0799999999999983,-0.00115623645035412,Down,0.0005
279,2024-12-03 09:23:00,High,LH,69.15,0.04000000000000625,0.0005787874403127002,Up,0.0005
280,2024-12-03 09:25:00,Low,LL,69.09,-0.060000000000002274,-0.0008676789587852562,Down,0.0005
281,2024-12-03 09:29:00,High,LH,69.14,0.04999999999999716,0.0007236937328123361,Up,0.0005
282,2024-12-03 09:38:00,Low,LL,68.75,-0.39000000000000057,-0.005640728955741969,Down,0.0005
283,2024-12-03 09:44:00,High,LH,69.04,0.29000000000000625,0.004218181818181899,Up,0.0005
284,2024-12-03 09:45:00,Low,HL,68.97,-0.07000000000000739,-0.001013904982618885,Down,0.0005
285,2024-12-03 09:47:00,High,LH,69.01,0.04000000000000625,0.0005799623024504985,Up,0.0005
286,2024-12-03 09:53:00,Low,LL,68.87,-0.14000000000000057,-0.0020286914939864342,Down,0.0005
287,2024-12-03 09:55:00,High,LH,68.98,0.10999999999999943,0.001597212138812143,Up,0.0005
288,2024-12-03 09:58:00,Low,HL,68.93,-0.04999999999999716,-0.0007248477819657984,Down,0.0005
289,2024-12-03 10:00:00,High,HH,69.02,0.0899999999999892,0.0013056724212967552,Up,0.0005
290,2024-12-03 10:05:00,Low,LL,68.88,-0.14000000000000057,-0.0020283975659228792,Down,0.0005
291,2024-12-03 10:13:00,High,HH,69.14,0.2600000000000051,0.003774680603948921,Up,0.0005
292,2024-12-03 10:14:00,Low,HL,69.08,-0.060000000000002274,-0.0008678044547295594,Down,0.0005
293,2024-12-03 10:20:00,High,HH,69.49,0.4099999999999966,0.005935147654892781,Up,0.0005
294,2024-12-03 10:24:00,Low,HL,69.33,-0.1599999999999966,-0.0023024895668440903,Down,0.0005
295,2024-12-03 10:38:00,High,HH,69.64,0.3100000000000023,0.004471368815808452,Up,0.0005
296,2024-12-03 10:40:00,Low,HL,69.57,-0.07000000000000739,-0.0010051694428490077,Down,0.0005
297,2024-12-03 10:43:00,High,HH,69.64,0.07000000000000739,0.0010061808250683146,Up,0.0005
298,2024-12-03 10:46:00,Low,LL,69.5,-0.14000000000000057,-0.0020103388856979043,Down,0.0005
299,2024-12-03 10:51:00,High,HH,69.72,0.21999999999999886,0.0031654676258991987,Up,0.0005
300,2024-12-03 10:53:00,Low,HL,69.66,-0.060000000000002274,-0.000860585197934638,Down,0.0005
301,2024-12-03 10:57:00,High,LH,69.71,0.04999999999999716,0.0007177720356015271,Up,0.0005
302,2024-12-03 11:00:00,Low,HL,69.67,-0.03999999999999204,-0.0005738057667478147,Down,0.0005
303,2024-12-03 11:03:00,High,HH,69.75,0.0799999999999983,0.0011482704176832836,Up,0.0005
304,2024-12-03 11:05:00,Low,LL,69.59,-0.1599999999999966,-0.0022939068100358284,Down,0.0005
305,2024-12-03 11:07:00,High,LH,69.73,0.14000000000000057,0.002011783302198644,Up,0.0005
306,2024-12-03 11:09:00,Low,LL,69.57,-0.1600000000000108,-0.002294564749749206,Down,0.0005
307,2024-12-03 11:20:00,High,HH,69.76,0.19000000000001194,0.0027310622394711714,Up,0.0005
308,2024-12-03 11:22:00,Low,HL,69.72,-0.04000000000000625,-0.0005733944954129377,Down,0.0005
309,2024-12-03 11:27:00,High,HH,69.86,0.14000000000000057,0.002008032128514081,Up,0.0005
310,2024-12-03 11:28:00,Low,HL,69.79,-0.06999999999999318,-0.0010020040080159776,Down,0.0005
311,2024-12-03 11:42:00,High,HH,70.07,0.2799999999999869,0.004012036108324679,Up,0.0005
312,2024-12-03 11:43:00,Low,HL,70.02,-0.04999999999999716,-0.0007135721421435148,Down,0.0005
313,2024-12-03 11:44:00,High,LH,70.06,0.04000000000000625,0.0005712653527565337,Up,0.0005
314,2024-12-03 11:47:00,Low,LL,69.97,-0.09000000000000341,-0.0012846131886954382,Down,0.0005
315,2024-12-03 12:01:00,High,HH,70.1,0.12999999999999545,0.001857939116764351,Up,0.0005
316,2024-12-03 12:05:00,Low,HL,70.04,-0.05999999999998806,-0.0008559201141224992,Down,0.0005
317,2024-12-03 12:10:00,High,HH,70.16,0.11999999999999034,0.0017133066818959541,Up,0.0005
318,2024-12-03 12:16:00,Low,HL,70.09,-0.06999999999999318,-0.0009977194982895288,Down,0.0005
319,2024-12-03 12:24:00,High,HH,70.19,0.09999999999999432,0.0014267370523610712,Up,0.0005
320,2024-12-03 12:25:00,Low,HL,70.15,-0.03999999999999204,-0.0005698817495368713,Down,0.0005
321,2024-12-03 12:32:00,High,HH,70.2,0.04999999999999716,0.0007127583749109156,Up,0.0005
322,2024-12-03 12:34:00,Low,LL,70.14,-0.060000000000002274,-0.0008547008547008517,Down,0.0005
323,2024-12-03 12:38:00,High,LH,70.18,0.04000000000000625,0.0005702879954376794,Up,0.0005
324,2024-12-03 12:42:00,Low,LL,70.07,-0.11000000000001364,-0.0015673981191224318,Down,0.0005
325,2024-12-03 12:44:00,High,LH,70.11,0.04000000000000625,0.0005708577137149007,Up,0.0005
326,2024-12-03 12:47:00,Low,LL,69.96,-0.15000000000000568,-0.0021394950791614464,Down,0.0005
327,2024-12-03 12:49:00,High,LH,70.01,0.05000000000001137,0.0007146941109206217,Up,0.0005
328,2024-12-03 12:55:00,Low,LL,69.94,-0.07000000000000739,-0.000999857163262452,Down,0.0005
329,2024-12-03 12:58:00,High,LH,69.99,0.04999999999999716,0.000714898484415194,Up,0.0005
330,2024-12-03 13:01:00,Low,LL,69.91,-0.0799999999999983,-0.0011430204314901715,Down,0.0005
331,2024-12-03 13:03:00,High,LH,69.98,0.07000000000000739,0.0010012873694751345,Up,0.0005
332,2024-12-03 13:11:00,Low,LL,69.78,-0.20000000000000284,-0.002857959416976308,Down,0.0005
333,2024-12-03 13:20:00,High,LH,69.93,0.15000000000000568,0.002149613069647449,Up,0.0005
334,2024-12-03 13:23:00,Low,HL,69.89,-0.04000000000000625,-0.000572000572000686,Down,0.0005
335,2024-12-03 13:25:00,High,HH,69.93,0.04000000000000625,0.0005723279439120432,Up,0.0005
336,2024-12-03 13:28:00,Low,LL,69.86,-0.07000000000000739,-0.0010010010010010895,Down,0.0005
337,2024-12-03 13:34:00,High,HH,69.98,0.12000000000000455,0.0017177211565990724,Up,0.0005
338,2024-12-03 13:37:00,Low,HL,69.9,-0.0799999999999983,-0.0011431837667904565,Down,0.0005
339,2024-12-03 13:39:00,High,LH,69.97,0.06999999999999318,0.0010014306151644448,Up,0.0005
340,2024-12-03 13:41:00,Low,HL,69.92,-0.04999999999999716,-0.0007145919679862889,Down,0.0005
341,2024-12-03 13:49:00,High,HH,70.12,0.20000000000000284,0.0028604118993136307,Up,0.0005
342,2024-12-03 13:52:00,Low,HL,70.05,-0.07000000000000739,-0.0009982886480320863,Down,0.0005
343,2024-12-03 13:54:00,High,LH,70.1,0.04999999999999716,0.0007137758743753775,Up,0.0005
344,2024-12-03 13:55:00,Low,LL,70.04,-0.05999999999998806,-0.0008559201141224992,Down,0.0005
345,2024-12-03 13:59:00,High,HH,70.11,0.06999999999999318,0.000999428897772603,Up,0.0005
346,2024-12-03 14:01:00,Low,HL,70.04,-0.06999999999999318,-0.0009984310369418603,Down,0.0005
347,2024-12-03 14:08:00,High,HH,70.16,0.11999999999999034,0.0017133066818959541,Up,0.0005
348,2024-12-03 14:17:00,Low,LL,70.03,-0.12999999999999545,-0.001852907639680712,Down,0.0005
349,2024-12-03 14:18:00,High,LH,70.1,0.06999999999999318,0.000999571612166017,Up,0.0005
350,2024-12-03 14:22:00,Low,LL,70.02,-0.0799999999999983,-0.001141226818830221,Down,0.0005
351,2024-12-03 14:25:00,High,LH,70.09,0.07000000000000739,0.0009997143673237119,Up,0.0005
352,2024-12-03 14:29:00,Low,LL,69.9,-0.18999999999999773,-0.002710800399486346,Down,0.0005
353,2024-12-03 14:46:00,High,LH,70.07,0.1699999999999875,0.0024320457796851436,Up,0.0005
354,2024-12-03 14:53:00,Low,HL,70.0,-0.06999999999999318,-0.0009990009990008542,Down,0.0005
355,2024-12-03 15:15:00,High,HH,70.08,0.0799999999999983,0.0011428571428571122,Up,0.0005
356,2024-12-03 15:19:00,Low,HL,70.01,-0.06999999999999318,-0.000998858447488482,Down,0.0005
357,2024-12-03 15:29:00,High,LH,70.06,0.04999999999999716,0.0007141836880444341,Up,0.0005
358,2024-12-03 15:32:00,Low,LL,69.98,-0.0799999999999983,-0.0011418783899515006,Down,0.0005
359,2024-12-03 15:46:00,High,LH,70.02,0.03999999999999204,0.0005715918833950617,Up,0.0005
360,2024-12-03 16:12:00,Low,LL,69.94,-0.0799999999999983,-0.0011425307055127343,Down,0.0005
361,2024-12-03 16:19:00,High,LH,69.98,0.04000000000000625,0.0005719187875321552,Up,0.0005
362,2024-12-03 16:32:00,Low,LL,69.89,-0.09000000000000341,-0.001286081737639333,Down,0.0005
363,2024-12-03 16:34:00,High,LH,69.96,0.06999999999999318,0.0010015739018456316,Up,0.0005
364,2024-12-03 16:53:00,Low,HL,69.91,-0.04999999999999716,-0.0007146941109205107,Down,0.0005
365,2024-12-03 16:59:00,High,HH,69.97,0.060000000000002274,0.0008582463166928456,Up,0.0005
366,2024-12-03 18:00:00,Low,HL,69.91,-0.060000000000002274,-0.0008575103615835467,Down,0.0005
367,2024-12-03 18:44:00,High,HH,70.08,0.1700000000000017,0.00243169789729647,Up,0.0005
368,2024-12-03 18:55:00,Low,HL,70.01,-0.06999999999999318,-0.000998858447488482,Down,0.0005
369,2024-12-03 19:07:00,High,LH,70.07,0.05999999999998806,0.0008570204256532765,Up,0.0005
370,2024-12-03 19:44:00,Low,LL,69.96,-0.10999999999999943,-0.0015698587127158659,Down,0.0005
371,2024-12-03 19:55:00,High,LH,70.0,0.04000000000000625,0.0005717552887365418,Up,0.0005
372,2024-12-03 20:09:00,Low,LL,69.95,-0.04999999999999716,-0.0007142857142856673,Down,0.0005
373,2024-12-03 20:27:00,High,HH,70.0,0.04999999999999716,0.0007147962830593713,Up,0.0005
374,2024-12-03 20:30:00,Low,HL,69.96,-0.04000000000000625,-0.0005714285714286671,Down,0.0005
375,2024-12-03 20:38:00,High,HH,70.01,0.05000000000001137,0.0007146941109206217,Up,0.0005
376,2024-12-03 20:49:00,Low,LL,69.87,-0.14000000000000057,-0.001999714326524793,Down,0.0005
377,2024-12-03 20:52:00,High,LH,69.95,0.0799999999999983,0.001144983540861677,Up,0.0005
378,2024-12-03 20:58:00,Low,HL,69.89,-0.060000000000002274,-0.0008577555396712677,Down,0.0005
379,2024-12-03 21:06:00,High,HH,69.97,0.0799999999999983,0.0011446558878236424,Up,0.0005
380,2024-12-03 21:12:00,Low,HL,69.9,-0.06999999999999318,-0.0010004287551806934,Down,0.0005
381,2024-12-03 21:36:00,High,HH,70.01,0.10999999999999943,0.0015736766809728575,Up,0.0005
382,2024-12-03 21:42:00,Low,HL,69.97,-0.04000000000000625,-0.0005713469504357027,Down,0.0005
383,2024-12-03 21:45:00,High,HH,70.04,0.07000000000000739,0.0010004287551808044,Up,0.0005
384,2024-12-03 21:54:00,Low,LL,69.96,-0.0800000000000125,-0.0011422044545975618,Down,0.0005
385,2024-12-03 21:59:00,High,LH,70.01,0.05000000000001137,0.0007146941109206217,Up,0.0005
386,2024-12-03 22:07:00,Low,LL,69.95,-0.060000000000002274,-0.0008570204256534986,Down,0.0005
387,2024-12-03 22:11:00,High,HH,70.02,0.06999999999999318,0.0010007147962829421,Up,0.0005
388,2024-12-03 22:29:00,Low,LL,69.92,-0.09999999999999432,-0.001428163381890779,Down,0.0005
389,2024-12-03 22:42:00,High,LH,70.01,0.09000000000000341,0.0012871853546911893,Up,0.0005
390,2024-12-03 22:52:00,Low,HL,69.96,-0.05000000000001137,-0.0007141836880447672,Down,0.0005
391,2024-12-03 23:08:00,High,HH,70.01,0.05000000000001137,0.0007146941109206217,Up,0.0005
392,2024-12-03 23:11:00,Low,HL,69.97,-0.04000000000000625,-0.0005713469504357027,Down,0.0005
393,2024-12-04 00:06:00,High,HH,70.13,0.1599999999999966,0.0022866942975561244,Up,0.0005
394,2024-12-04 00:10:00,Low,HL,70.09,-0.03999999999999204,-0.000570369314130792,Down,0.0005
395,2024-12-04 00:19:00,High,HH,70.13,0.03999999999999204,0.0005706948209442952,Up,0.0005
396,2024-12-04 00:38:00,Low,LL,70.07,-0.060000000000002274,-0.00085555397119641,Down,0.0005
397,2024-12-04 00:47:00,High,LH,70.12,0.05000000000001137,0.0007135721421436259,Up,0.0005
398,2024-12-04 00:49:00,Low,HL,70.08,-0.04000000000000625,-0.0005704506560183509,Down,0.0005
399,2024-12-04 01:09:00,High,HH,70.17,0.09000000000000341,0.0012842465753424293,Up,0.0005
400,2024-12-04 01:19:00,Low,HL,70.12,-0.04999999999999716,-0.0007125552230297094,Down,0.0005
401,2024-12-04 01:24:00,High,HH,70.17,0.04999999999999716,0.0007130633200227443,Up,0.0005
402,2024-12-04 01:42:00,Low,LL,70.11,-0.060000000000002274,-0.0008550662676357623,Down,0.0005
403,2024-12-04 01:50:00,High,HH,70.18,0.07000000000000739,0.0009984310369419713,Up,0.0005
404,2024-12-04 01:55:00,Low,LL,70.1,-0.0800000000000125,-0.0011399259048163746,Down,0.0005
405,2024-12-04 01:59:00,High,LH,70.15,0.05000000000001137,0.0007132667617690824,Up,0.0005
406,2024-12-04 02:02:00,Low,HL,70.11,-0.04000000000000625,-0.0005702066999287991,Down,0.0005
407,2024-12-04 02:10:00,High,HH,70.2,0.09000000000000341,0.0012836970474967568,Up,0.0005
408,2024-12-04 02:16:00,Low,HL,70.13,-0.07000000000000739,-0.0009971509971511416,Down,0.0005
409,2024-12-04 02:22:00,High,LH,70.18,0.05000000000001137,0.0007129616426637675,Up,0.0005
410,2024-12-04 02:33:00,Low,HL,70.13,-0.05000000000001137,-0.0007124536905103174,Down,0.0005
411,2024-12-04 02:37:00,High,LH,70.17,0.04000000000000625,0.000570369314131014,Up,0.0005
412,2024-12-04 02:56:00,Low,LL,70.06,-0.10999999999999943,-0.0015676214906654717,Down,0.0005
413,2024-12-04 03:04:00,High,LH,70.13,0.06999999999999318,0.000999143591207341,Up,0.0005
414,2024-12-04 03:17:00,Low,LL,69.99,-0.14000000000000057,-0.001996292599458105,Down,0.0005
415,2024-12-04 03:20:00,High,LH,70.05,0.060000000000002274,0.0008572653236176286,Up,0.0005
416,2024-12-04 03:23:00,Low,HL,70.0,-0.04999999999999716,-0.0007137758743753775,Down,0.0005
417,2024-12-04 03:30:00,High,HH,70.14,0.14000000000000057,0.0020000000000000018,Up,0.0005
418,2024-12-04 03:39:00,Low,LL,69.96,-0.18000000000000682,-0.0025662959794697793,Down,0.0005
419,2024-12-04 03:41:00,High,LH,70.07,0.10999999999999943,0.0015723270440251014,Up,0.0005
420,2024-12-04 03:42:00,Low,HL,70.01,-0.05999999999998806,-0.000856286570572129,Down,0.0005
421,2024-12-04 03:43:00,High,LH,70.05,0.03999999999999204,0.0005713469504355917,Up,0.0005
422,2024-12-04 03:55:00,Low,LL,69.88,-0.1700000000000017,-0.002426837972876572,Down,0.0005
423,2024-12-04 04:00:00,High,HH,70.08,0.20000000000000284,0.0028620492272466436,Up,0.0005
424,2024-12-04 04:11:00,Low,HL,69.98,-0.09999999999999432,-0.0014269406392692918,Down,0.0005
425,2024-12-04 04:16:00,High,LH,70.07,0.0899999999999892,0.001286081737639222,Up,0.0005
426,2024-12-04 04:18:00,Low,LL,69.96,-0.10999999999999943,-0.0015698587127158659,Down,0.0005
427,2024-12-04 04:28:00,High,HH,70.08,0.12000000000000455,0.0017152658662094034,Up,0.0005
428,2024-12-04 04:30:00,Low,HL,70.03,-0.04999999999999716,-0.0007134703196346459,Down,0.0005
429,2024-12-04 04:31:00,High,HH,70.08,0.04999999999999716,0.0007139797229758216,Up,0.0005
430,2024-12-04 04:37:00,Low,HL,70.04,-0.03999999999999204,-0.0005707762557076723,Down,0.0005
431,2024-12-04 05:06:00,High,HH,70.5,0.45999999999999375,0.006567675613934787,Up,0.0005
432,2024-12-04 05:12:00,Low,HL,70.32,-0.18000000000000682,-0.002553191489361839,Down,0.0005
433,2024-12-04 05:14:00,High,LH,70.36,0.04000000000000625,0.0005688282138796019,Up,0.0005
434,2024-12-04 05:16:00,Low,LL,70.31,-0.04999999999999716,-0.0007106310403638405,Down,0.0005
435,2024-12-04 05:20:00,High,HH,70.39,0.0799999999999983,0.0011378182335370912,Up,0.0005
436,2024-12-04 05:23:00,Low,HL,70.31,-0.0799999999999983,-0.0011365250745843936,Down,0.0005
437,2024-12-04 05:27:00,High,LH,70.36,0.04999999999999716,0.0007111363959606543,Up,0.0005
438,2024-12-04 05:29:00,Low,HL,70.32,-0.04000000000000625,-0.0005685048322912056,Down,0.0005
439,2024-12-04 05:33:00,High,HH,70.48,0.1600000000000108,0.0022753128555177415,Up,0.0005
440,2024-12-04 05:36:00,Low,HL,70.36,-0.12000000000000455,-0.0017026106696935717,Down,0.0005
441,2024-12-04 05:43:00,High,LH,70.43,0.07000000000000739,0.0009948834565094433,Up,0.0005
442,2024-12-04 05:44:00,Low,HL,70.39,-0.04000000000000625,-0.0005679397983814338,Down,0.0005
443,2024-12-04 05:47:00,High,HH,70.43,0.04000000000000625,0.0005682625372922523,Up,0.0005
444,2024-12-04 05:50:00,Low,LL,70.38,-0.05000000000001137,-0.0007099247479769311,Down,0.0005
445,2024-12-04 05:51:00,High,HH,70.43,0.05000000000001137,0.0007104290991759576,Up,0.0005
446,2024-12-04 05:56:00,Low,LL,70.23,-0.20000000000000284,-0.002839698991906947,Down,0.0005
447,2024-12-04 05:58:00,High,LH,70.28,0.04999999999999716,0.0007119464616260895,Up,0.0005
448,2024-12-04 06:05:00,Low,LL,70.19,-0.09000000000000341,-0.0012805919180421954,Down,0.0005
449,2024-12-04 06:11:00,High,LH,70.25,0.060000000000002274,0.0008548226243054735,Up,0.0005
450,2024-12-04 06:17:00,Low,LL,70.1,-0.15000000000000568,-0.002135231316726105,Down,0.0005
451,2024-12-04 06:23:00,High,LH,70.18,0.0800000000000125,0.001141226818830443,Up,0.0005
452,2024-12-04 06:32:00,Low,LL,70.04,-0.14000000000000057,-0.001994870333428378,Down,0.0005
453,2024-12-04 06:36:00,High,LH,70.09,0.04999999999999716,0.0007138777841233512,Up,0.0005
454,2024-12-04 06:39:00,Low,HL,70.05,-0.04000000000000625,-0.0005706948209446283,Down,0.0005
455,2024-12-04 06:44:00,High,HH,70.12,0.07000000000000739,0.0009992862241257061,Up,0.0005
456,2024-12-04 06:49:00,Low,HL,70.05,-0.07000000000000739,-0.0009982886480320863,Down,0.0005
457,2024-12-04 06:57:00,High,HH,70.15,0.10000000000000853,0.001427551748750977,Up,0.0005
458,2024-12-04 07:14:00,Low,LL,69.86,-0.29000000000000625,-0.004133998574483377,Down,0.0005
459,2024-12-04 07:15:00,High,LH,69.91,0.04999999999999716,0.0007157171485827618,Up,0.0005
460,2024-12-04 07:17:00,Low,LL,69.8,-0.10999999999999943,-0.0015734515806036242,Down,0.0005
461,2024-12-04 07:18:00,High,LH,69.84,0.04000000000000625,0.0005730659025788842,Up,0.0005
462,2024-12-04 07:22:00,Low,LL,69.79,-0.04999999999999716,-0.0007159221076746825,Down,0.0005
463,2024-12-04 07:31:00,High,HH,70.01,0.21999999999999886,0.0031523140851124065,Up,0.0005
464,2024-12-04 07:32:00,Low,HL,69.97,-0.04000000000000625,-0.0005713469504357027,Down,0.0005
465,2024-12-04 07:38:00,High,HH,70.06,0.09000000000000341,0.00128626554237532,Up,0.0005
466,2024-12-04 07:43:00,Low,HL,70.0,-0.060000000000002274,-0.0008564087924636254,Down,0.0005
467,2024-12-04 07:51:00,High,HH,70.11,0.10999999999999943,0.001571428571428557,Up,0.0005
468,2024-12-04 08:04:00,Low,HL,70.02,-0.09000000000000341,-0.0012836970474968679,Down,0.0005
469,2024-12-04 08:06:00,High,LH,70.06,0.04000000000000625,0.0005712653527565337,Up,0.0005
470,2024-12-04 08:11:00,Low,LL,70.0,-0.060000000000002274,-0.0008564087924636254,Down,0.0005
471,2024-12-04 08:20:00,High,HH,70.16,0.1599999999999966,0.0022857142857142243,Up,0.0005
472,2024-12-04 08:23:00,Low,HL,70.06,-0.09999999999999432,-0.0014253135689851204,Down,0.0005
473,2024-12-04 08:25:00,High,LH,70.1,0.03999999999999204,0.0005709391949755283,Up,0.0005
474,2024-12-04 08:34:00,Low,LL,69.95,-0.14999999999999147,-0.002139800285306581,Down,0.0005
475,2024-12-04 08:42:00,High,HH,70.23,0.28000000000000114,0.004002859185132213,Up,0.0005
476,2024-12-04 08:44:00,Low,HL,70.19,-0.04000000000000625,-0.0005695571693009605,Down,0.0005
477,2024-12-04 08:48:00,High,HH,70.27,0.0799999999999983,0.0011397634990739647,Up,0.0005
478,2024-12-04 08:55:00,Low,HL,70.22,-0.04999999999999716,-0.0007115411982353548,Down,0.0005
479,2024-12-04 08:57:00,High,HH,70.27,0.04999999999999716,0.000712047849615427,Up,0.0005
480,2024-12-04 09:00:00,Low,LL,70.21,-0.060000000000002274,-0.0008538494378824701,Down,0.0005
481,2024-12-04 09:04:00,High,HH,70.33,0.12000000000000455,0.0017091582395671878,Up,0.0005
482,2024-12-04 09:08:00,Low,LL,70.14,-0.18999999999999773,-0.002701549836485073,Down,0.0005
483,2024-12-04 09:11:00,High,LH,70.3,0.1599999999999966,0.0022811519817507175,Up,0.0005
484,2024-12-04 09:17:00,Low,HL,70.15,-0.14999999999999147,-0.002133712660028375,Down,0.0005
485,2024-12-04 09:26:00,High,HH,70.3,0.14999999999999147,0.002138275124732525,Up,0.0005
486,2024-12-04 09:27:00,Low,HL,70.26,-0.03999999999999204,-0.000568990042674189,Down,0.0005
487,2024-12-04 09:29:00,High,HH,70.33,0.06999999999999318,0.000996299459151695,Up,0.0005
488,2024-12-04 09:38:00,Low,LL,69.95,-0.37999999999999545,-0.005403099672970257,Down,0.0005
489,2024-12-04 09:42:00,High,LH,70.23,0.28000000000000114,0.004002859185132213,Up,0.0005
490,2024-12-04 09:44:00,Low,HL,70.18,-0.04999999999999716,-0.0007119464616260895,Down,0.0005
491,2024-12-04 09:47:00,High,HH,70.29,0.10999999999999943,0.0015673981191222097,Up,0.0005
492,2024-12-04 09:54:00,Low,LL,70.06,-0.23000000000000398,-0.003272158201735764,Down,0.0005
493,2024-12-04 09:55:00,High,LH,70.15,0.09000000000000341,0.0012846131886954382,Up,0.0005
494,2024-12-04 10:07:00,Low,LL,69.87,-0.28000000000000114,-0.003991446899501039,Down,0.0005
495,2024-12-04 10:08:00,High,LH,69.91,0.03999999999999204,0.0005724917704306165,Up,0.0005
496,2024-12-04 10:09:00,Low,LL,69.86,-0.04999999999999716,-0.0007152052639106676,Down,0.0005
497,2024-12-04 10:11:00,High,HH,69.92,0.060000000000002274,0.0008588605782995362,Up,0.0005
498,2024-12-04 10:18:00,Low,LL,69.63,-0.29000000000000625,-0.004147597254004709,Down,0.0005
499,2024-12-04 10:30:00,High,HH,70.07,0.4399999999999977,0.006319115323854652,Up,0.0005
500,2024-12-04 10:34:00,Low,HL,69.86,-0.20999999999999375,-0.0029970029970028955,Down,0.0005
501,2024-12-04 10:36:00,High,LH,69.9,0.04000000000000625,0.0005725737188664315,Up,0.0005
502,2024-12-04 10:40:00,Low,LL,69.81,-0.09000000000000341,-0.0012875536480687622,Down,0.0005
503,2024-12-04 10:43:00,High,LH,69.88,0.06999999999999318,0.00100272167311255,Up,0.0005
504,2024-12-04 10:48:00,Low,LL,69.66,-0.21999999999999886,-0.00314825414997133,Down,0.0005
505,2024-12-04 10:53:00,High,HH,69.92,0.2600000000000051,0.0037324145851278523,Up,0.0005
506,2024-12-04 10:56:00,Low,HL,69.8,-0.12000000000000455,-0.0017162471395881784,Down,0.0005
507,2024-12-04 10:59:00,High,LH,69.91,0.10999999999999943,0.0015759312320917651,Up,0.0005
508,2024-12-04 11:02:00,Low,HL,69.84,-0.06999999999999318,-0.0010012873694749125,Down,0.0005
509,2024-12-04 11:03:00,High,LH,69.88,0.03999999999999204,0.0005727376861395239,Up,0.0005
510,2024-12-04 11:24:00,Low,LL,69.47,-0.4099999999999966,-0.005867200915855686,Down,0.0005
511,2024-12-04 11:29:00,High,LH,69.62,0.15000000000000568,0.002159205412408216,Up,0.0005
512,2024-12-04 11:37:00,Low,HL,69.48,-0.14000000000000057,-0.0020109164033323967,Down,0.0005
513,2024-12-04 11:45:00,High,HH,69.64,0.1599999999999966,0.0023028209556705814,Up,0.0005
514,2024-12-04 11:56:00,Low,LL,69.44,-0.20000000000000284,-0.0028719126938541173,Down,0.0005
515,2024-12-04 11:58:00,High,LH,69.48,0.04000000000000625,0.0005760368663594306,Up,0.0005
516,2024-12-04 12:11:00,Low,LL,69.25,-0.23000000000000398,-0.0033103051237767245,Down,0.0005
517,2024-12-04 12:13:00,High,LH,69.33,0.0799999999999983,0.0011552346570395944,Up,0.0005
518,2024-12-04 12:15:00,Low,HL,69.28,-0.04999999999999716,-0.0007211885186787503,Down,0.0005
519,2024-12-04 12:17:00,High,HH,69.37,0.09000000000000341,0.001299076212471162,Up,0.0005
520,2024-12-04 12:25:00,Low,HL,69.3,-0.07000000000000739,-0.0010090817356206427,Down,0.0005
521,2024-12-04 12:27:00,High,LH,69.34,0.04000000000000625,0.0005772005772006761,Up,0.0005
522,2024-12-04 12:32:00,Low,LL,69.23,-0.10999999999999943,-0.001586385924430389,Down,0.0005
523,2024-12-04 12:39:00,High,HH,69.39,0.1599999999999966,0.00231113679040873,Up,0.0005
524,2024-12-04 12:42:00,Low,HL,69.33,-0.060000000000002274,-0.0008646779074794608,Down,0.0005
525,2024-12-04 12:47:00,High,HH,69.53,0.20000000000000284,0.0028847540747152234,Up,0.0005
526,2024-12-04 12:49:00,Low,HL,69.49,-0.04000000000000625,-0.0005752912411909339,Down,0.0005
527,2024-12-04 12:52:00,High,HH,69.53,0.04000000000000625,0.0005756223917110503,Up,0.0005
528,2024-12-04 12:59:00,Low,LL,68.76,-0.769999999999996,-0.011074356392923868,Down,0.0005
529,2024-12-04 13:02:00,High,LH,68.88,0.11999999999999034,0.0017452006980800405,Up,0.0005
530,2024-12-04 13:03:00,Low,HL,68.76,-0.11999999999999034,-0.0017421602787455193,Down,0.0005
531,2024-12-04 13:07:00,High,LH,68.83,0.06999999999999318,0.0010180337405467643,Up,0.0005
532,2024-12-04 13:16:00,Low,LL,68.64,-0.18999999999999773,-0.0027604242336189966,Down,0.0005
533,2024-12-04 13:23:00,High,HH,68.83,0.18999999999999773,0.0027680652680652784,Up,0.0005
534,2024-12-04 13:24:00,Low,HL,68.76,-0.06999999999999318,-0.0010169984018595368,Down,0.0005
535,2024-12-04 13:27:00,High,LH,68.82,0.05999999999998806,0.0008726003490400203,Up,0.0005
536,2024-12-04 13:34:00,Low,LL,68.59,-0.22999999999998977,-0.0033420517291483653,Down,0.0005
537,2024-12-04 13:36:00,High,LH,68.72,0.12999999999999545,0.0018953200174951501,Up,0.0005
538,2024-12-04 13:42:00,Low,HL,68.61,-0.10999999999999943,-0.001600698486612373,Down,0.0005
539,2024-12-04 13:43:00,High,LH,68.65,0.04000000000000625,0.0005830053927999845,Up,0.0005
540,2024-12-04 13:46:00,Low,LL,68.57,-0.0800000000000125,-0.0011653313911145213,Down,0.0005
541,2024-12-04 13:47:00,High,LH,68.64,0.07000000000000739,0.0010208546011376551,Up,0.0005
542,2024-12-04 13:51:00,Low,HL,68.57,-0.07000000000000739,-0.0010198135198136171,Down,0.0005
543,2024-12-04 14:01:00,High,HH,68.65,0.0800000000000125,0.0011666909727288122,Up,0.0005
544,2024-12-04 14:02:00,Low,HL,68.6,-0.05000000000001137,-0.000728332119446673,Down,0.0005
545,2024-12-04 14:07:00,High,HH,68.85,0.25,0.0036443148688045657,Up,0.0005
546,2024-12-04 14:09:00,Low,HL,68.8,-0.04999999999999716,-0.000726216412490932,Down,0.0005
547,2024-12-04 14:18:00,High,HH,68.9,0.10000000000000853,0.0014534883720931369,Up,0.0005
548,2024-12-04 14:28:00,Low,LL,68.51,-0.39000000000000057,-0.005660377358490565,Down,0.0005
549,2024-12-04 14:31:00,High,LH,68.6,0.0899999999999892,0.001313676835498212,Up,0.0005
550,2024-12-04 14:35:00,Low,HL,68.55,-0.04999999999999716,-0.0007288629737608465,Down,0.0005
551,2024-12-04 14:54:00,High,HH,68.78,0.23000000000000398,0.0033552151714077993,Up,0.0005
552,2024-12-04 14:56:00,Low,HL,68.74,-0.04000000000000625,-0.0005815644082582949,Down,0.0005
553,2024-12-04 15:20:00,High,HH,68.94,0.20000000000000284,0.0029095141111434852,Up,0.0005
554,2024-12-04 15:27:00,Low,HL,68.84,-0.09999999999999432,-0.0014505366985784196,Down,0.0005
555,2024-12-04 15:31:00,High,LH,68.89,0.04999999999999716,0.0007263219058686321,Up,0.0005
556,2024-12-04 15:47:00,Low,LL,68.81,-0.0799999999999983,-0.0011612715923936534,Down,0.0005
557,2024-12-04 15:54:00,High,LH,68.85,0.03999999999999204,0.0005813108559800106,Up,0.0005
558,2024-12-04 16:31:00,Low,LL,68.63,-0.21999999999999886,-0.0031953522149600344,Down,0.0005
559,2024-12-04 16:59:00,High,LH,68.73,0.10000000000000853,0.0014570887367042484,Up,0.0005
560,2024-12-04 18:03:00,Low,HL,68.66,-0.07000000000000739,-0.0010184781027209322,Down,0.0005
561,2024-12-04 19:00:00,High,HH,68.76,0.10000000000000853,0.0014564520827267113,Up,0.0005
562,2024-12-04 19:13:00,Low,HL,68.71,-0.05000000000001137,-0.0007271669575336093,Down,0.0005
563,2024-12-04 19:40:00,High,HH,68.8,0.09000000000000341,0.0013098530053849977,Up,0.0005
564,2024-12-04 20:18:00,Low,LL,68.66,-0.14000000000000057,-0.0020348837209301918,Down,0.0005
565,2024-12-04 20:22:00,High,LH,68.71,0.04999999999999716,0.0007282260413632446,Up,0.0005
566,2024-12-04 20:28:00,Low,LL,68.62,-0.0899999999999892,-0.0013098530053847757,Down,0.0005
567,2024-12-04 20:46:00,High,LH,68.68,0.060000000000002274,0.0008743806470417059,Up,0.0005
568,2024-12-04 20:48:00,Low,HL,68.63,-0.05000000000001137,-0.0007280139778685912,Down,0.0005
569,2024-12-04 21:00:00,High,HH,68.7,0.07000000000000739,0.001019962115692996,Up,0.0005
570,2024-12-04 21:05:00,Low,LL,68.59,-0.10999999999999943,-0.001601164483260531,Down,0.0005
571,2024-12-04 21:09:00,High,LH,68.66,0.06999999999999318,0.0010205569324972519,Up,0.0005
572,2024-12-04 21:13:00,Low,HL,68.59,-0.06999999999999318,-0.0010195164579084315,Down,0.0005
573,2024-12-04 21:23:00,High,HH,68.69,0.09999999999999432,0.001457938474996201,Up,0.0005
574,2024-12-04 21:33:00,Low,LL,68.57,-0.12000000000000455,-0.0017469791818315317,Down,0.0005
575,2024-12-04 21:42:00,High,LH,68.62,0.05000000000001137,0.0007291818579555631,Up,0.0005
576,2024-12-04 22:22:00,Low,LL,68.47,-0.15000000000000568,-0.002185951617604265,Down,0.0005
577,2024-12-04 23:05:00,High,HH,68.63,0.1599999999999966,0.0023367898349642147,Up,0.0005
578,2024-12-04 23:19:00,Low,HL,68.59,-0.03999999999999204,-0.0005828354946815217,Down,0.0005
579,2024-12-04 23:26:00,High,HH,68.63,0.03999999999999204,0.0005831753899985248,Up,0.0005
580,2024-12-05 00:17:00,Low,LL,68.53,-0.09999999999999432,-0.0014570887367040264,Down,0.0005
581,2024-12-05 00:37:00,High,LH,68.58,0.04999999999999716,0.000729607471180449,Up,0.0005
582,2024-12-05 00:53:00,Low,LL,68.5,-0.0799999999999983,-0.0011665208515602155,Down,0.0005
583,2024-12-05 00:56:00,High,LH,68.54,0.04000000000000625,0.0005839416058395219,Up,0.0005
584,2024-12-05 01:06:00,Low,LL,68.48,-0.060000000000002274,-0.0008754012255617338,Down,0.0005
585,2024-12-05 01:15:00,High,LH,68.52,0.03999999999999204,0.0005841121495326895,Up,0.0005
586,2024-12-05 01:28:00,Low,LL,68.46,-0.060000000000002274,-0.0008756567425569628,Down,0.0005
587,2024-12-05 02:01:00,High,HH,68.68,0.22000000000001307,0.0032135553607948175,Up,0.0005
588,2024-12-05 02:06:00,Low,HL,68.53,-0.15000000000000568,-0.0021840419336052186,Down,0.0005
589,2024-12-05 02:24:00,High,LH,68.66,0.12999999999999545,0.0018969794250691674,Up,0.0005
590,2024-12-05 02:43:00,Low,LL,68.47,-0.18999999999999773,-0.0027672589571803297,Down,0.0005
591,2024-12-05 02:55:00,High,LH,68.6,0.12999999999999545,0.001898641740908369,Up,0.0005
592,2024-12-05 03:03:00,Low,HL,68.5,-0.09999999999999432,-0.001457725947521804,Down,0.0005
593,2024-12-05 03:05:00,High,LH,68.56,0.060000000000002274,0.0008759124087591719,Up,0.0005
594,2024-12-05 03:08:00,Low,HL,68.51,-0.04999999999999716,-0.0007292882147024171,Down,0.0005
595,2024-12-05 03:09:00,High,HH,68.57,0.05999999999998806,0.000875784556998882,Up,0.0005
596,2024-12-05 03:11:00,Low,HL,68.51,-0.05999999999998806,-0.0008750182295462761,Down,0.0005
597,2024-12-05 03:15:00,High,HH,68.64,0.12999999999999545,0.001897533206830948,Up,0.0005
598,2024-12-05 03:18:00,Low,HL,68.59,-0.04999999999999716,-0.0007284382284381552,Down,0.0005
599,2024-12-05 03:34:00,High,HH,68.77,0.1799999999999926,0.0026242892549932506,Up,0.0005
600,2024-12-05 03:36:00,Low,HL,68.71,-0.060000000000002274,-0.0008724734622655994,Down,0.0005
601,2024-12-05 03:38:00,High,HH,68.8,0.09000000000000341,0.0013098530053849977,Up,0.0005
602,2024-12-05 03:39:00,Low,HL,68.75,-0.04999999999999716,-0.0007267441860464574,Down,0.0005
603,2024-12-05 03:42:00,High,HH,68.81,0.060000000000002274,0.0008727272727273583,Up,0.0005
604,2024-12-05 03:53:00,Low,LL,68.69,-0.12000000000000455,-0.001743932567940809,Down,0.0005
605,2024-12-05 03:56:00,High,LH,68.79,0.10000000000000853,0.0014558159848596652,Up,0.0005
606,2024-12-05 04:04:00,Low,LL,68.66,-0.13000000000000966,-0.0018898095653439029,Down,0.0005
607,2024-12-05 04:13:00,High,LH,68.76,0.10000000000000853,0.0014564520827267113,Up,0.0005
608,2024-12-05 04:17:00,Low,HL,68.69,-0.07000000000000739,-0.0010180337405469864,Down,0.0005
609,2024-12-05 04:20:00,High,LH,68.73,0.04000000000000625,0.0005823263939439549,Up,0.0005
610,2024-12-05 04:23:00,Low,LL,68.68,-0.04999999999999716,-0.0007274843590862057,Down,0.0005
611,2024-12-05 04:29:00,High,HH,68.73,0.04999999999999716,0.0007280139778682582,Up,0.0005
612,2024-12-05 04:31:00,Low,LL,68.66,-0.07000000000000739,-0.0010184781027209322,Down,0.0005
613,2024-12-05 04:33:00,High,HH,68.73,0.07000000000000739,0.0010195164579085425,Up,0.0005
614,2024-12-05 04:34:00,Low,HL,68.67,-0.060000000000002274,-0.0008729812309035134,Down,0.0005
615,2024-12-05 04:45:00,High,HH,68.99,0.3199999999999932,0.0046599679627201684,Up,0.0005
616,2024-12-05 04:53:00,Low,HL,68.86,-0.12999999999999545,-0.001884331062472766,Down,0.0005
617,2024-12-05 04:54:00,High,LH,68.94,0.0799999999999983,0.0011617775196048896,Up,0.0005
618,2024-12-05 05:02:00,Low,LL,68.79,-0.14999999999999147,-0.0021758050478676294,Down,0.0005
619,2024-12-05 05:06:00,High,LH,68.84,0.04999999999999716,0.000726849832824561,Up,0.0005
620,2024-12-05 05:11:00,Low,LL,68.73,-0.10999999999999943,-0.0015979081929110572,Down,0.0005
621,2024-12-05 05:14:00,High,LH,68.8,0.06999999999999318,0.0010184781027207102,Up,0.0005
622,2024-12-05 05:15:00,Low,HL,68.74,-0.060000000000002274,-0.0008720930232558599,Down,0.0005
623,2024-12-05 05:24:00,High,HH,68.91,0.1700000000000017,0.002473086994472018,Up,0.0005
624,2024-12-05 05:33:00,Low,HL,68.77,-0.14000000000000057,-0.0020316354665506076,Down,0.0005
625,2024-12-05 05:39:00,High,HH,68.95,0.18000000000000682,0.002617420386796576,Up,0.0005
626,2024-12-05 05:50:00,Low,LL,68.71,-0.2400000000000091,-0.003480783176214808,Down,0.0005
627,2024-12-05 05:58:00,High,LH,68.83,0.12000000000000455,0.0017464706738465896,Up,0.0005
628,2024-12-05 06:01:00,Low,HL,68.79,-0.03999999999999204,-0.0005811419439196719,Down,0.0005
629,2024-12-05 06:06:00,High,HH,68.92,0.12999999999999545,0.0018898095653436808,Up,0.0005
630,2024-12-05 06:10:00,Low,HL,68.87,-0.04999999999999716,-0.0007254788160184766,Down,0.0005
631,2024-12-05 06:21:00,High,HH,69.01,0.14000000000000057,0.002032815449397374,Up,0.0005
632,2024-12-05 06:28:00,Low,HL,68.96,-0.05000000000001137,-0.0007245326764239168,Down,0.0005
633,2024-12-05 06:33:00,High,HH,69.06,0.10000000000000853,0.0014501160092807996,Up,0.0005
634,2024-12-05 06:43:00,Low,LL,68.28,-0.7800000000000011,-0.011294526498696777,Down,0.0005
635,2024-12-05 06:44:00,High,LH,68.35,0.06999999999999318,0.001025190392501374,Up,0.0005
636,2024-12-05 06:47:00,Low,LL,68.22,-0.12999999999999545,-0.0019019751280174857,Down,0.0005
637,2024-12-05 06:49:00,High,LH,68.32,0.09999999999999432,0.0014658457930225577,Up,0.0005
638,2024-12-05 06:52:00,Low,LL,68.17,-0.14999999999999147,-0.0021955503512879337,Down,0.0005
639,2024-12-05 06:53:00,High,LH,68.21,0.03999999999999204,0.0005867683731846096,Up,0.0005
640,2024-12-05 06:56:00,Low,LL,68.02,-0.18999999999999773,-0.0027855153203342198,Down,0.0005
641,2024-12-05 06:58:00,High,LH,68.17,0.15000000000000568,0.002205233754777991,Up,0.0005
642,2024-12-05 06:59:00,Low,HL,68.08,-0.09000000000000341,-0.0013202288396655382,Down,0.0005
643,2024-12-05 07:00:00,High,HH,68.18,0.10000000000000853,0.001468860164512531,Up,0.0005
644,2024-12-05 07:02:00,Low,LL,68.03,-0.15000000000000568,-0.002200058668231253,Down,0.0005
645,2024-12-05 07:03:00,High,LH,68.07,0.03999999999999204,0.0005879758929883128,Up,0.0005
646,2024-12-05 07:04:00,Low,HL,68.03,-0.03999999999999204,-0.0005876303804905891,Down,0.0005
647,2024-12-05 07:10:00,High,HH,68.31,0.28000000000000114,0.0041158312509186334,Up,0.0005
648,2024-12-05 07:12:00,Low,HL,68.25,-0.060000000000002274,-0.0008783487044357052,Down,0.0005
649,2024-12-05 07:18:00,High,HH,68.64,0.39000000000000057,0.005714285714285783,Up,0.0005
650,2024-12-05 07:24:00,Low,HL,68.55,-0.09000000000000341,-0.001311188811188857,Down,0.0005
651,2024-12-05 07:27:00,High,HH,68.76,0.21000000000000796,0.0030634573304157975,Up,0.0005
652,2024-12-05 07:28:00,Low,HL,68.69,-0.07000000000000739,-0.0010180337405469864,Down,0.0005
653,2024-12-05 07:29:00,High,HH,68.76,0.07000000000000739,0.00101907118940181,Up,0.0005
654,2024-12-05 07:31:00,Low,LL,68.65,-0.10999999999999943,-0.0015997673065736295,Down,0.0005
655,2024-12-05 07:38:00,High,HH,68.82,0.1699999999999875,0.0024763292061178444,Up,0.0005
656,2024-12-05 07:44:00,Low,LL,68.63,-0.18999999999999773,-0.0027608253414704853,Down,0.0005
657,2024-12-05 07:45:00,High,LH,68.68,0.05000000000001137,0.0007285443683522352,Up,0.0005
658,2024-12-05 07:51:00,Low,LL,68.52,-0.1600000000000108,-0.002329644729178959,Down,0.0005
659,2024-12-05 07:54:00,High,LH,68.58,0.060000000000002274,0.0008756567425569628,Up,0.0005
660,2024-12-05 07:58:00,Low,LL,68.49,-0.09000000000000341,-0.001312335958005284,Down,0.0005
661,2024-12-05 08:07:00,High,HH,68.7,0.21000000000000796,0.0030661410424881463,Up,0.0005
662,2024-12-05 08:08:00,Low,HL,68.66,-0.04000000000000625,-0.0005822416302766475,Down,0.0005
663,2024-12-05 08:13:00,High,HH,68.7,0.04000000000000625,0.0005825808330905957,Up,0.0005
664,2024-12-05 08:22:00,Low,LL,68.5,-0.20000000000000284,-0.0029112081513829047,Down,0.0005
665,2024-12-05 08:25:00,High,LH,68.56,0.060000000000002274,0.0008759124087591719,Up,0.0005
666,2024-12-05 08:30:00,Low,HL,68.51,-0.04999999999999716,-0.0007292882147024171,Down,0.0005
667,2024-12-05 08:35:00,High,HH,68.71,0.19999999999998863,0.002919281856663014,Up,0.0005
668,2024-12-05 08:39:00,Low,HL,68.67,-0.03999999999999204,-0.0005821568912820485,Down,0.0005
669,2024-12-05 08:56:00,High,HH,69.13,0.45999999999999375,0.006698703946410367,Up,0.0005
670,2024-12-05 09:00:00,Low,HL,69.01,-0.11999999999999034,-0.0017358599739619729,Down,0.0005
671,2024-12-05 09:01:00,High,LH,69.05,0.03999999999999204,0.0005796261411388226,Up,0.0005
672,2024-12-05 09:05:00,Low,LL,68.88,-0.1700000000000017,-0.002461984069514922,Down,0.0005
673,2024-12-05 09:09:00,High,HH,69.05,0.1700000000000017,0.0024680603948896707,Up,0.0005
674,2024-12-05 09:16:00,Low,LL,68.78,-0.269999999999996,-0.003910209992758817,Down,0.0005
675,2024-12-05 09:18:00,High,LH,68.86,0.0799999999999983,0.0011631288165163678,Up,0.0005
676,2024-12-05 09:20:00,Low,HL,68.8,-0.060000000000002274,-0.0008713331397037782,Down,0.0005
677,2024-12-05 09:23:00,High,HH,68.93,0.13000000000000966,0.0018895348837211223,Up,0.0005
678,2024-12-05 09:26:00,Low,HL,68.82,-0.11000000000001364,-0.0015958218482520214,Down,0.0005
679,2024-12-05 09:33:00,High,HH,68.96,0.14000000000000057,0.0020342923568730242,Up,0.0005
680,2024-12-05 09:35:00,Low,HL,68.87,-0.0899999999999892,-0.0013051044083525198,Down,0.0005
681,2024-12-05 09:37:00,High,HH,68.99,0.11999999999999034,0.0017424132423404792,Up,0.0005
682,2024-12-05 09:47:00,Low,LL,68.79,-0.19999999999998863,-0.0028989708653426316,Down,0.0005
683,2024-12-05 09:53:00,High,HH,69.07,0.2799999999999869,0.004070359063817142,Up,0.0005
684,2024-12-05 09:56:00,Low,HL,69.03,-0.03999999999999204,-0.0005791226292166662,Down,0.0005
685,2024-12-05 09:57:00,High,HH,69.1,0.06999999999999318,0.0010140518615093796,Up,0.0005
686,2024-12-05 10:04:00,Low,LL,68.9,-0.19999999999998863,-0.0028943560057885787,Down,0.0005
687,2024-12-05 10:05:00,High,LH,68.94,0.03999999999999204,0.0005805515239476478,Up,0.0005
688,2024-12-05 10:20:00,Low,LL,68.72,-0.21999999999999886,-0.003191180736872634,Down,0.0005
689,2024-12-05 10:25:00,High,LH,68.85,0.12999999999999545,0.0018917345750872894,Up,0.0005
690,2024-12-05 10:30:00,Low,HL,68.73,-0.11999999999999034,-0.0017429193899780593,Down,0.0005
691,2024-12-05 10:34:00,High,LH,68.82,0.0899999999999892,0.0013094718463551036,Up,0.0005
692,2024-12-05 10:37:00,Low,LL,68.64,-0.1799999999999926,-0.0026155187445509043,Down,0.0005
693,2024-12-05 10:39:00,High,LH,68.71,0.06999999999999318,0.001019813519813395,Up,0.0005
694,2024-12-05 10:43:00,Low,LL,68.51,-0.19999999999998863,-0.0029107844564107976,Down,0.0005
695,2024-12-05 10:46:00,High,LH,68.68,0.1700000000000017,0.002481389578163906,Up,0.0005
696,2024-12-05 10:47:00,Low,HL,68.63,-0.05000000000001137,-0.0007280139778685912,Down,0.0005
697,2024-12-05 10:55:00,High,HH,68.92,0.29000000000000625,0.00422555733644181,Up,0.0005
698,2024-12-05 11:05:00,Low,HL,68.73,-0.18999999999999773,-0.0027568195008705887,Down,0.0005
699,2024-12-05 11:06:00,High,LH,68.78,0.04999999999999716,0.0007274843590863167,Up,0.0005
700,2024-12-05 11:07:00,Low,LL,68.71,-0.07000000000000739,-0.001017737714452016,Down,0.0005
701,2024-12-05 11:10:00,High,LH,68.77,0.060000000000002274,0.0008732353369234058,Up,0.0005
702,2024-12-05 11:27:00,Low,LL,68.27,-0.5,-0.007270612185546033,Down,0.0005
703,2024-12-05 11:31:00,High,LH,68.39,0.12000000000000455,0.001757726673502269,Up,0.0005
704,2024-12-05 11:33:00,Low,LL,68.26,-0.12999999999999545,-0.0019008626992249589,Down,0.0005
705,2024-12-05 11:35:00,High,LH,68.3,0.03999999999999204,0.0005859947260473675,Up,0.0005
706,2024-12-05 11:36:00,Low,LL,68.24,-0.060000000000002274,-0.0008784773060029893,Down,0.0005
707,2024-12-05 11:44:00,High,HH,68.45,0.21000000000000796,0.003077373974208708,Up,0.0005
708,2024-12-05 11:45:00,Low,HL,68.41,-0.04000000000000625,-0.0005843681519358546,Down,0.0005
709,2024-12-05 11:49:00,High,HH,68.56,0.15000000000000568,0.0021926618915364404,Up,0.0005
710,2024-12-05 11:50:00,Low,HL,68.47,-0.09000000000000341,-0.0013127187864644396,Down,0.0005
711,2024-12-05 11:55:00,High,HH,68.6,0.12999999999999545,0.001898641740908369,Up,0.0005
712,2024-12-05 12:04:00,Low,LL,68.43,-0.1699999999999875,-0.0024781341107870114,Down,0.0005
713,2024-12-05 12:17:00,High,LH,68.49,0.05999999999998806,0.0008768084173607082,Up,0.0005
714,2024-12-05 12:18:00,Low,HL,68.44,-0.04999999999999716,-0.0007300335815446646,Down,0.0005
715,2024-12-05 12:19:00,High,LH,68.48,0.04000000000000625,0.0005844535359440517,Up,0.0005
716,2024-12-05 12:20:00,Low,LL,68.42,-0.060000000000002274,-0.0008761682242991453,Down,0.0005
717,2024-12-05 12:22:00,High,HH,68.49,0.06999999999999318,0.0010230926629639647,Up,0.0005
718,2024-12-05 12:31:00,Low,LL,68.29,-0.19999999999998863,-0.0029201343261788804,Down,0.0005
719,2024-12-05 12:38:00,High,LH,68.42,0.12999999999999545,0.0019036462146726496,Up,0.0005
720,2024-12-05 12:45:00,Low,LL,68.24,-0.18000000000000682,-0.002630809704764814,Down,0.0005
721,2024-12-05 12:50:00,High,LH,68.34,0.10000000000000853,0.0014654161781946229,Up,0.0005
722,2024-12-05 13:02:00,Low,LL,68.21,-0.13000000000000966,-0.0019022534386889944,Down,0.0005
723,2024-12-05 13:09:00,High,HH,68.36,0.15000000000000568,0.002199091042369261,Up,0.0005
724,2024-12-05 13:12:00,Low,HL,68.28,-0.0799999999999983,-0.001170275014628408,Down,0.0005
725,2024-12-05 13:18:00,High,HH,68.42,0.14000000000000057,0.00205038078500297,Up,0.0005
726,2024-12-05 13:20:00,Low,HL,68.38,-0.04000000000000625,-0.0005846243788366623,Down,0.0005
727,2024-12-05 13:23:00,High,HH,68.47,0.09000000000000341,0.0013161743199765485,Up,0.0005
728,2024-12-05 13:26:00,Low,HL,68.41,-0.060000000000002274,-0.0008762961881115805,Down,0.0005
729,2024-12-05 13:34:00,High,HH,68.49,0.0799999999999983,0.0011694196754861164,Up,0.0005
730,2024-12-05 13:36:00,Low,HL,68.43,-0.05999999999998806,-0.0008760402978534865,Down,0.0005
731,2024-12-05 13:42:00,High,HH,68.7,0.269999999999996,0.00394563787812352,Up,0.0005
732,2024-12-05 13:54:00,Low,HL,68.54,-0.1599999999999966,-0.002328966521106257,Down,0.0005
733,2024-12-05 13:55:00,High,LH,68.58,0.03999999999999204,0.0005836008170410079,Up,0.0005
734,2024-12-05 14:10:00,Low,LL,68.35,-0.23000000000000398,-0.003353747448235689,Down,0.0005
735,2024-12-05 14:13:00,High,LH,68.46,0.10999999999999943,0.0016093635698610775,Up,0.0005
736,2024-12-05 14:28:00,Low,LL,68.27,-0.18999999999999773,-0.0027753432661408173,Down,0.0005
737,2024-12-05 14:47:00,High,HH,68.61,0.3400000000000034,0.004980225574923169,Up,0.0005
738,2024-12-05 14:56:00,Low,HL,68.52,-0.09000000000000341,-0.0013117621337997987,Down,0.0005
739,2024-12-05 15:10:00,High,HH,68.68,0.1600000000000108,0.0023350846468186415,Up,0.0005
740,2024-12-05 15:31:00,Low,LL,68.44,-0.2400000000000091,-0.0034944670937683275,Down,0.0005
741,2024-12-05 15:48:00,High,LH,68.52,0.0799999999999983,0.0011689070718876593,Up,0.0005
742,2024-12-05 16:04:00,Low,LL,68.42,-0.09999999999999432,-0.0014594279042614566,Down,0.0005
743,2024-12-05 16:21:00,High,HH,68.53,0.10999999999999943,0.001607717041800738,Up,0.0005
744,2024-12-05 16:44:00,Low,LL,68.38,-0.15000000000000568,-0.002188822413541569,Down,0.0005
745,2024-12-05 16:51:00,High,LH,68.47,0.09000000000000341,0.0013161743199765485,Up,0.0005
746,2024-12-05 16:57:00,Low,HL,68.4,-0.06999999999999318,-0.0010223455527967884,Down,0.0005
747,2024-12-05 16:59:00,High,LH,68.45,0.04999999999999716,0.0007309941520468044,Up,0.0005
748,2024-12-05 18:09:00,Low,LL,68.37,-0.0799999999999983,-0.001168736303871376,Down,0.0005
749,2024-12-05 18:20:00,High,HH,68.45,0.0799999999999983,0.0011701038467164526,Up,0.0005
750,2024-12-05 18:32:00,Low,HL,68.38,-0.07000000000000739,-0.0010226442658876067,Down,0.0005
751,2024-12-05 18:43:00,High,HH,68.45,0.07000000000000739,0.0010236911377596858,Up,0.0005
752,2024-12-05 18:48:00,Low,HL,68.41,-0.04000000000000625,-0.0005843681519358546,Down,0.0005
753,2024-12-05 19:02:00,High,HH,68.48,0.07000000000000739,0.001023242216050324,Up,0.0005
754,2024-12-05 19:12:00,Low,LL,68.4,-0.0799999999999983,-0.001168224299065379,Down,0.0005
755,2024-12-05 19:45:00,High,LH,68.45,0.04999999999999716,0.0007309941520468044,Up,0.0005
756,2024-12-05 19:59:00,Low,LL,68.39,-0.060000000000002274,-0.0008765522279036153,Down,0.0005
757,2024-12-05 20:00:00,High,LH,68.44,0.04999999999999716,0.0007311010381634286,Up,0.0005
758,2024-12-05 21:01:00,Low,LL,68.02,-0.4200000000000017,-0.0061367621274108775,Down,0.0005
759,2024-12-05 21:14:00,High,LH,68.11,0.09000000000000341,0.001323140252866839,Up,0.0005
760,2024-12-05 21:17:00,Low,HL,68.06,-0.04999999999999716,-0.0007341065922771284,Down,0.0005
761,2024-12-05 21:44:00,High,HH,68.22,0.1599999999999966,0.0023508668821627943,Up,0.0005
762,2024-12-05 21:55:00,Low,HL,68.16,-0.060000000000002274,-0.0008795074758135568,Down,0.0005
763,2024-12-05 22:02:00,High,HH,68.29,0.13000000000000966,0.0019072769953052404,Up,0.0005
764,2024-12-05 22:12:00,Low,HL,68.25,-0.04000000000000625,-0.0005857372968224306,Down,0.0005
765,2024-12-05 22:14:00,High,HH,68.29,0.04000000000000625,0.0005860805860806728,Up,0.0005
766,2024-12-05 22:29:00,Low,LL,68.23,-0.060000000000002274,-0.0008786059452335904,Down,0.0005
767,2024-12-05 22:34:00,High,HH,68.31,0.0799999999999983,0.0011725047633006636,Up,0.0005
768,2024-12-05 22:43:00,Low,HL,68.26,-0.04999999999999716,-0.000731957253696347,Down,0.0005
769,2024-12-05 22:52:00,High,HH,68.34,0.0799999999999983,0.001171989452094957,Up,0.0005
770,2024-12-05 23:38:00,Low,LL,68.25,-0.09000000000000341,-0.0013169446883231073,Down,0.0005
771,2024-12-05 23:48:00,High,HH,68.35,0.09999999999999432,0.00146520146520146,Up,0.0005
772,2024-12-05 23:53:00,Low,HL,68.3,-0.04999999999999716,-0.000731528895391298,Down,0.0005
773,2024-12-05 23:59:00,High,HH,68.35,0.04999999999999716,0.0007320644216690653,Up,0.0005
774,2024-12-06 00:02:00,Low,HL,68.31,-0.03999999999999204,-0.0005852231163129273,Down,0.0005
775,2024-12-06 00:03:00,High,HH,68.36,0.04999999999999716,0.000731957253696347,Up,0.0005
776,2024-12-06 00:33:00,Low,LL,68.25,-0.10999999999999943,-0.0016091281451140471,Down,0.0005
777,2024-12-06 00:37:00,High,LH,68.31,0.060000000000002274,0.0008791208791210092,Up,0.0005
778,2024-12-06 00:46:00,Low,HL,68.27,-0.04000000000000625,-0.0005855658029572108,Down,0.0005
779,2024-12-06 01:20:00,High,HH,68.4,0.13000000000000966,0.0019042038962941987,Up,0.0005
780,2024-12-06 02:02:00,Low,LL,68.23,-0.1700000000000017,-0.0024853801169590906,Down,0.0005
781,2024-12-06 02:04:00,High,LH,68.27,0.03999999999999204,0.0005862523816502208,Up,0.0005
782,2024-12-06 02:16:00,Low,LL,68.14,-0.12999999999999545,-0.0019042038962940877,Down,0.0005
783,2024-12-06 02:23:00,High,LH,68.18,0.04000000000000625,0.0005870267097154436,Up,0.0005
784,2024-12-06 02:38:00,Low,LL,68.08,-0.10000000000000853,-0.0014667057788209092,Down,0.0005
785,2024-12-06 02:45:00,High,LH,68.12,0.04000000000000625,0.000587544065804968,Up,0.0005
786,2024-12-06 02:53:00,Low,LL,68.06,-0.060000000000002274,-0.0008807985907223204,Down,0.0005
787,2024-12-06 03:05:00,High,HH,68.22,0.1599999999999966,0.0023508668821627943,Up,0.0005
788,2024-12-06 03:07:00,Low,HL,68.17,-0.04999999999999716,-0.0007329228965112788,Down,0.0005
789,2024-12-06 03:17:00,High,HH,68.28,0.10999999999999943,0.001613613026257843,Up,0.0005
790,2024-12-06 03:22:00,Low,HL,68.22,-0.060000000000002274,-0.0008787346221441616,Down,0.0005
791,2024-12-06 03:33:00,High,HH,68.37,0.15000000000000568,0.0021987686895339476,Up,0.0005
792,2024-12-06 03:34:00,Low,HL,68.32,-0.05000000000001137,-0.0007313149041978662,Down,0.0005
793,2024-12-06 03:36:00,High,LH,68.36,0.04000000000000625,0.0005854800936768711,Up,0.0005
794,2024-12-06 03:47:00,Low,LL,68.03,-0.3299999999999983,-0.004827384435342252,Down,0.0005
795,2024-12-06 03:54:00,High,LH,68.14,0.10999999999999943,0.0016169337057181377,Up,0.0005
796,2024-12-06 03:56:00,Low,LL,68.02,-0.12000000000000455,-0.0017610801291459977,Down,0.0005
797,2024-12-06 03:57:00,High,LH,68.1,0.0799999999999983,0.0011761246692150173,Up,0.0005
798,2024-12-06 04:01:00,Low,LL,67.99,-0.10999999999999943,-0.0016152716593245131,Down,0.0005
799,2024-12-06 04:08:00,High,HH,68.22,0.23000000000000398,0.003382850419179295,Up,0.0005
800,2024-12-06 04:14:00,Low,HL,67.99,-0.23000000000000398,-0.0033714453239519493,Down,0.0005
801,2024-12-06 04:17:00,High,LH,68.06,0.07000000000000739,0.001029563171054626,Up,0.0005
802,2024-12-06 04:20:00,Low,LL,67.97,-0.09000000000000341,-0.001322362621216655,Down,0.0005
803,2024-12-06 04:29:00,High,HH,68.13,0.1599999999999966,0.0023539796969249682,Up,0.0005
804,2024-12-06 04:36:00,Low,HL,67.99,-0.14000000000000057,-0.002054895053574035,Down,0.0005
805,2024-12-06 04:41:00,High,LH,68.04,0.05000000000001137,0.0007354022650392089,Up,0.0005
806,2024-12-06 04:45:00,Low,LL,67.96,-0.0800000000000125,-0.0011757789535569163,Down,0.0005
807,2024-12-06 04:54:00,High,HH,68.11,0.15000000000000568,0.0022071806945263006,Up,0.0005
808,2024-12-06 05:00:00,Low,HL,68.04,-0.06999999999999318,-0.0010277492291880241,Down,0.0005
809,2024-12-06 05:01:00,High,LH,68.1,0.05999999999998806,0.0008818342151672987,Up,0.0005
810,2024-12-06 05:05:00,Low,LL,67.93,-0.1699999999999875,-0.0024963289280468537,Down,0.0005
811,2024-12-06 05:07:00,High,LH,67.99,0.05999999999998806,0.0008832621816574626,Up,0.0005
812,2024-12-06 05:14:00,Low,LL,67.86,-0.12999999999999545,-0.0019120458891013214,Down,0.0005
813,2024-12-06 05:15:00,High,LH,67.92,0.060000000000002274,0.0008841732979665284,Up,0.0005
814,2024-12-06 05:17:00,Low,HL,67.87,-0.04999999999999716,-0.0007361601884570135,Down,0.0005
815,2024-12-06 05:21:00,High,HH,67.98,0.10999999999999943,0.0016207455429497752,Up,0.0005
816,2024-12-06 05:22:00,Low,HL,67.92,-0.060000000000002274,-0.0008826125330979595,Down,0.0005
817,2024-12-06 05:29:00,High,LH,67.96,0.03999999999999204,0.0005889281507653887,Up,0.0005
818,2024-12-06 05:51:00,Low,LL,67.75,-0.20999999999999375,-0.0030900529723365544,Down,0.0005
819,2024-12-06 05:55:00,High,LH,67.79,0.04000000000000625,0.0005904059040591214,Up,0.0005
820,2024-12-06 06:02:00,Low,LL,67.57,-0.22000000000001307,-0.0032453164183510186,Down,0.0005
821,2024-12-06 06:08:00,High,LH,67.66,0.09000000000000341,0.0013319520497263593,Up,0.0005
822,2024-12-06 06:11:00,Low,HL,67.61,-0.04999999999999716,-0.0007389890629618812,Down,0.0005
823,2024-12-06 06:12:00,High,HH,67.66,0.04999999999999716,0.0007395355716610652,Up,0.0005
824,2024-12-06 06:16:00,Low,LL,67.59,-0.06999999999999318,-0.0010345846881465448,Down,0.0005
825,2024-12-06 06:18:00,High,LH,67.63,0.03999999999999204,0.0005918035212308936,Up,0.0005
826,2024-12-06 06:22:00,Low,HL,67.59,-0.03999999999999204,-0.0005914534969686525,Down,0.0005
827,2024-12-06 06:38:00,High,HH,67.74,0.14999999999999147,0.002219263204615851,Up,0.0005
828,2024-12-06 06:52:00,Low,LL,67.58,-0.1599999999999966,-0.002361972246826105,Down,0.0005
829,2024-12-06 06:58:00,High,LH,67.62,0.04000000000000625,0.0005918910920390541,Up,0.0005
830,2024-12-06 07:01:00,Low,HL,67.58,-0.04000000000000625,-0.0005915409642118785,Down,0.0005
831,2024-12-06 07:03:00,High,HH,67.62,0.04000000000000625,0.0005918910920390541,Up,0.0005
832,2024-12-06 07:07:00,Low,HL,67.58,-0.04000000000000625,-0.0005915409642118785,Down,0.0005
833,2024-12-06 07:13:00,High,HH,67.62,0.04000000000000625,0.0005918910920390541,Up,0.0005
834,2024-12-06 07:15:00,Low,HL,67.58,-0.04000000000000625,-0.0005915409642118785,Down,0.0005
835,2024-12-06 07:28:00,High,HH,67.82,0.23999999999999488,0.0035513465522343246,Up,0.0005
836,2024-12-06 07:33:00,Low,HL,67.73,-0.0899999999999892,-0.0013270421704509872,Down,0.0005
837,2024-12-06 07:38:00,High,HH,67.83,0.09999999999999432,0.0014764506127269428,Up,0.0005
838,2024-12-06 07:41:00,Low,HL,67.79,-0.03999999999999204,-0.0005897095680376108,Down,0.0005
839,2024-12-06 07:42:00,High,HH,67.83,0.03999999999999204,0.0005900575306090339,Up,0.0005
840,2024-12-06 08:04:00,Low,LL,67.44,-0.39000000000000057,-0.005749668288367982,Down,0.0005
841,2024-12-06 08:07:00,High,LH,67.63,0.18999999999999773,0.002817319098457949,Up,0.0005
842,2024-12-06 08:10:00,Low,HL,67.57,-0.060000000000002274,-0.0008871802454532007,Down,0.0005
843,2024-12-06 08:22:00,High,HH,67.71,0.14000000000000057,0.002071925410685127,Up,0.0005
844,2024-12-06 08:27:00,Low,HL,67.64,-0.06999999999999318,-0.0010338207059517046,Down,0.0005
845,2024-12-06 08:28:00,High,HH,67.72,0.0799999999999983,0.0011827321111768097,Up,0.0005
846,2024-12-06 08:31:00,Low,LL,67.59,-0.12999999999999545,-0.001919669226225551,Down,0.0005
847,2024-12-06 08:33:00,High,LH,67.69,0.09999999999999432,0.001479508803077234,Up,0.0005
848,2024-12-06 08:37:00,Low,HL,67.62,-0.06999999999999318,-0.0010341261633918242,Down,0.0005
849,2024-12-06 08:38:00,High,HH,67.7,0.0799999999999983,0.001183081928423535,Up,0.0005
850,2024-12-06 08:46:00,Low,LL,67.44,-0.2600000000000051,-0.0038404726735599137,Down,0.0005
851,2024-12-06 08:50:00,High,LH,67.6,0.1599999999999966,0.0023724792408066353,Up,0.0005
852,2024-12-06 08:53:00,Low,HL,67.52,-0.0799999999999983,-0.0011834319526626835,Down,0.0005
853,2024-12-06 08:54:00,High,HH,67.65,0.13000000000000966,0.0019253554502371983,Up,0.0005
854,2024-12-06 09:02:00,Low,LL,67.34,-0.3100000000000023,-0.004582409460458292,Down,0.0005
855,2024-12-06 09:09:00,High,HH,67.7,0.35999999999999943,0.005346005346005267,Up,0.0005
856,2024-12-06 09:11:00,Low,HL,67.57,-0.13000000000000966,-0.0019202363367800679,Down,0.0005
857,2024-12-06 09:13:00,High,LH,67.64,0.07000000000000739,0.0010359627053426745,Up,0.0005
858,2024-12-06 09:14:00,Low,HL,67.57,-0.07000000000000739,-0.0010348905972797917,Down,0.0005
859,2024-12-06 09:15:00,High,LH,67.63,0.060000000000002274,0.0008879680331508322,Up,0.0005
860,2024-12-06 09:16:00,Low,HL,67.57,-0.060000000000002274,-0.0008871802454532007,Down,0.0005
861,2024-12-06 09:18:00,High,LH,67.62,0.05000000000001137,0.0007399733609592118,Up,0.0005
862,2024-12-06 09:19:00,Low,LL,67.56,-0.060000000000002274,-0.0008873114463177068,Down,0.0005
863,2024-12-06 09:27:00,High,HH,67.64,0.0799999999999983,0.001184132622853662,Up,0.0005
864,2024-12-06 09:36:00,Low,LL,67.3,-0.3400000000000034,-0.0050266114725014965,Down,0.0005
865,2024-12-06 09:39:00,High,LH,67.34,0.04000000000000625,0.0005943536404160454,Up,0.0005
866,2024-12-06 09:42:00,Low,LL,67.26,-0.0799999999999983,-0.0011880011880011088,Down,0.0005
867,2024-12-06 09:45:00,High,HH,67.45,0.18999999999999773,0.0028248587570620654,Up,0.0005
868,2024-12-06 09:46:00,Low,HL,67.41,-0.04000000000000625,-0.0005930318754634456,Down,0.0005
869,2024-12-06 09:50:00,High,HH,67.47,0.060000000000002274,0.0008900756564307333,Up,0.0005
870,2024-12-06 09:54:00,Low,LL,67.32,-0.15000000000000568,-0.002223210315695945,Down,0.0005
871,2024-12-06 09:56:00,High,LH,67.37,0.05000000000001137,0.0007427213309567637,Up,0.0005
872,2024-12-06 09:57:00,Low,LL,67.3,-0.07000000000000739,-0.0010390381475435806,Down,0.0005
873,2024-12-06 10:00:00,High,HH,67.38,0.0799999999999983,0.0011887072808320909,Up,0.0005
874,2024-12-06 10:05:00,Low,LL,67.21,-0.1700000000000017,-0.0025230038587118475,Down,0.0005
875,2024-12-06 10:06:00,High,LH,67.25,0.04000000000000625,0.000595149531319894,Up,0.0005
876,2024-12-06 10:09:00,Low,LL,67.15,-0.09999999999999432,-0.0014869888475835813,Down,0.0005
877,2024-12-06 10:11:00,High,LH,67.2,0.04999999999999716,0.0007446016381236209,Up,0.0005
878,2024-12-06 10:13:00,Low,LL,67.12,-0.0799999999999983,-0.0011904761904761862,Down,0.0005
879,2024-12-06 10:19:00,High,HH,67.25,0.12999999999999545,0.001936829558998765,Up,0.0005
880,2024-12-06 10:22:00,Low,LL,67.1,-0.15000000000000568,-0.0022304832713755385,Down,0.0005
881,2024-12-06 10:25:00,High,LH,67.14,0.04000000000000625,0.0005961251862891537,Up,0.0005
882,2024-12-06 10:30:00,Low,LL,67.01,-0.12999999999999545,-0.0019362526064937713,Down,0.0005
883,2024-12-06 10:39:00,High,LH,67.13,0.11999999999999034,0.0017907774958960676,Up,0.0005
884,2024-12-06 10:42:00,Low,HL,67.08,-0.04999999999999716,-0.0007448234768359097,Down,0.0005
885,2024-12-06 10:45:00,High,HH,67.22,0.14000000000000057,0.0020870602265952165,Up,0.0005
886,2024-12-06 10:47:00,Low,HL,67.16,-0.060000000000002274,-0.0008925914906278143,Down,0.0005
887,2024-12-06 11:01:00,High,HH,67.39,0.23000000000000398,0.0034246575342467,Up,0.0005
888,2024-12-06 11:08:00,Low,HL,67.31,-0.0799999999999983,-0.0011871197507048459,Down,0.0005
889,2024-12-06 11:11:00,High,LH,67.38,0.06999999999999318,0.0010399643440794915,Up,0.0005
890,2024-12-06 11:23:00,Low,LL,67.27,-0.10999999999999943,-0.0016325319085781498,Down,0.0005
891,2024-12-06 11:26:00,High,HH,67.47,0.20000000000000284,0.0029730935037908246,Up,0.0005
892,2024-12-06 11:28:00,Low,HL,67.4,-0.06999999999999318,-0.001037498147324678,Down,0.0005
893,2024-12-06 11:29:00,High,LH,67.44,0.03999999999999204,0.0005934718100888414,Up,0.0005
894,2024-12-06 11:35:00,Low,LL,67.23,-0.20999999999999375,-0.0031138790035586394,Down,0.0005
895,2024-12-06 11:38:00,High,LH,67.31,0.0799999999999983,0.0011899449650454308,Up,0.0005
896,2024-12-06 11:39:00,Low,HL,67.26,-0.04999999999999716,-0.0007428316743425256,Down,0.0005
897,2024-12-06 11:48:00,High,HH,67.38,0.11999999999999034,0.001784121320249632,Up,0.0005
898,2024-12-06 11:50:00,Low,HL,67.33,-0.04999999999999716,-0.0007420599584445631,Down,0.0005
899,2024-12-06 12:01:00,High,HH,67.46,0.12999999999999545,0.0019307886529036367,Up,0.0005
900,2024-12-06 12:04:00,Low,HL,67.41,-0.04999999999999716,-0.0007411799584938761,Down,0.0005
901,2024-12-06 12:05:00,High,HH,67.49,0.0799999999999983,0.0011867675419077184,Up,0.0005
902,2024-12-06 12:09:00,Low,HL,67.42,-0.06999999999999318,-0.0010371906949177,Down,0.0005
903,2024-12-06 12:16:00,High,LH,67.48,0.060000000000002274,0.000889943636902979,Up,0.0005
904,2024-12-06 12:18:00,Low,HL,67.43,-0.04999999999999716,-0.0007409602845287466,Down,0.0005
905,2024-12-06 12:23:00,High,HH,67.51,0.0799999999999983,0.001186415542043573,Up,0.0005
906,2024-12-06 12:34:00,Low,LL,67.35,-0.1600000000000108,-0.0023700192564065636,Down,0.0005
907,2024-12-06 12:36:00,High,LH,67.43,0.0800000000000125,0.0011878247958427846,Up,0.0005
908,2024-12-06 12:43:00,Low,LL,67.32,-0.11000000000001364,-0.0016313213703101903,Down,0.0005
909,2024-12-06 12:50:00,High,HH,67.45,0.13000000000000966,0.0019310754604873193,Up,0.0005
910,2024-12-06 12:52:00,Low,HL,67.4,-0.04999999999999716,-0.000741289844329085,Down,0.0005
911,2024-12-06 12:56:00,High,HH,67.47,0.06999999999999318,0.001038575667655639,Up,0.0005
912,2024-12-06 12:59:00,Low,HL,67.43,-0.03999999999999204,-0.0005928560841854669,Down,0.0005
913,2024-12-06 13:08:00,High,HH,67.5,0.06999999999999318,0.0010381135992880708,Up,0.0005
914,2024-12-06 13:10:00,Low,HL,67.44,-0.060000000000002274,-0.000888888888888939,Down,0.0005
915,2024-12-06 13:13:00,High,HH,67.5,0.060000000000002274,0.000889679715302627,Up,0.0005
916,2024-12-06 13:14:00,Low,HL,67.46,-0.04000000000000625,-0.0005925925925927,Down,0.0005
917,2024-12-06 13:16:00,High,HH,67.5,0.04000000000000625,0.0005929439667953229,Up,0.0005
918,2024-12-06 13:21:00,Low,LL,67.44,-0.060000000000002274,-0.000888888888888939,Down,0.0005
919,2024-12-06 13:26:00,High,HH,67.51,0.07000000000000739,0.0010379596678529168,Up,0.0005
920,2024-12-06 13:33:00,Low,HL,67.46,-0.05000000000001137,-0.0007406310176272246,Down,0.0005
921,2024-12-06 13:48:00,High,HH,67.66,0.20000000000000284,0.0029647198339757264,Up,0.0005
922,2024-12-06 13:52:00,Low,HL,67.61,-0.04999999999999716,-0.0007389890629618812,Down,0.0005
923,2024-12-06 13:55:00,High,HH,67.66,0.04999999999999716,0.0007395355716610652,Up,0.0005
924,2024-12-06 14:00:00,Low,LL,67.52,-0.14000000000000057,-0.0020691693762932006,Down,0.0005
925,2024-12-06 14:01:00,High,LH,67.57,0.04999999999999716,0.0007405213270141875,Up,0.0005
926,2024-12-06 14:07:00,Low,LL,67.42,-0.14999999999999147,-0.0022199200828768584,Down,0.0005
927,2024-12-06 14:09:00,High,LH,67.49,0.06999999999999318,0.0010382675763866978,Up,0.0005
928,2024-12-06 14:14:00,Low,LL,67.38,-0.10999999999999943,-0.001629871092013624,Down,0.0005
929,2024-12-06 14:17:00,High,LH,67.43,0.05000000000001137,0.0007420599584448961,Up,0.0005
930,2024-12-06 14:21:00,Low,LL,67.35,-0.0800000000000125,-0.001186415542043795,Down,0.0005
931,2024-12-06 14:23:00,High,LH,67.4,0.05000000000001137,0.0007423904974017681,Up,0.0005
932,2024-12-06 14:33:00,Low,LL,67.13,-0.27000000000001023,-0.004005934718101067,Down,0.0005
933,2024-12-06 14:40:00,High,LH,67.19,0.060000000000002274,0.0008937881722033136,Up,0.0005
934,2024-12-06 14:57:00,Low,LL,67.07,-0.12000000000000455,-0.001785980056556058,Down,0.0005
935,2024-12-06 15:17:00,High,LH,67.16,0.09000000000000341,0.0013418816162218405,Up,0.0005
936,2024-12-06 15:36:00,Low,HL,67.08,-0.0799999999999983,-0.001191185229303171,Down,0.0005
937,2024-12-06 15:55:00,High,HH,67.19,0.10999999999999943,0.0016398330351818924,Up,0.0005
938,2024-12-06 16:44:00,Low,HL,67.11,-0.0799999999999983,-0.001190653371037298,Down,0.0005
939,2024-12-06 16:59:00,High,LH,67.17,0.060000000000002274,0.0008940545373268272,Up,0.0005
940,2024-12-08 18:00:00,Low,LL,67.1,-0.07000000000000739,-0.001042131904123944,Down,0.0005
941,2024-12-08 18:09:00,High,HH,67.17,0.07000000000000739,0.00104321907600613,Up,0.0005
942,2024-12-08 18:12:00,Low,HL,67.13,-0.04000000000000625,-0.0005955039452136823,Down,0.0005
943,2024-12-08 18:59:00,High,HH,67.33,0.20000000000000284,0.0029792939073440827,Up,0.0005
944,2024-12-08 19:10:00,Low,HL,67.24,-0.09000000000000341,-0.0013366998366256544,Down,0.0005
945,2024-12-08 19:21:00,High,HH,67.34,0.10000000000000853,0.001487209994051275,Up,0.0005
946,2024-12-08 19:46:00,Low,LL,67.16,-0.18000000000000682,-0.0026730026730027445,Down,0.0005
947,2024-12-08 20:12:00,High,HH,67.41,0.25,0.0037224538415723263,Up,0.0005
948,2024-12-08 20:17:00,Low,HL,67.34,-0.06999999999999318,-0.0010384215991691148,Down,0.0005
949,2024-12-08 20:25:00,High,HH,67.47,0.12999999999999545,0.0019305019305018156,Up,0.0005
950,2024-12-08 20:33:00,Low,HL,67.39,-0.0799999999999983,-0.0011857121683711558,Down,0.0005
951,2024-12-08 20:53:00,High,HH,67.53,0.14000000000000057,0.002077459563733397,Up,0.0005
952,2024-12-08 20:58:00,Low,HL,67.49,-0.04000000000000625,-0.0005923293351104419,Down,0.0005
953,2024-12-08 21:01:00,High,HH,67.58,0.09000000000000341,0.001333530893465662,Up,0.0005
954,2024-12-08 21:16:00,Low,HL,67.51,-0.06999999999999318,-0.0010358094110682892,Down,0.0005
955,2024-12-08 21:30:00,High,HH,67.58,0.06999999999999318,0.0010368834246776704,Up,0.0005
956,2024-12-08 21:52:00,Low,LL,67.4,-0.1799999999999926,-0.0026635099141756324,Down,0.0005
957,2024-12-08 22:13:00,High,LH,67.5,0.09999999999999432,0.0014836795252224366,Up,0.0005
958,2024-12-08 22:29:00,Low,LL,67.38,-0.12000000000000455,-0.001777777777777878,Down,0.0005
959,2024-12-08 22:34:00,High,LH,67.48,0.10000000000000853,0.0014841199168893482,Up,0.0005
960,2024-12-08 22:36:00,Low,HL,67.44,-0.04000000000000625,-0.0005927682276231083,Down,0.0005
961,2024-12-08 22:44:00,High,HH,67.52,0.0799999999999983,0.0011862396204032066,Up,0.0005
962,2024-12-08 22:51:00,Low,HL,67.48,-0.03999999999999204,-0.0005924170616112834,Down,0.0005
963,2024-12-08 22:55:00,High,HH,67.52,0.03999999999999204,0.0005927682276227753,Up,0.0005
964,2024-12-08 23:04:00,Low,LL,67.45,-0.06999999999999318,-0.0010367298578197737,Down,0.0005
965,2024-12-08 23:26:00,High,LH,67.51,0.060000000000002274,0.0008895478131949464,Up,0.0005
966,2024-12-08 23:41:00,Low,HL,67.45,-0.060000000000002274,-0.0008887572211524475,Down,0.0005
967,2024-12-09 00:24:00,High,HH,67.63,0.1799999999999926,0.002668643439584839,Up,0.0005
968,2024-12-09 00:49:00,Low,HL,67.56,-0.06999999999999318,-0.0010350436196953083,Down,0.0005
969,2024-12-09 01:11:00,High,HH,67.63,0.06999999999999318,0.001036116044996982,Up,0.0005
970,2024-12-09 01:29:00,Low,HL,67.57,-0.060000000000002274,-0.0008871802454532007,Down,0.0005
971,2024-12-09 01:59:00,High,HH,67.63,0.060000000000002274,0.0008879680331508322,Up,0.0005
972,2024-12-09 02:05:00,Low,LL,67.46,-0.1700000000000017,-0.0025136773621173836,Down,0.0005
973,2024-12-09 02:59:00,High,HH,67.96,0.5,0.007411799584939205,Up,0.0005
974,2024-12-09 03:05:00,Low,HL,67.87,-0.0899999999999892,-0.0013243084167156027,Down,0.0005
975,2024-12-09 03:22:00,High,HH,68.2,0.3299999999999983,0.004862236628849326,Up,0.0005
976,2024-12-09 03:23:00,Low,HL,68.15,-0.04999999999999716,-0.0007331378299120228,Down,0.0005
977,2024-12-09 03:26:00,High,HH,68.23,0.0799999999999983,0.0011738811445340946,Up,0.0005
978,2024-12-09 03:33:00,Low,LL,68.1,-0.13000000000000966,-0.001905320240363606,Down,0.0005
979,2024-12-09 03:40:00,High,LH,68.22,0.12000000000000455,0.0017621145374449032,Up,0.0005
980,2024-12-09 03:42:00,Low,HL,68.15,-0.06999999999999318,-0.0010260920551157238,Down,0.0005
981,2024-12-09 03:43:00,High,LH,68.19,0.03999999999999204,0.0005869405722669363,Up,0.0005
982,2024-12-09 03:45:00,Low,LL,68.13,-0.060000000000002274,-0.0008798944126705566,Down,0.0005
983,2024-12-09 03:55:00,High,HH,68.2,0.07000000000000739,0.001027447526787073,Up,0.0005
984,2024-12-09 03:56:00,Low,HL,68.16,-0.04000000000000625,-0.0005865102639297515,Down,0.0005
985,2024-12-09 03:58:00,High,HH,68.2,0.04000000000000625,0.0005868544600939885,Up,0.0005
986,2024-12-09 04:05:00,Low,LL,68.02,-0.18000000000000682,-0.0026392961876834375,Down,0.0005
987,2024-12-09 04:11:00,High,LH,68.14,0.12000000000000455,0.001764187003822526,Up,0.0005
988,2024-12-09 04:17:00,Low,LL,67.97,-0.1700000000000017,-0.0024948635162900246,Down,0.0005
989,2024-12-09 04:18:00,High,LH,68.04,0.07000000000000739,0.001029866117404854,Up,0.0005
990,2024-12-09 04:19:00,Low,HL,67.97,-0.07000000000000739,-0.0010288065843622185,Down,0.0005
991,2024-12-09 04:25:00,High,HH,68.05,0.0799999999999983,0.0011769898484625951,Up,0.0005
992,2024-12-09 04:28:00,Low,HL,67.98,-0.06999999999999318,-0.0010286554004407256,Down,0.0005
993,2024-12-09 04:34:00,High,HH,68.05,0.06999999999999318,0.001029714621947564,Up,0.0005
994,2024-12-09 04:41:00,Low,LL,67.96,-0.09000000000000341,-0.0013225569434239803,Down,0.0005
995,2024-12-09 04:43:00,High,HH,68.05,0.09000000000000341,0.0013243084167158248,Up,0.0005
996,2024-12-09 04:50:00,Low,LL,67.9,-0.14999999999999147,-0.0022042615723730785,Down,0.0005
997,2024-12-09 05:04:00,High,HH,68.05,0.14999999999999147,0.0022091310751102267,Up,0.0005
998,2024-12-09 05:05:00,Low,HL,68.01,-0.03999999999999204,-0.0005878030859660655,Down,0.0005
999,2024-12-09 05:10:00,High,HH,68.14,0.12999999999999545,0.0019114836053519824,Up,0.0005
1000,2024-12-09 05:18:00,Low,LL,67.99,-0.15000000000000568,-0.002201350161432414,Down,0.0005
1001,2024-12-09 05:21:00,High,LH,68.09,0.10000000000000853,0.0014708045300779737,Up,0.0005
1002,2024-12-09 05:23:00,Low,HL,68.05,-0.04000000000000625,-0.0005874577764723998,Down,0.0005
1003,2024-12-09 05:26:00,High,HH,68.13,0.0799999999999983,0.001175606171932353,Up,0.0005
1004,2024-12-09 05:42:00,Low,LL,67.93,-0.19999999999998863,-0.0029355643622485106,Down,0.0005
1005,2024-12-09 05:46:00,High,LH,68.0,0.06999999999999318,0.0010304725452670027,Up,0.0005
1006,2024-12-09 05:54:00,Low,LL,67.9,-0.09999999999999432,-0.0014705882352940014,Down,0.0005
1007,2024-12-09 06:18:00,High,HH,68.18,0.28000000000000114,0.004123711340206171,Up,0.0005
1008,2024-12-09 06:26:00,Low,HL,68.08,-0.10000000000000853,-0.0014667057788209092,Down,0.0005
1009,2024-12-09 06:31:00,High,LH,68.16,0.0799999999999983,0.001175088131609936,Up,0.0005
1010,2024-12-09 06:39:00,Low,LL,68.05,-0.10999999999999943,-0.0016138497652582462,Down,0.0005
1011,2024-12-09 06:40:00,High,LH,68.09,0.04000000000000625,0.0005878030859662875,Up,0.0005
1012,2024-12-09 06:43:00,Low,LL,68.04,-0.04999999999999716,-0.0007343222205903333,Down,0.0005
1013,2024-12-09 06:48:00,High,HH,68.12,0.0799999999999983,0.0011757789535566943,Up,0.0005
1014,2024-12-09 06:56:00,Low,HL,68.05,-0.07000000000000739,-0.0010275983558427626,Down,0.0005
1015,2024-12-09 07:04:00,High,LH,68.11,0.060000000000002274,0.0008817046289493202,Up,0.0005
1016,2024-12-09 07:13:00,Low,LL,68.04,-0.06999999999999318,-0.0010277492291880241,Down,0.0005
1017,2024-12-09 07:20:00,High,LH,68.1,0.05999999999998806,0.0008818342151672987,Up,0.0005
1018,2024-12-09 07:24:00,Low,LL,67.99,-0.10999999999999943,-0.0016152716593245131,Down,0.0005
1019,2024-12-09 07:29:00,High,LH,68.09,0.10000000000000853,0.0014708045300779737,Up,0.0005
1020,2024-12-09 07:37:00,Low,HL,68.03,-0.060000000000002274,-0.0008811866647084887,Down,0.0005
1021,2024-12-09 07:40:00,High,HH,68.13,0.09999999999999432,0.001469939732470893,Up,0.0005
1022,2024-12-09 07:54:00,Low,LL,67.99,-0.14000000000000057,-0.002054895053574035,Down,0.0005
1023,2024-12-09 08:02:00,High,LH,68.12,0.13000000000000966,0.0019120458891015435,Up,0.0005
1024,2024-12-09 08:03:00,Low,HL,68.08,-0.04000000000000625,-0.0005871990604815469,Down,0.0005
1025,2024-12-09 08:05:00,High,HH,68.12,0.04000000000000625,0.000587544065804968,Up,0.0005
1026,2024-12-09 08:08:00,Low,LL,68.05,-0.07000000000000739,-0.0010275983558427626,Down,0.0005
1027,2024-12-09 08:18:00,High,HH,68.22,0.1700000000000017,0.0024981631153564443,Up,0.0005
1028,2024-12-09 08:26:00,Low,HL,68.11,-0.10999999999999943,-0.0016124303723248357,Down,0.0005
1029,2024-12-09 08:31:00,High,LH,68.15,0.04000000000000625,0.0005872852738217915,Up,0.0005
1030,2024-12-09 08:37:00,Low,LL,68.09,-0.060000000000002274,-0.0008804108584006265,Down,0.0005
1031,2024-12-09 08:45:00,High,HH,68.16,0.06999999999999318,0.0010280511088265332,Up,0.0005
1032,2024-12-09 08:46:00,Low,HL,68.12,-0.03999999999999204,-0.0005868544600937664,Down,0.0005
1033,2024-12-09 08:53:00,High,HH,68.37,0.25,0.0036699941280093906,Up,0.0005
1034,2024-12-09 08:57:00,Low,HL,68.27,-0.10000000000000853,-0.0014626298083956213,Down,0.0005
1035,2024-12-09 09:00:00,High,LH,68.31,0.04000000000000625,0.000585908891167497,Up,0.0005
1036,2024-12-09 09:06:00,Low,LL,68.19,-0.12000000000000455,-0.0017566974088714105,Down,0.0005
1037,2024-12-09 09:12:00,High,HH,68.38,0.18999999999999773,0.0027863323067898182,Up,0.0005
1038,2024-12-09 09:26:00,Low,LL,68.16,-0.21999999999999886,-0.0032173150043872667,Down,0.0005
1039,2024-12-09 09:30:00,High,LH,68.24,0.0799999999999983,0.0011737089201877549,Up,0.0005
1040,2024-12-09 09:33:00,Low,LL,68.13,-0.10999999999999943,-0.0016119577960140852,Down,0.0005
1041,2024-12-09 09:35:00,High,LH,68.22,0.09000000000000341,0.0013210039630120463,Up,0.0005
1042,2024-12-09 09:39:00,Low,LL,68.1,-0.12000000000000455,-0.0017590149516271136,Down,0.0005
1043,2024-12-09 09:49:00,High,HH,68.41,0.3100000000000023,0.004552129221732759,Up,0.0005
1044,2024-12-09 09:54:00,Low,HL,68.36,-0.04999999999999716,-0.0007308872971787395,Down,0.0005
1045,2024-12-09 09:55:00,High,LH,68.4,0.04000000000000625,0.0005851375073142595,Up,0.0005
1046,2024-12-09 09:56:00,Low,HL,68.36,-0.04000000000000625,-0.0005847953216374657,Down,0.0005
1047,2024-12-09 09:59:00,High,HH,68.45,0.09000000000000341,0.0013165593914570284,Up,0.0005
1048,2024-12-09 10:02:00,Low,HL,68.4,-0.04999999999999716,-0.0007304601899196239,Down,0.0005
1049,2024-12-09 10:15:00,High,HH,68.71,0.30999999999998806,0.004532163742689832,Up,0.0005
1050,2024-12-09 10:18:00,Low,HL,68.63,-0.0799999999999983,-0.00116431378256443,Down,0.0005
1051,2024-12-09 10:29:00,High,HH,68.86,0.23000000000000398,0.003351304094419305,Up,0.0005
1052,2024-12-09 10:38:00,Low,HL,68.78,-0.0799999999999983,-0.0011617775196050006,Down,0.0005
1053,2024-12-09 10:42:00,High,HH,68.88,0.09999999999999432,0.0014539110206455153,Up,0.0005
1054,2024-12-09 10:58:00,Low,LL,68.59,-0.28999999999999204,-0.00421022067363519,Down,0.0005
1055,2024-12-09 10:59:00,High,LH,68.65,0.060000000000002274,0.0008747630849978982,Up,0.0005
1056,2024-12-09 11:02:00,Low,LL,68.57,-0.0800000000000125,-0.0011653313911145213,Down,0.0005
1057,2024-12-09 11:05:00,High,HH,68.7,0.13000000000000966,0.0018958728306841532,Up,0.0005
1058,2024-12-09 11:06:00,Low,HL,68.65,-0.04999999999999716,-0.0007278020378456151,Down,0.0005
1059,2024-12-09 11:11:00,High,LH,68.69,0.03999999999999204,0.0005826656955569831,Up,0.0005
1060,2024-12-09 11:15:00,Low,LL,68.64,-0.04999999999999716,-0.0007279079924297216,Down,0.0005
1061,2024-12-09 11:17:00,High,LH,68.68,0.04000000000000625,0.0005827505827507018,Up,0.0005
1062,2024-12-09 11:21:00,Low,LL,68.57,-0.11000000000001364,-0.0016016307513105899,Down,0.0005
1063,2024-12-09 11:24:00,High,HH,68.74,0.1700000000000017,0.0024792183170483373,Up,0.0005
1064,2024-12-09 11:25:00,Low,HL,68.69,-0.04999999999999716,-0.0007273785277858158,Down,0.0005
1065,2024-12-09 11:28:00,High,HH,68.78,0.09000000000000341,0.0013102343863735655,Up,0.0005
1066,2024-12-09 11:33:00,Low,LL,68.44,-0.3400000000000034,-0.004943297470194841,Down,0.0005
1067,2024-12-09 11:44:00,High,HH,68.79,0.3500000000000085,0.005113968439509176,Up,0.0005
1068,2024-12-09 11:55:00,Low,HL,68.48,-0.3100000000000023,-0.004506468963512145,Down,0.0005
1069,2024-12-09 12:01:00,High,LH,68.53,0.04999999999999716,0.0007301401869157509,Up,0.0005
1070,2024-12-09 12:10:00,Low,LL,68.42,-0.10999999999999943,-0.0016051364365970988,Down,0.0005
1071,2024-12-09 12:23:00,High,HH,68.6,0.1799999999999926,0.0026308097047644807,Up,0.0005
1072,2024-12-09 12:36:00,Low,HL,68.46,-0.14000000000000057,-0.0020408163265306367,Down,0.0005
1073,2024-12-09 12:39:00,High,LH,68.59,0.13000000000000966,0.0018989190768332609,Up,0.0005
1074,2024-12-09 12:52:00,Low,HL,68.51,-0.0799999999999983,-0.0011663507799970496,Down,0.0005
1075,2024-12-09 13:07:00,High,HH,68.64,0.12999999999999545,0.001897533206830948,Up,0.0005
1076,2024-12-09 13:18:00,Low,HL,68.56,-0.0799999999999983,-0.0011655011655011815,Down,0.0005
1077,2024-12-09 13:20:00,High,LH,68.6,0.03999999999999204,0.0005834305717618005,Up,0.0005
1078,2024-12-09 13:22:00,Low,LL,68.53,-0.06999999999999318,-0.0010204081632652073,Down,0.0005
1079,2024-12-09 13:29:00,High,HH,68.6,0.06999999999999318,0.0010214504596526286,Up,0.0005
1080,2024-12-09 13:37:00,Low,HL,68.54,-0.05999999999998806,-0.0008746355685129714,Down,0.0005
1081,2024-12-09 13:44:00,High,HH,68.6,0.05999999999998806,0.0008754012255616228,Up,0.0005
1082,2024-12-09 13:53:00,Low,LL,68.53,-0.06999999999999318,-0.0010204081632652073,Down,0.0005
1083,2024-12-09 13:57:00,High,LH,68.57,0.03999999999999204,0.0005836859769443592,Up,0.0005
1084,2024-12-09 14:04:00,Low,LL,68.43,-0.13999999999998636,-0.002041709202274866,Down,0.0005
1085,2024-12-09 14:13:00,High,LH,68.55,0.11999999999999034,0.0017536168347214165,Up,0.0005
1086,2024-12-09 14:28:00,Low,LL,68.34,-0.20999999999999375,-0.0030634573304156865,Down,0.0005
1087,2024-12-09 14:30:00,High,LH,68.46,0.11999999999999034,0.0017559262510973284,Up,0.0005
1088,2024-12-09 14:54:00,Low,LL,68.23,-0.22999999999998977,-0.0033596260590124105,Down,0.0005
1089,2024-12-09 14:59:00,High,LH,68.31,0.0799999999999983,0.0011725047633006636,Up,0.0005
1090,2024-12-09 16:18:00,Low,LL,68.1,-0.21000000000000796,-0.0030742204655249683,Down,0.0005
1091,2024-12-09 16:35:00,High,LH,68.21,0.10999999999999943,0.0016152716593245131,Up,0.0005
1092,2024-12-09 18:30:00,Low,HL,68.11,-0.09999999999999432,-0.0014660606949127297,Down,0.0005
1093,2024-12-09 18:56:00,High,LH,68.18,0.07000000000000739,0.0010277492291881352,Up,0.0005
1094,2024-12-09 19:08:00,Low,HL,68.13,-0.05000000000001137,-0.0007333528894105656,Down,0.0005
1095,2024-12-09 19:26:00,High,LH,68.17,0.04000000000000625,0.0005871128724497243,Up,0.0005
1096,2024-12-09 19:59:00,Low,LL,68.12,-0.04999999999999716,-0.0007334604664808175,Down,0.0005
1097,2024-12-09 20:03:00,High,HH,68.3,0.1799999999999926,0.002642395772166628,Up,0.0005
1098,2024-12-09 20:05:00,Low,HL,68.25,-0.04999999999999716,-0.0007320644216690653,Down,0.0005
1099,2024-12-09 20:20:00,High,HH,68.36,0.10999999999999943,0.0016117216117215172,Up,0.0005
1100,2024-12-09 20:22:00,Low,HL,68.31,-0.04999999999999716,-0.0007314218841427689,Down,0.0005
1101,2024-12-09 20:28:00,High,LH,68.35,0.03999999999999204,0.0005855658029569888,Up,0.0005
1102,2024-12-09 20:41:00,Low,LL,68.18,-0.1699999999999875,-0.002487198244330413,Down,0.0005
1103,2024-12-09 20:44:00,High,LH,68.27,0.0899999999999892,0.0013200352009385963,Up,0.0005
1104,2024-12-09 21:03:00,Low,LL,68.17,-0.09999999999999432,-0.0014647722279185205,Down,0.0005
1105,2024-12-09 21:08:00,High,LH,68.26,0.09000000000000341,0.0013202288396656492,Up,0.0005
1106,2024-12-09 21:28:00,Low,LL,68.12,-0.14000000000000057,-0.002050981541166119,Down,0.0005
1107,2024-12-09 21:34:00,High,LH,68.17,0.04999999999999716,0.0007339988256018781,Up,0.0005
1108,2024-12-09 21:56:00,Low,LL,68.08,-0.09000000000000341,-0.0013202288396655382,Down,0.0005
1109,2024-12-09 22:03:00,High,LH,68.12,0.04000000000000625,0.000587544065804968,Up,0.0005
1110,2024-12-09 22:26:00,Low,LL,68.03,-0.09000000000000341,-0.001321197886083425,Down,0.0005
1111,2024-12-09 22:33:00,High,HH,68.13,0.09999999999999432,0.001469939732470893,Up,0.0005
1112,2024-12-09 22:45:00,Low,HL,68.09,-0.03999999999999204,-0.0005871128724496133,Down,0.0005
1113,2024-12-09 22:51:00,High,HH,68.13,0.03999999999999204,0.0005874577764721778,Up,0.0005
1114,2024-12-09 23:33:00,Low,LL,68.05,-0.0799999999999983,-0.0011742257448994486,Down,0.0005
1115,2024-12-09 23:48:00,High,LH,68.09,0.04000000000000625,0.0005878030859662875,Up,0.0005
1116,2024-12-10 00:04:00,Low,LL,67.94,-0.15000000000000568,-0.002202966661771222,Down,0.0005
1117,2024-12-10 00:12:00,High,LH,67.98,0.04000000000000625,0.0005887547836327389,Up,0.0005
1118,2024-12-10 00:29:00,Low,LL,67.92,-0.060000000000002274,-0.0008826125330979595,Down,0.0005
1119,2024-12-10 00:48:00,High,HH,67.98,0.060000000000002274,0.0008833922261484162,Up,0.0005
1120,2024-12-10 01:03:00,Low,LL,67.91,-0.07000000000000739,-0.001029714621947786,Down,0.0005
1121,2024-12-10 01:26:00,High,HH,68.05,0.14000000000000057,0.0020615520541893417,Up,0.0005
1122,2024-12-10 01:31:00,Low,HL,67.99,-0.060000000000002274,-0.0008817046289493202,Down,0.0005
1123,2024-12-10 01:39:00,High,HH,68.07,0.0799999999999983,0.0011766436240623346,Up,0.0005
1124,2024-12-10 01:49:00,Low,HL,67.99,-0.0799999999999983,-0.0011752607609812893,Down,0.0005
1125,2024-12-10 02:00:00,High,LH,68.05,0.060000000000002274,0.0008824827180466954,Up,0.0005
1126,2024-12-10 02:02:00,Low,HL,68.01,-0.03999999999999204,-0.0005878030859660655,Down,0.0005
1127,2024-12-10 02:08:00,High,HH,68.07,0.05999999999998806,0.0008822232024701115,Up,0.0005
1128,2024-12-10 02:41:00,Low,LL,67.96,-0.10999999999999943,-0.0016159835463492866,Down,0.0005
1129,2024-12-10 02:54:00,High,HH,68.11,0.15000000000000568,0.0022071806945263006,Up,0.0005
1130,2024-12-10 02:59:00,Low,HL,68.06,-0.04999999999999716,-0.0007341065922771284,Down,0.0005
1131,2024-12-10 03:18:00,High,HH,68.26,0.20000000000000284,0.002938583602703604,Up,0.0005
1132,2024-12-10 03:22:00,Low,HL,68.21,-0.05000000000001137,-0.0007324934075595424,Down,0.0005
1133,2024-12-10 03:23:00,High,HH,68.31,0.10000000000000853,0.0014660606949128407,Up,0.0005
1134,2024-12-10 03:30:00,Low,LL,68.15,-0.1599999999999966,-0.0023422632118283992,Down,0.0005
1135,2024-12-10 03:32:00,High,LH,68.22,0.06999999999999318,0.0010271460014672495,Up,0.0005
1136,2024-12-10 03:33:00,Low,HL,68.18,-0.03999999999999204,-0.0005863383172088898,Down,0.0005
1137,2024-12-10 03:43:00,High,HH,68.35,0.1699999999999875,0.0024933998239951016,Up,0.0005
1138,2024-12-10 03:46:00,Low,HL,68.26,-0.0899999999999892,-0.0013167520117043363,Down,0.0005
1139,2024-12-10 03:48:00,High,LH,68.31,0.04999999999999716,0.0007324934075592093,Up,0.0005
1140,2024-12-10 03:50:00,Low,LL,68.2,-0.10999999999999943,-0.0016103059581320522,Down,0.0005
1141,2024-12-10 04:00:00,High,HH,68.39,0.18999999999999773,0.002785923753665598,Up,0.0005
1142,2024-12-10 04:08:00,Low,HL,68.27,-0.12000000000000455,-0.0017546424915924064,Down,0.0005
1143,2024-12-10 04:13:00,High,LH,68.36,0.09000000000000341,0.0013182950051267017,Up,0.0005
1144,2024-12-10 04:15:00,Low,HL,68.31,-0.04999999999999716,-0.0007314218841427689,Down,0.0005
1145,2024-12-10 04:17:00,High,HH,68.36,0.04999999999999716,0.000731957253696347,Up,0.0005
1146,2024-12-10 04:20:00,Low,HL,68.32,-0.04000000000000625,-0.0005851375073142595,Down,0.0005
1147,2024-12-10 04:21:00,High,HH,68.36,0.04000000000000625,0.0005854800936768711,Up,0.0005
1148,2024-12-10 04:47:00,Low,LL,68.04,-0.3199999999999932,-0.004681100058513632,Down,0.0005
1149,2024-12-10 05:01:00,High,LH,68.23,0.18999999999999773,0.00279247501469726,Up,0.0005
1150,2024-12-10 05:08:00,Low,HL,68.08,-0.15000000000000568,-0.0021984464311887164,Down,0.0005
1151,2024-12-10 05:13:00,High,LH,68.15,0.07000000000000739,0.0010282021151586385,Up,0.0005
1152,2024-12-10 05:18:00,Low,HL,68.1,-0.05000000000001137,-0.0007336757153340034,Down,0.0005
1153,2024-12-10 05:23:00,High,HH,68.19,0.09000000000000341,0.001321585903083733,Up,0.0005
1154,2024-12-10 05:31:00,Low,LL,67.97,-0.21999999999999886,-0.003226279513125041,Down,0.0005
1155,2024-12-10 05:39:00,High,LH,68.06,0.09000000000000341,0.0013241135795203363,Up,0.0005
1156,2024-12-10 06:02:00,Low,LL,67.73,-0.3299999999999983,-0.004848662944460735,Down,0.0005
1157,2024-12-10 06:06:00,High,LH,67.79,0.060000000000002274,0.0008858703676362101,Up,0.0005
1158,2024-12-10 06:07:00,Low,HL,67.75,-0.04000000000000625,-0.0005900575306093669,Down,0.0005
1159,2024-12-10 06:14:00,High,HH,67.88,0.12999999999999545,0.0019188191881918115,Up,0.0005
1160,2024-12-10 06:15:00,Low,HL,67.83,-0.04999999999999716,-0.0007365939893929641,Down,0.0005
1161,2024-12-10 06:31:00,High,HH,68.03,0.20000000000000284,0.00294854784018872,Up,0.0005
1162,2024-12-10 06:35:00,Low,HL,67.93,-0.09999999999999432,-0.001469939732470893,Down,0.0005
1163,2024-12-10 06:37:00,High,LH,68.01,0.0799999999999983,0.0011776829088767649,Up,0.0005
1164,2024-12-10 06:45:00,Low,HL,67.93,-0.0799999999999983,-0.00117629760329363,Down,0.0005
1165,2024-12-10 06:46:00,High,LH,67.98,0.04999999999999716,0.0007360518180479225,Up,0.0005
1166,2024-12-10 06:56:00,Low,LL,67.91,-0.07000000000000739,-0.001029714621947786,Down,0.0005
1167,2024-12-10 07:04:00,High,HH,68.12,0.21000000000000796,0.0030923280812842346,Up,0.0005
1168,2024-12-10 07:06:00,Low,HL,68.08,-0.04000000000000625,-0.0005871990604815469,Down,0.0005
1169,2024-12-10 07:09:00,High,HH,68.18,0.10000000000000853,0.001468860164512531,Up,0.0005
1170,2024-12-10 07:34:00,Low,LL,67.97,-0.21000000000000796,-0.0030800821355236874,Down,0.0005
1171,2024-12-10 07:51:00,High,LH,68.15,0.18000000000000682,0.0026482271590408946,Up,0.0005
1172,2024-12-10 07:55:00,Low,HL,68.11,-0.04000000000000625,-0.0005869405722671583,Down,0.0005
1173,2024-12-10 08:01:00,High,HH,68.27,0.1599999999999966,0.002349141095286944,Up,0.0005
1174,2024-12-10 08:15:00,Low,HL,68.12,-0.14999999999999147,-0.002197158341877725,Down,0.0005
1175,2024-12-10 08:16:00,High,LH,68.18,0.060000000000002274,0.0008807985907222093,Up,0.0005
1176,2024-12-10 08:23:00,Low,LL,68.08,-0.10000000000000853,-0.0014667057788209092,Down,0.0005
1177,2024-12-10 08:25:00,High,LH,68.17,0.09000000000000341,0.0013219741480612335,Up,0.0005
1178,2024-12-10 08:30:00,Low,HL,68.08,-0.09000000000000341,-0.0013202288396655382,Down,0.0005
1179,2024-12-10 08:40:00,High,HH,68.23,0.15000000000000568,0.0022032902467685744,Up,0.0005
1180,2024-12-10 08:42:00,Low,HL,68.16,-0.07000000000000739,-0.0010259416678881639,Down,0.0005
1181,2024-12-10 08:48:00,High,HH,68.29,0.13000000000000966,0.0019072769953052404,Up,0.0005
1182,2024-12-10 08:50:00,Low,HL,68.23,-0.060000000000002274,-0.0008786059452335904,Down,0.0005
1183,2024-12-10 08:54:00,High,HH,68.33,0.09999999999999432,0.001465630954125663,Up,0.0005
1184,2024-12-10 08:55:00,Low,HL,68.24,-0.09000000000000341,-0.0013171374213376552,Down,0.0005
1185,2024-12-10 09:04:00,High,HH,68.59,0.3500000000000085,0.00512895662368118,Up,0.0005
1186,2024-12-10 09:05:00,Low,HL,68.52,-0.07000000000000739,-0.001020556932497585,Down,0.0005
1187,2024-12-10 09:06:00,High,LH,68.57,0.04999999999999716,0.0007297139521307283,Up,0.0005
1188,2024-12-10 09:07:00,Low,LL,68.5,-0.06999999999999318,-0.001020854601137433,Down,0.0005
1189,2024-12-10 09:09:00,High,LH,68.55,0.04999999999999716,0.0007299270072991249,Up,0.0005
1190,2024-12-10 09:16:00,Low,LL,68.47,-0.0799999999999983,-0.0011670313639678964,Down,0.0005
1191,2024-12-10 09:19:00,High,LH,68.54,0.07000000000000739,0.0010223455527968994,Up,0.0005
1192,2024-12-10 09:27:00,Low,LL,68.39,-0.15000000000000568,-0.00218850306390439,Down,0.0005
1193,2024-12-10 09:30:00,High,LH,68.47,0.0799999999999983,0.0011697616610615302,Up,0.0005
1194,2024-12-10 09:32:00,Low,LL,68.36,-0.10999999999999943,-0.001606543011537842,Down,0.0005
1195,2024-12-10 09:34:00,High,LH,68.42,0.060000000000002274,0.0008777062609712782,Up,0.0005
1196,2024-12-10 09:39:00,Low,LL,68.28,-0.14000000000000057,-0.0020461853259281515,Down,0.0005
1197,2024-12-10 09:43:00,High,HH,68.49,0.20999999999999375,0.0030755711775043437,Up,0.0005
1198,2024-12-10 09:44:00,Low,HL,68.39,-0.09999999999999432,-0.0014600671630894402,Down,0.0005
1199,2024-12-10 09:46:00,High,HH,68.51,0.12000000000000455,0.0017546424915924064,Up,0.0005
1200,2024-12-10 09:51:00,Low,HL,68.47,-0.04000000000000625,-0.000583856371332736,Down,0.0005
1201,2024-12-10 09:52:00,High,HH,68.54,0.07000000000000739,0.0010223455527968994,Up,0.0005
1202,2024-12-10 09:57:00,Low,LL,68.31,-0.23000000000000398,-0.003355704697986628,Down,0.0005
1203,2024-12-10 10:00:00,High,LH,68.42,0.10999999999999943,0.0016103059581320522,Up,0.0005
1204,2024-12-10 10:04:00,Low,HL,68.36,-0.060000000000002274,-0.0008769365682549379,Down,0.0005
1205,2024-12-10 10:13:00,High,HH,68.52,0.1599999999999966,0.002340550029256816,Up,0.0005
1206,2024-12-10 10:24:00,Low,HL,68.37,-0.14999999999999147,-0.002189141856392185,Down,0.0005
1207,2024-12-10 10:34:00,High,HH,68.7,0.3299999999999983,0.004826678367705117,Up,0.0005
1208,2024-12-10 10:37:00,Low,HL,68.65,-0.04999999999999716,-0.0007278020378456151,Down,0.0005
1209,2024-12-10 10:44:00,High,HH,68.77,0.11999999999999034,0.0017479970866713934,Up,0.0005
1210,2024-12-10 10:45:00,Low,HL,68.73,-0.03999999999999204,-0.0005816489748435849,Down,0.0005
1211,2024-12-10 10:49:00,High,HH,68.89,0.1599999999999966,0.002327949949076036,Up,0.0005
1212,2024-12-10 10:53:00,Low,HL,68.83,-0.060000000000002274,-0.0008709536942952401,Down,0.0005
1213,2024-12-10 10:59:00,High,HH,68.9,0.07000000000000739,0.0010169984018597589,Up,0.0005
1214,2024-12-10 11:01:00,Low,LL,68.79,-0.10999999999999943,-0.0015965166908562534,Down,0.0005
1215,2024-12-10 11:05:00,High,HH,69.0,0.20999999999999375,0.0030527692978630228,Up,0.0005
1216,2024-12-10 11:08:00,Low,HL,68.93,-0.06999999999999318,-0.0010144927536230863,Down,0.0005
1217,2024-12-10 11:15:00,High,HH,69.04,0.10999999999999943,0.0015958218482519104,Up,0.0005
1218,2024-12-10 11:22:00,Low,LL,68.85,-0.19000000000001194,-0.0027520278099654183,Down,0.0005
1219,2024-12-10 11:27:00,High,LH,68.9,0.05000000000001137,0.0007262164124910431,Up,0.0005
1220,2024-12-10 11:29:00,Low,HL,68.86,-0.04000000000000625,-0.0005805515239478698,Down,0.0005
1221,2024-12-10 11:34:00,High,HH,69.0,0.14000000000000057,0.002033110659308779,Up,0.0005
1222,2024-12-10 11:35:00,Low,HL,68.95,-0.04999999999999716,-0.0007246376811593791,Down,0.0005
1223,2024-12-10 11:49:00,High,HH,69.05,0.09999999999999432,0.0014503263234226793,Up,0.0005
1224,2024-12-10 11:54:00,Low,HL,68.97,-0.0799999999999983,-0.0011585807385952052,Down,0.0005
1225,2024-12-10 11:59:00,High,LH,69.01,0.04000000000000625,0.0005799623024504985,Up,0.0005
1226,2024-12-10 12:03:00,Low,LL,68.91,-0.10000000000000853,-0.0014490653528475006,Down,0.0005
1227,2024-12-10 12:04:00,High,LH,68.96,0.04999999999999716,0.0007255840951965187,Up,0.0005
1228,2024-12-10 12:10:00,Low,HL,68.91,-0.04999999999999716,-0.0007250580046402888,Down,0.0005
1229,2024-12-10 12:14:00,High,HH,68.97,0.060000000000002274,0.0008707009142359112,Up,0.0005
1230,2024-12-10 12:30:00,Low,LL,68.82,-0.15000000000000568,-0.00217485863418887,Down,0.0005
1231,2024-12-10 12:37:00,High,LH,68.88,0.060000000000002274,0.0008718395815170421,Up,0.0005
1232,2024-12-10 12:47:00,Low,HL,68.82,-0.060000000000002274,-0.0008710801393728707,Down,0.0005
1233,2024-12-10 12:49:00,High,LH,68.87,0.05000000000001137,0.0007265329845975721,Up,0.0005
1234,2024-12-10 12:51:00,Low,HL,68.82,-0.05000000000001137,-0.0007260055176421254,Down,0.0005
1235,2024-12-10 12:58:00,High,HH,68.94,0.12000000000000455,0.0017436791630340842,Up,0.0005
1236,2024-12-10 13:16:00,Low,LL,68.69,-0.25,-0.00362634174644616,Down,0.0005
1237,2024-12-10 13:24:00,High,LH,68.79,0.10000000000000853,0.0014558159848596652,Up,0.0005
1238,2024-12-10 13:39:00,Low,HL,68.72,-0.07000000000000739,-0.001017589765954452,Down,0.0005
1239,2024-12-10 13:41:00,High,LH,68.76,0.04000000000000625,0.0005820721769500548,Up,0.0005
1240,2024-12-10 13:47:00,Low,LL,68.68,-0.0799999999999983,-0.0011634671320535084,Down,0.0005
1241,2024-12-10 13:58:00,High,HH,68.76,0.0799999999999983,0.0011648223645894795,Up,0.0005
1242,2024-12-10 14:00:00,Low,HL,68.72,-0.04000000000000625,-0.0005817335660268652,Down,0.0005
1243,2024-12-10 14:03:00,High,HH,68.8,0.0799999999999983,0.0011641443538998875,Up,0.0005
1244,2024-12-10 14:17:00,Low,LL,68.68,-0.11999999999999034,-0.0017441860465114978,Down,0.0005
1245,2024-12-10 14:24:00,High,HH,68.87,0.18999999999999773,0.0027664531158997363,Up,0.0005
1246,2024-12-10 14:53:00,Low,LL,68.31,-0.5600000000000023,-0.008131261797589717,Down,0.0005
1247,2024-12-10 15:00:00,High,LH,68.45,0.14000000000000057,0.002049480310349905,Up,0.0005
1248,2024-12-10 15:21:00,Low,HL,68.35,-0.10000000000000853,-0.0014609203798394699,Down,0.0005
1249,2024-12-10 15:28:00,High,LH,68.4,0.05000000000001137,0.00073152889539152,Up,0.0005
1250,2024-12-10 15:30:00,Low,HL,68.35,-0.05000000000001137,-0.0007309941520469154,Down,0.0005
1251,2024-12-10 15:41:00,High,HH,68.45,0.10000000000000853,0.001463057790782818,Up,0.0005
1252,2024-12-10 15:56:00,Low,LL,68.34,-0.10999999999999943,-0.0016070124178232392,Down,0.0005
1253,2024-12-10 16:06:00,High,LH,68.4,0.060000000000002274,0.0008779631255486642,Up,0.0005
1254,2024-12-10 16:29:00,Low,HL,68.35,-0.05000000000001137,-0.0007309941520469154,Down,0.0005
1255,2024-12-10 16:31:00,High,HH,68.46,0.10999999999999943,0.0016093635698610775,Up,0.0005
1256,2024-12-10 16:32:00,Low,HL,68.42,-0.03999999999999204,-0.0005842827928715932,Down,0.0005
1257,2024-12-10 16:49:00,High,HH,68.49,0.06999999999999318,0.0010230926629639647,Up,0.0005
1258,2024-12-10 18:06:00,Low,HL,68.44,-0.04999999999999716,-0.0007300335815446646,Down,0.0005
1259,2024-12-10 18:42:00,High,HH,68.54,0.10000000000000853,0.0014611338398597962,Up,0.0005
1260,2024-12-10 19:02:00,Low,HL,68.49,-0.05000000000001137,-0.0007295010213016484,Down,0.0005
1261,2024-12-10 19:34:00,High,HH,68.57,0.0799999999999983,0.0011680537304716854,Up,0.0005
1262,2024-12-10 19:47:00,Low,HL,68.53,-0.03999999999999204,-0.000583345486364184,Down,0.0005
1263,2024-12-10 20:39:00,High,HH,68.88,0.3499999999999943,0.005107252298263365,Up,0.0005
1264,2024-12-10 20:41:00,Low,HL,68.84,-0.03999999999999204,-0.0005807200929150991,Down,0.0005
1265,2024-12-10 20:50:00,High,HH,68.9,0.060000000000002274,0.0008715862870425362,Up,0.0005
1266,2024-12-10 21:00:00,Low,HL,68.86,-0.04000000000000625,-0.0005805515239478698,Down,0.0005
1267,2024-12-10 21:15:00,High,HH,69.02,0.1599999999999966,0.0023235550392100013,Up,0.0005
1268,2024-12-10 21:18:00,Low,HL,68.98,-0.03999999999999204,-0.0005795421616920926,Down,0.0005
1269,2024-12-10 21:30:00,High,HH,69.06,0.0799999999999983,0.0011597564511451885,Up,0.0005
1270,2024-12-10 21:42:00,Low,HL,68.98,-0.0799999999999983,-0.0011584129742252536,Down,0.0005
1271,2024-12-10 21:49:00,High,LH,69.02,0.03999999999999204,0.0005798782255725943,Up,0.0005
1272,2024-12-10 22:06:00,Low,LL,68.97,-0.04999999999999716,-0.0007244277021153378,Down,0.0005
1273,2024-12-10 22:24:00,High,HH,69.06,0.09000000000000341,0.001304915180513344,Up,0.0005
1274,2024-12-10 22:43:00,Low,HL,68.97,-0.09000000000000341,-0.0013032145960035768,Down,0.0005
1275,2024-12-10 22:52:00,High,LH,69.02,0.04999999999999716,0.0007249528780628456,Up,0.0005
1276,2024-12-10 23:03:00,Low,HL,68.97,-0.04999999999999716,-0.0007244277021153378,Down,0.0005
1277,2024-12-10 23:09:00,High,HH,69.02,0.04999999999999716,0.0007249528780628456,Up,0.0005
1278,2024-12-10 23:30:00,Low,LL,68.95,-0.06999999999999318,-0.001014198782961384,Down,0.0005
1279,2024-12-11 00:52:00,High,HH,69.1,0.14999999999999147,0.002175489485134019,Up,0.0005
1280,2024-12-11 00:59:00,Low,HL,69.05,-0.04999999999999716,-0.0007235890014470892,Down,0.0005
1281,2024-12-11 01:08:00,High,HH,69.1,0.04999999999999716,0.0007241129616220032,Up,0.0005
1282,2024-12-11 01:18:00,Low,LL,68.99,-0.10999999999999943,-0.0015918958031837516,Down,0.0005
1283,2024-12-11 01:28:00,High,LH,69.09,0.10000000000000853,0.0014494854326714268,Up,0.0005
1284,2024-12-11 01:37:00,Low,HL,69.03,-0.060000000000002274,-0.0008684324793747367,Down,0.0005
1285,2024-12-11 01:58:00,High,HH,69.15,0.12000000000000455,0.0017383746197305872,Up,0.0005
1286,2024-12-11 02:10:00,Low,LL,68.93,-0.21999999999999886,-0.0031814895155458656,Down,0.0005
1287,2024-12-11 02:13:00,High,LH,68.98,0.04999999999999716,0.0007253735673871109,Up,0.0005
1288,2024-12-11 02:16:00,Low,LL,68.92,-0.060000000000002274,-0.0008698173383590024,Down,0.0005
1289,2024-12-11 02:18:00,High,HH,68.98,0.060000000000002274,0.0008705745792223496,Up,0.0005
1290,2024-12-11 02:31:00,Low,LL,68.81,-0.1700000000000017,-0.002464482458683692,Down,0.0005
1291,2024-12-11 02:32:00,High,LH,68.85,0.03999999999999204,0.0005813108559800106,Up,0.0005
1292,2024-12-11 02:50:00,Low,LL,68.71,-0.14000000000000057,-0.0020334059549745875,Down,0.0005
1293,2024-12-11 02:56:00,High,LH,68.75,0.04000000000000625,0.0005821568912822705,Up,0.0005
1294,2024-12-11 03:02:00,Low,LL,68.7,-0.04999999999999716,-0.0007272727272726875,Down,0.0005
1295,2024-12-11 03:16:00,High,HH,68.84,0.14000000000000057,0.002037845705967989,Up,0.0005
1296,2024-12-11 03:24:00,Low,HL,68.76,-0.0799999999999983,-0.0011621150493899002,Down,0.0005
1297,2024-12-11 03:25:00,High,LH,68.8,0.03999999999999204,0.0005817335660267542,Up,0.0005
1298,2024-12-11 03:26:00,Low,LL,68.74,-0.060000000000002274,-0.0008720930232558599,Down,0.0005
1299,2024-12-11 03:29:00,High,HH,68.82,0.0799999999999983,0.001163805644457394,Up,0.0005
1300,2024-12-11 03:34:00,Low,HL,68.76,-0.05999999999998806,-0.0008718395815168201,Down,0.0005
1301,2024-12-11 03:35:00,High,LH,68.81,0.04999999999999716,0.0007271669575334982,Up,0.0005
1302,2024-12-11 03:39:00,Low,LL,68.74,-0.07000000000000739,-0.0010172939979655737,Down,0.0005
1303,2024-12-11 03:47:00,High,HH,68.88,0.14000000000000057,0.0020366598778003286,Up,0.0005
1304,2024-12-11 03:51:00,Low,HL,68.78,-0.09999999999999432,-0.0014518002322879697,Down,0.0005
1305,2024-12-11 03:59:00,High,HH,68.94,0.1599999999999966,0.0023262576330327356,Up,0.0005
1306,2024-12-11 04:03:00,Low,HL,68.89,-0.04999999999999716,-0.0007252683492892098,Down,0.0005
1307,2024-12-11 04:19:00,High,HH,69.17,0.28000000000000114,0.004064450573377787,Up,0.0005
1308,2024-12-11 04:21:00,Low,HL,69.12,-0.04999999999999716,-0.0007228567297961064,Down,0.0005
1309,2024-12-11 04:40:00,High,HH,69.36,0.23999999999999488,0.003472222222222099,Up,0.0005
1310,2024-12-11 04:47:00,Low,HL,69.26,-0.09999999999999432,-0.0014417531718569077,Down,0.0005
1311,2024-12-11 04:48:00,High,LH,69.31,0.04999999999999716,0.0007219174126480432,Up,0.0005
1312,2024-12-11 04:57:00,Low,LL,69.22,-0.09000000000000341,-0.0012985139229548803,Down,0.0005
1313,2024-12-11 05:05:00,High,HH,69.37,0.15000000000000568,0.0021670037561398736,Up,0.0005
1314,2024-12-11 05:24:00,Low,HL,69.29,-0.0799999999999983,-0.0011532362692806553,Down,0.0005
1315,2024-12-11 05:28:00,High,LH,69.34,0.04999999999999716,0.0007216048491844873,Up,0.0005
1316,2024-12-11 05:37:00,Low,LL,69.17,-0.1700000000000017,-0.0024516873377560255,Down,0.0005
1317,2024-12-11 05:53:00,High,LH,69.28,0.10999999999999943,0.0015902848055515673,Up,0.0005
1318,2024-12-11 06:00:00,Low,HL,69.24,-0.04000000000000625,-0.0005773672055428003,Down,0.0005
1319,2024-12-11 06:04:00,High,HH,69.34,0.10000000000000853,0.0014442518775275026,Up,0.0005
1320,2024-12-11 06:05:00,Low,HL,69.28,-0.060000000000002274,-0.0008653014133256365,Down,0.0005
1321,2024-12-11 06:07:00,High,LH,69.32,0.03999999999999204,0.0005773672055426893,Up,0.0005
1322,2024-12-11 06:27:00,Low,LL,69.14,-0.1799999999999926,-0.002596653202538879,Down,0.0005
1323,2024-12-11 06:47:00,High,HH,69.48,0.3400000000000034,0.004917558576800651,Up,0.0005
1324,2024-12-11 06:50:00,Low,HL,69.44,-0.04000000000000625,-0.0005757052389178119,Down,0.0005
1325,2024-12-11 06:53:00,High,HH,69.48,0.04000000000000625,0.0005760368663594306,Up,0.0005
1326,2024-12-11 07:02:00,Low,LL,69.42,-0.060000000000002274,-0.0008635578583765513,Down,0.0005
1327,2024-12-11 07:17:00,High,HH,69.62,0.20000000000000284,0.0028810141169692827,Up,0.0005
1328,2024-12-11 07:21:00,Low,HL,69.56,-0.060000000000002274,-0.0008618213157138843,Down,0.0005
1329,2024-12-11 07:22:00,High,LH,69.6,0.03999999999999204,0.0005750431282345314,Up,0.0005
1330,2024-12-11 07:26:00,Low,LL,69.51,-0.0899999999999892,-0.001293103448275712,Down,0.0005
1331,2024-12-11 07:30:00,High,LH,69.58,0.06999999999999318,0.001007049345417732,Up,0.0005
1332,2024-12-11 07:32:00,Low,HL,69.53,-0.04999999999999716,-0.0007185972980741084,Down,0.0005
1333,2024-12-11 07:41:00,High,HH,69.59,0.060000000000002274,0.0008629368617862898,Up,0.0005
1334,2024-12-11 07:47:00,Low,LL,69.41,-0.18000000000000682,-0.0025865785313983203,Down,0.0005
1335,2024-12-11 07:50:00,High,LH,69.49,0.0799999999999983,0.0011525716755509396,Up,0.0005
1336,2024-12-11 08:04:00,Low,LL,69.31,-0.1799999999999926,-0.0025903007626996155,Down,0.0005
1337,2024-12-11 08:15:00,High,LH,69.43,0.12000000000000455,0.0017313518972732478,Up,0.0005
1338,2024-12-11 08:18:00,Low,HL,69.38,-0.05000000000001137,-0.0007201497911567545,Down,0.0005
1339,2024-12-11 08:27:00,High,HH,69.52,0.14000000000000057,0.0020178725857595836,Up,0.0005
1340,2024-12-11 08:34:00,Low,HL,69.4,-0.11999999999999034,-0.0017261219792863436,Down,0.0005
1341,2024-12-11 08:36:00,High,LH,69.44,0.03999999999999204,0.0005763688760804797,Up,0.0005
1342,2024-12-11 08:37:00,Low,LL,69.39,-0.04999999999999716,-0.0007200460829492883,Down,0.0005
1343,2024-12-11 08:44:00,High,HH,69.52,0.12999999999999545,0.0018734687995387578,Up,0.0005
1344,2024-12-11 08:47:00,Low,HL,69.43,-0.0899999999999892,-0.0012945914844647577,Down,0.0005
1345,2024-12-11 08:50:00,High,HH,69.52,0.0899999999999892,0.0012962696240816918,Up,0.0005
1346,2024-12-11 08:53:00,Low,HL,69.46,-0.060000000000002274,-0.0008630609896432828,Down,0.0005
1347,2024-12-11 08:54:00,High,LH,69.51,0.05000000000001137,0.0007198387561186959,Up,0.0005
1348,2024-12-11 09:00:00,Low,LL,69.37,-0.14000000000000057,-0.002014098690835908,Down,0.0005
1349,2024-12-11 09:02:00,High,LH,69.49,0.11999999999999034,0.0017298544039208164,Up,0.0005
1350,2024-12-11 09:03:00,Low,HL,69.38,-0.10999999999999943,-0.0015829615772053884,Down,0.0005
1351,2024-12-11 09:10:00,High,LH,69.46,0.0799999999999983,0.0011530700490054446,Up,0.0005
1352,2024-12-11 09:12:00,Low,LL,69.37,-0.0899999999999892,-0.0012957097610133417,Down,0.0005
1353,2024-12-11 09:14:00,High,HH,69.47,0.09999999999999432,0.0014415453366007913,Up,0.0005
1354,2024-12-11 09:15:00,Low,HL,69.4,-0.06999999999999318,-0.0010076291924571157,Down,0.0005
1355,2024-12-11 09:16:00,High,LH,69.46,0.05999999999998806,0.0008645533141209416,Up,0.0005
1356,2024-12-11 09:19:00,Low,HL,69.4,-0.05999999999998806,-0.0008638065073421908,Down,0.0005
1357,2024-12-11 09:22:00,High,HH,69.51,0.10999999999999943,0.0015850144092219853,Up,0.0005
1358,2024-12-11 09:31:00,Low,HL,69.42,-0.09000000000000341,-0.0012947777298231156,Down,0.0005
1359,2024-12-11 09:34:00,High,LH,69.46,0.03999999999999204,0.0005762028233937677,Up,0.0005
1360,2024-12-11 09:40:00,Low,LL,69.19,-0.269999999999996,-0.00388712928304058,Down,0.0005
1361,2024-12-11 09:45:00,High,LH,69.37,0.18000000000000682,0.0026015320132968256,Up,0.0005
1362,2024-12-11 09:46:00,Low,HL,69.33,-0.04000000000000625,-0.0005766181346403831,Down,0.0005
1363,2024-12-11 09:47:00,High,HH,69.38,0.04999999999999716,0.0007211885186786393,Up,0.0005
1364,2024-12-11 09:52:00,Low,HL,69.33,-0.04999999999999716,-0.0007206687806283751,Down,0.0005
1365,2024-12-11 09:57:00,High,HH,69.51,0.18000000000000682,0.0025962786672437677,Up,0.0005
1366,2024-12-11 10:01:00,Low,HL,69.43,-0.0799999999999983,-0.0011509135376204238,Down,0.0005
1367,2024-12-11 10:07:00,High,HH,69.54,0.10999999999999943,0.001584329540544438,Up,0.0005
1368,2024-12-11 10:10:00,Low,HL,69.47,-0.07000000000000739,-0.0010066148979005485,Down,0.0005
1369,2024-12-11 10:15:00,High,HH,69.65,0.18000000000000682,0.002591046494889948,Up,0.0005
1370,2024-12-11 10:25:00,Low,LL,69.46,-0.19000000000001194,-0.0027279253409908666,Down,0.0005
1371,2024-12-11 10:29:00,High,LH,69.51,0.05000000000001137,0.0007198387561186959,Up,0.0005
1372,2024-12-11 10:31:00,Low,LL,69.4,-0.10999999999999943,-0.001582506114228166,Down,0.0005
1373,2024-12-11 10:33:00,High,HH,69.56,0.1599999999999966,0.002305475504322807,Up,0.0005
1374,2024-12-11 10:36:00,Low,HL,69.42,-0.14000000000000057,-0.002012650948821193,Down,0.0005
1375,2024-12-11 10:37:00,High,LH,69.48,0.060000000000002274,0.0008643042350908736,Up,0.0005
1376,2024-12-11 10:43:00,Low,LL,69.13,-0.3500000000000085,-0.005037420840529716,Down,0.0005
1377,2024-12-11 11:02:00,High,HH,69.54,0.4100000000000108,0.005930854911037287,Up,0.0005
1378,2024-12-11 11:08:00,Low,HL,69.46,-0.0800000000000125,-0.0011504170261721347,Down,0.0005
1379,2024-12-11 11:15:00,High,HH,69.71,0.25,0.0035991937805932572,Up,0.0005
1380,2024-12-11 11:17:00,Low,HL,69.63,-0.0799999999999983,-0.0011476115334958514,Down,0.0005
1381,2024-12-11 11:21:00,High,LH,69.68,0.05000000000001137,0.0007180812868017306,Up,0.0005
1382,2024-12-11 11:23:00,Low,HL,69.64,-0.04000000000000625,-0.0005740528128588274,Down,0.0005
1383,2024-12-11 11:24:00,High,HH,69.68,0.04000000000000625,0.0005743825387709567,Up,0.0005
1384,2024-12-11 11:26:00,Low,HL,69.64,-0.04000000000000625,-0.0005740528128588274,Down,0.0005
1385,2024-12-11 11:27:00,High,HH,69.69,0.04999999999999716,0.0007179781734634183,Up,0.0005
1386,2024-12-11 11:30:00,Low,LL,69.6,-0.09000000000000341,-0.00129143349117522,Down,0.0005
1387,2024-12-11 11:32:00,High,LH,69.65,0.05000000000001137,0.0007183908045977905,Up,0.0005
1388,2024-12-11 11:35:00,Low,HL,69.6,-0.05000000000001137,-0.0007178750897345321,Down,0.0005
1389,2024-12-11 11:43:00,High,HH,69.9,0.30000000000001137,0.004310344827586299,Up,0.0005
1390,2024-12-11 11:44:00,Low,HL,69.85,-0.05000000000001137,-0.0007153075822605715,Down,0.0005
1391,2024-12-11 11:51:00,High,HH,70.04,0.19000000000001194,0.0027201145311384067,Up,0.0005
1392,2024-12-11 11:56:00,Low,HL,69.88,-0.1600000000000108,-0.0022844089091949016,Down,0.0005
1393,2024-12-11 12:05:00,High,LH,69.97,0.09000000000000341,0.001287922152261034,Up,0.0005
1394,2024-12-11 12:08:00,Low,HL,69.9,-0.06999999999999318,-0.0010004287551806934,Down,0.0005
1395,2024-12-11 12:15:00,High,HH,69.97,0.06999999999999318,0.0010014306151644448,Up,0.0005
1396,2024-12-11 12:20:00,Low,HL,69.92,-0.04999999999999716,-0.0007145919679862889,Down,0.0005
1397,2024-12-11 12:24:00,High,HH,69.97,0.04999999999999716,0.0007151029748282411,Up,0.0005
1398,2024-12-11 12:26:00,Low,HL,69.93,-0.03999999999999204,-0.0005716735743889201,Down,0.0005
1399,2024-12-11 12:27:00,High,HH,69.98,0.04999999999999716,0.0007150007150007465,Up,0.0005
1400,2024-12-11 12:33:00,Low,LL,69.89,-0.09000000000000341,-0.001286081737639333,Down,0.0005
1401,2024-12-11 12:43:00,High,HH,70.05,0.1599999999999966,0.0022893117756475068,Up,0.0005
1402,2024-12-11 12:44:00,Low,HL,69.99,-0.060000000000002274,-0.0008565310492505418,Down,0.0005
1403,2024-12-11 12:48:00,High,HH,70.05,0.060000000000002274,0.0008572653236176286,Up,0.0005
1404,2024-12-11 12:53:00,Low,LL,69.96,-0.09000000000000341,-0.0012847965738758127,Down,0.0005
1405,2024-12-11 12:58:00,High,LH,70.01,0.05000000000001137,0.0007146941109206217,Up,0.0005
1406,2024-12-11 13:17:00,Low,LL,69.82,-0.19000000000001194,-0.00271389801456956,Down,0.0005
1407,2024-12-11 13:21:00,High,LH,69.89,0.07000000000000739,0.0010025780578630794,Up,0.0005
1408,2024-12-11 13:24:00,Low,HL,69.84,-0.04999999999999716,-0.000715409929889832,Down,0.0005
1409,2024-12-11 13:52:00,High,HH,70.22,0.37999999999999545,0.005441008018327587,Up,0.0005
1410,2024-12-11 13:58:00,Low,HL,70.12,-0.09999999999999432,-0.001424095699230854,Down,0.0005
1411,2024-12-11 14:08:00,High,HH,70.23,0.10999999999999943,0.0015687393040502151,Up,0.0005
1412,2024-12-11 14:13:00,Low,HL,70.18,-0.04999999999999716,-0.0007119464616260895,Down,0.0005
1413,2024-12-11 14:21:00,High,HH,70.43,0.25,0.0035622684525504766,Up,0.0005
1414,2024-12-11 14:23:00,Low,HL,70.31,-0.12000000000000455,-0.0017038193951441905,Down,0.0005
1415,2024-12-11 14:26:00,High,LH,70.39,0.0799999999999983,0.0011378182335370912,Up,0.0005
1416,2024-12-11 14:28:00,Low,LL,70.29,-0.09999999999999432,-0.0014206563432305197,Down,0.0005
1417,2024-12-11 14:38:00,High,HH,70.44,0.14999999999999147,0.0021340162185230493,Up,0.0005
1418,2024-12-11 14:40:00,Low,HL,70.37,-0.06999999999999318,-0.0009937535491196803,Down,0.0005
1419,2024-12-11 14:44:00,High,LH,70.43,0.060000000000002274,0.000852636066505541,Up,0.0005
1420,2024-12-11 14:53:00,Low,HL,70.38,-0.05000000000001137,-0.0007099247479769311,Down,0.0005
1421,2024-12-11 14:58:00,High,HH,70.47,0.09000000000000341,0.0012787723785165905,Up,0.0005
1422,2024-12-11 15:04:00,Low,HL,70.43,-0.03999999999999204,-0.0005676174258548716,Down,0.0005
1423,2024-12-11 15:14:00,High,HH,70.52,0.0899999999999892,0.0012778645463580318,Up,0.0005
1424,2024-12-11 15:15:00,Low,HL,70.46,-0.060000000000002274,-0.0008508224617129745,Down,0.0005
1425,2024-12-11 15:20:00,High,HH,70.53,0.07000000000000739,0.0009934714731762995,Up,0.0005
1426,2024-12-11 16:02:00,Low,LL,70.31,-0.21999999999999886,-0.0031192400396994335,Down,0.0005
1427,2024-12-11 16:13:00,High,LH,70.35,0.03999999999999204,0.0005689091167684346,Up,0.0005
1428,2024-12-11 16:40:00,Low,LL,70.26,-0.0899999999999892,-0.0012793176972279996,Down,0.0005
1429,2024-12-11 18:14:00,High,HH,70.42,0.1599999999999966,0.002277255906632414,Up,0.0005
1430,2024-12-11 18:35:00,Low,HL,70.33,-0.09000000000000341,-0.0012780460096564195,Down,0.0005
1431,2024-12-11 18:48:00,High,LH,70.39,0.060000000000002274,0.0008531210009954382,Up,0.0005
1432,2024-12-11 19:19:00,Low,HL,70.33,-0.060000000000002274,-0.0008523938059383784,Down,0.0005
1433,2024-12-11 19:34:00,High,HH,70.39,0.060000000000002274,0.0008531210009954382,Up,0.0005
1434,2024-12-11 19:36:00,Low,HL,70.33,-0.060000000000002274,-0.0008523938059383784,Down,0.0005
1435,2024-12-11 19:58:00,High,HH,70.41,0.0799999999999983,0.0011374946679936215,Up,0.0005
1436,2024-12-11 20:02:00,Low,HL,70.35,-0.060000000000002274,-0.000852151682999569,Down,0.0005
1437,2024-12-11 20:06:00,High,LH,70.39,0.04000000000000625,0.0005685856432124936,Up,0.0005
1438,2024-12-11 20:13:00,Low,LL,70.3,-0.09000000000000341,-0.0012785907089075677,Down,0.0005
1439,2024-12-11 20:16:00,High,LH,70.34,0.04000000000000625,0.000568990042674411,Up,0.0005
1440,2024-12-11 20:19:00,Low,HL,70.3,-0.04000000000000625,-0.0005686664771112904,Down,0.0005
1441,2024-12-11 20:24:00,High,HH,70.34,0.04000000000000625,0.000568990042674411,Up,0.0005
1442,2024-12-11 20:52:00,Low,LL,70.16,-0.18000000000000682,-0.002558999147000418,Down,0.0005
1443,2024-12-11 21:01:00,High,LH,70.24,0.0799999999999983,0.0011402508551880963,Up,0.0005
1444,2024-12-11 21:09:00,Low,HL,70.18,-0.05999999999998806,-0.0008542141230066802,Down,0.0005
1445,2024-12-11 21:14:00,High,HH,70.26,0.0799999999999983,0.0011399259048161525,Up,0.0005
1446,2024-12-11 21:26:00,Low,HL,70.19,-0.07000000000000739,-0.000996299459151806,Down,0.0005
1447,2024-12-11 22:29:00,High,HH,70.36,0.1700000000000017,0.002421997435532175,Up,0.0005
1448,2024-12-11 22:42:00,Low,HL,70.24,-0.12000000000000455,-0.0017055144968732838,Down,0.0005
1449,2024-12-11 23:00:00,High,LH,70.29,0.05000000000001137,0.0007118451025058814,Up,0.0005
1450,2024-12-11 23:10:00,Low,HL,70.24,-0.05000000000001137,-0.0007113387395079052,Down,0.0005
1451,2024-12-12 00:01:00,High,HH,70.35,0.10999999999999943,0.0015660592255124506,Up,0.0005
1452,2024-12-12 00:08:00,Low,HL,70.31,-0.03999999999999204,-0.0005685856432123826,Down,0.0005
1453,2024-12-12 00:35:00,High,HH,70.47,0.1599999999999966,0.0022756364670744045,Up,0.0005
1454,2024-12-12 00:40:00,Low,HL,70.42,-0.04999999999999716,-0.000709521782318645,Down,0.0005
1455,2024-12-12 00:43:00,High,HH,70.48,0.060000000000002274,0.0008520306731043537,Up,0.0005
1456,2024-12-12 00:46:00,Low,HL,70.44,-0.04000000000000625,-0.0005675368898979682,Down,0.0005
1457,2024-12-12 00:54:00,High,HH,70.51,0.07000000000000739,0.0009937535491200133,Up,0.0005
1458,2024-12-12 00:58:00,Low,LL,70.42,-0.09000000000000341,-0.0012764146929513664,Down,0.0005
1459,2024-12-12 01:08:00,High,LH,70.48,0.060000000000002274,0.0008520306731043537,Up,0.0005
1460,2024-12-12 01:12:00,Low,HL,70.42,-0.060000000000002274,-0.0008513053348467858,Down,0.0005
1461,2024-12-12 01:17:00,High,LH,70.46,0.03999999999999204,0.0005680204487359397,Up,0.0005
1462,2024-12-12 01:48:00,Low,LL,70.34,-0.11999999999999034,-0.0017030939540163548,Down,0.0005
1463,2024-12-12 01:50:00,High,LH,70.39,0.04999999999999716,0.0007108330963889742,Up,0.0005
1464,2024-12-12 02:02:00,Low,HL,70.34,-0.04999999999999716,-0.0007103281716152043,Down,0.0005
1465,2024-12-12 02:15:00,High,HH,70.45,0.10999999999999943,0.0015638328120557432,Up,0.0005
1466,2024-12-12 02:23:00,Low,HL,70.39,-0.060000000000002274,-0.0008516678495387175,Down,0.0005
1467,2024-12-12 02:34:00,High,LH,70.44,0.04999999999999716,0.0007103281716152043,Up,0.0005
1468,2024-12-12 02:46:00,Low,LL,70.35,-0.09000000000000341,-0.0012776831345826523,Down,0.0005
1469,2024-12-12 02:59:00,High,HH,70.51,0.1600000000000108,0.0022743425728501965,Up,0.0005
1470,2024-12-12 03:02:00,Low,HL,70.45,-0.060000000000002274,-0.0008509431286343183,Down,0.0005
1471,2024-12-12 03:10:00,High,HH,70.54,0.09000000000000341,0.0012775017743080763,Up,0.0005
1472,2024-12-12 03:17:00,Low,HL,70.49,-0.05000000000001137,-0.0007088176920897471,Down,0.0005
1473,2024-12-12 03:27:00,High,HH,70.57,0.0799999999999983,0.001134912753582018,Up,0.0005
1474,2024-12-12 03:31:00,Low,LL,70.45,-0.11999999999999034,-0.0017004392801471813,Down,0.0005
1475,2024-12-12 03:44:00,High,HH,70.63,0.1799999999999926,0.0025550035486159306,Up,0.0005
1476,2024-12-12 03:48:00,Low,HL,70.55,-0.0799999999999983,-0.0011326631742885063,Down,0.0005
1477,2024-12-12 04:00:00,High,HH,70.71,0.1599999999999966,0.002267895109851148,Up,0.0005
1478,2024-12-12 04:09:00,Low,LL,70.45,-0.2599999999999909,-0.003676990524678181,Down,0.0005
1479,2024-12-12 04:17:00,High,LH,70.56,0.10999999999999943,0.0015613910574876488,Up,0.0005
1480,2024-12-12 04:20:00,Low,HL,70.49,-0.07000000000000739,-0.0009920634920635996,Down,0.0005
1481,2024-12-12 04:34:00,High,HH,70.61,0.12000000000000455,0.001702369130373249,Up,0.0005
1482,2024-12-12 04:49:00,Low,HL,70.49,-0.12000000000000455,-0.0016994759949016114,Down,0.0005
1483,2024-12-12 05:00:00,High,LH,70.57,0.0799999999999983,0.001134912753582018,Up,0.0005
1484,2024-12-12 05:09:00,Low,LL,70.42,-0.14999999999999147,-0.002125549100184143,Down,0.0005
1485,2024-12-12 05:16:00,High,LH,70.48,0.060000000000002274,0.0008520306731043537,Up,0.0005
1486,2024-12-12 05:19:00,Low,LL,70.39,-0.09000000000000341,-0.0012769580022702343,Down,0.0005
1487,2024-12-12 05:20:00,High,LH,70.43,0.04000000000000625,0.0005682625372922523,Up,0.0005
1488,2024-12-12 05:34:00,Low,LL,70.33,-0.10000000000000853,-0.001419849495953529,Down,0.0005
1489,2024-12-12 05:36:00,High,LH,70.38,0.04999999999999716,0.0007109341674960135,Up,0.0005
1490,2024-12-12 05:38:00,Low,LL,70.32,-0.060000000000002274,-0.0008525149190110604,Down,0.0005
1491,2024-12-12 05:45:00,High,LH,70.36,0.04000000000000625,0.0005688282138796019,Up,0.0005
1492,2024-12-12 05:47:00,Low,LL,70.31,-0.04999999999999716,-0.0007106310403638405,Down,0.0005
1493,2024-12-12 05:50:00,High,LH,70.35,0.03999999999999204,0.0005689091167684346,Up,0.0005
1494,2024-12-12 06:03:00,Low,LL,70.24,-0.10999999999999943,-0.0015636105188343574,Down,0.0005
1495,2024-12-12 06:06:00,High,HH,70.36,0.12000000000000455,0.0017084282460138045,Up,0.0005
1496,2024-12-12 06:17:00,Low,LL,70.14,-0.21999999999999886,-0.003126776577600854,Down,0.0005
1497,2024-12-12 06:25:00,High,LH,70.25,0.10999999999999943,0.0015682919874535628,Up,0.0005
1498,2024-12-12 06:27:00,Low,HL,70.19,-0.060000000000002274,-0.000854092526690442,Down,0.0005
1499,2024-12-12 06:36:00,High,HH,70.33,0.14000000000000057,0.001994586123379438,Up,0.0005
1500,2024-12-12 06:38:00,Low,HL,70.29,-0.03999999999999204,-0.0005687473339968108,Down,0.0005
1501,2024-12-12 06:42:00,High,HH,70.38,0.0899999999999892,0.001280409731113874,Up,0.0005
1502,2024-12-12 06:46:00,Low,HL,70.32,-0.060000000000002274,-0.0008525149190110604,Down,0.0005
1503,2024-12-12 07:03:00,High,HH,70.49,0.1700000000000017,0.002417519908987531,Up,0.0005
1504,2024-12-12 07:09:00,Low,HL,70.33,-0.1599999999999966,-0.002269825507164036,Down,0.0005
1505,2024-12-12 07:16:00,High,LH,70.39,0.060000000000002274,0.0008531210009954382,Up,0.0005
1506,2024-12-12 07:17:00,Low,HL,70.33,-0.060000000000002274,-0.0008523938059383784,Down,0.0005
1507,2024-12-12 07:22:00,High,HH,70.42,0.09000000000000341,0.0012796815014930463,Up,0.0005
1508,2024-12-12 07:30:00,Low,HL,70.34,-0.0799999999999983,-0.0011360408974723235,Down,0.0005
1509,2024-12-12 07:37:00,High,HH,70.55,0.20999999999999375,0.0029854990048334695,Up,0.0005
1510,2024-12-12 07:46:00,Low,HL,70.5,-0.04999999999999716,-0.0007087172218284143,Down,0.0005
1511,2024-12-12 07:49:00,High,LH,70.54,0.04000000000000625,0.0005673758865250011,Up,0.0005
1512,2024-12-12 08:08:00,Low,LL,70.3,-0.2400000000000091,-0.0034023249220301865,Down,0.0005
1513,2024-12-12 08:13:00,High,LH,70.35,0.04999999999999716,0.0007112375533426807,Up,0.0005
1514,2024-12-12 08:17:00,Low,LL,70.29,-0.05999999999998806,-0.0008528784648186294,Down,0.0005
1515,2024-12-12 08:19:00,High,LH,70.33,0.03999999999999204,0.0005690709916061909,Up,0.0005
1516,2024-12-12 08:27:00,Low,LL,70.25,-0.0799999999999983,-0.0011374946679937326,Down,0.0005
1517,2024-12-12 08:30:00,High,LH,70.29,0.04000000000000625,0.000569395017793628,Up,0.0005
1518,2024-12-12 08:38:00,Low,LL,70.12,-0.1700000000000017,-0.002418551714326367,Down,0.0005
1519,2024-12-12 08:50:00,High,HH,70.42,0.29999999999999716,0.00427837992013691,Up,0.0005
1520,2024-12-12 08:58:00,Low,HL,70.19,-0.23000000000000398,-0.0032661175802329856,Down,0.0005
1521,2024-12-12 09:00:00,High,LH,70.28,0.09000000000000341,0.0012822339364582103,Up,0.0005
1522,2024-12-12 09:05:00,Low,LL,70.01,-0.269999999999996,-0.003841775754126253,Down,0.0005
1523,2024-12-12 09:06:00,High,LH,70.06,0.04999999999999716,0.0007141836880444341,Up,0.0005
1524,2024-12-12 09:14:00,Low,LL,69.86,-0.20000000000000284,-0.0028546959748787515,Down,0.0005
1525,2024-12-12 09:20:00,High,LH,70.02,0.1599999999999966,0.00229029487546506,Up,0.0005
1526,2024-12-12 09:34:00,Low,LL,69.73,-0.28999999999999204,-0.004141673807483426,Down,0.0005
1527,2024-12-12 09:38:00,High,LH,69.78,0.04999999999999716,0.0007170514842964604,Up,0.0005
1528,2024-12-12 09:39:00,Low,LL,69.7,-0.0799999999999983,-0.0011464603038119359,Down,0.0005
1529,2024-12-12 09:40:00,High,LH,69.74,0.03999999999999204,0.0005738880918220168,Up,0.0005
1530,2024-12-12 09:41:00,Low,LL,69.69,-0.04999999999999716,-0.0007169486664754254,Down,0.0005
1531,2024-12-12 09:47:00,High,HH,69.78,0.09000000000000341,0.0012914334911753311,Up,0.0005
1532,2024-12-12 09:49:00,Low,HL,69.73,-0.04999999999999716,-0.000716537689882446,Down,0.0005
1533,2024-12-12 09:51:00,High,HH,69.82,0.0899999999999892,0.001290692671733762,Up,0.0005
1534,2024-12-12 09:58:00,Low,LL,69.58,-0.23999999999999488,-0.003437410484101955,Down,0.0005
1535,2024-12-12 10:00:00,High,LH,69.63,0.04999999999999716,0.0007185972980741084,Up,0.0005
1536,2024-12-12 10:02:00,Low,HL,69.58,-0.04999999999999716,-0.0007180812868016195,Down,0.0005
1537,2024-12-12 10:03:00,High,LH,69.62,0.04000000000000625,0.0005748778384593312,Up,0.0005
1538,2024-12-12 10:11:00,Low,LL,69.33,-0.29000000000000625,-0.0041654696926171075,Down,0.0005
1539,2024-12-12 10:13:00,High,LH,69.41,0.0799999999999983,0.001153901629886045,Up,0.0005
1540,2024-12-12 10:16:00,Low,LL,69.25,-0.1599999999999966,-0.0023051433511021013,Down,0.0005
1541,2024-12-12 10:21:00,High,LH,69.4,0.15000000000000568,0.0021660649819494893,Up,0.0005
1542,2024-12-12 10:25:00,Low,HL,69.32,-0.0800000000000125,-0.0011527377521615145,Down,0.0005
1543,2024-12-12 10:30:00,High,HH,69.43,0.11000000000001364,0.0015868436237740369,Up,0.0005
1544,2024-12-12 10:32:00,Low,HL,69.35,-0.0800000000000125,-0.0011522396658506517,Down,0.0005
1545,2024-12-12 10:37:00,High,HH,69.47,0.12000000000000455,0.0017303532804615607,Up,0.0005
1546,2024-12-12 10:39:00,Low,LL,69.25,-0.21999999999999886,-0.0031668346048654428,Down,0.0005
1547,2024-12-12 10:41:00,High,LH,69.35,0.09999999999999432,0.0014440433212996595,Up,0.0005
1548,2024-12-12 10:44:00,Low,HL,69.26,-0.0899999999999892,-0.0012977649603459485,Down,0.0005
1549,2024-12-12 10:48:00,High,HH,69.41,0.14999999999999147,0.0021657522379439076,Up,0.0005
1550,2024-12-12 10:51:00,Low,HL,69.29,-0.11999999999999034,-0.0017288575133265205,Down,0.0005
1551,2024-12-12 10:53:00,High,LH,69.4,0.10999999999999943,0.0015875306682060497,Up,0.0005
1552,2024-12-12 10:59:00,Low,HL,69.29,-0.10999999999999943,-0.0015850144092218743,Down,0.0005
1553,2024-12-12 11:00:00,High,LH,69.33,0.03999999999999204,0.0005772838793476343,Up,0.0005
1554,2024-12-12 11:04:00,Low,LL,69.26,-0.06999999999999318,-0.001009663926150206,Down,0.0005
1555,2024-12-12 11:06:00,High,LH,69.32,0.05999999999998806,0.0008663008951774742,Up,0.0005
1556,2024-12-12 11:12:00,Low,LL,69.16,-0.1599999999999966,-0.002308136180034559,Down,0.0005
1557,2024-12-12 11:23:00,High,HH,69.39,0.23000000000000398,0.00332562174667439,Up,0.0005
1558,2024-12-12 11:31:00,Low,HL,69.21,-0.18000000000000682,-0.0025940337224384935,Down,0.0005
1559,2024-12-12 11:45:00,High,HH,69.57,0.35999999999999943,0.005201560468140354,Up,0.0005
1560,2024-12-12 11:49:00,Low,HL,69.46,-0.10999999999999943,-0.0015811412965358596,Down,0.0005
1561,2024-12-12 11:55:00,High,HH,69.69,0.23000000000000398,0.0033112582781458233,Up,0.0005
1562,2024-12-12 11:57:00,Low,HL,69.63,-0.060000000000002274,-0.0008609556607834801,Down,0.0005
1563,2024-12-12 12:05:00,High,HH,70.07,0.4399999999999977,0.006319115323854652,Up,0.0005
1564,2024-12-12 12:06:00,Low,HL,70.03,-0.03999999999999204,-0.0005708577137147897,Down,0.0005
1565,2024-12-12 12:17:00,High,HH,70.49,0.45999999999999375,0.006568613451377825,Up,0.0005
1566,2024-12-12 12:24:00,Low,HL,70.16,-0.3299999999999983,-0.004681515108525991,Down,0.0005
1567,2024-12-12 12:33:00,High,LH,70.38,0.21999999999999886,0.003135689851767376,Up,0.0005
1568,2024-12-12 12:34:00,Low,HL,70.31,-0.06999999999999318,-0.000994600738846163,Down,0.0005
1569,2024-12-12 12:40:00,High,LH,70.36,0.04999999999999716,0.0007111363959606543,Up,0.0005
1570,2024-12-12 12:41:00,Low,HL,70.32,-0.04000000000000625,-0.0005685048322912056,Down,0.0005
1571,2024-12-12 12:42:00,High,HH,70.36,0.04000000000000625,0.0005688282138796019,Up,0.0005
1572,2024-12-12 12:45:00,Low,HL,70.32,-0.04000000000000625,-0.0005685048322912056,Down,0.0005
1573,2024-12-12 12:48:00,High,HH,70.37,0.05000000000001137,0.0007110352673493914,Up,0.0005
1574,2024-12-12 12:49:00,Low,HL,70.32,-0.05000000000001137,-0.0007105300554215432,Down,0.0005
1575,2024-12-12 12:51:00,High,HH,70.4,0.0800000000000125,0.0011376564277589818,Up,0.0005
1576,2024-12-12 12:53:00,Low,LL,70.21,-0.19000000000001194,-0.0026988636363638463,Down,0.0005
1577,2024-12-12 12:56:00,High,LH,70.29,0.0800000000000125,0.0011394388263781252,Up,0.0005
1578,2024-12-12 12:57:00,Low,HL,70.23,-0.060000000000002274,-0.0008536064874092864,Down,0.0005
1579,2024-12-12 13:11:00,High,HH,70.49,0.2599999999999909,0.003702121600455577,Up,0.0005
1580,2024-12-12 13:21:00,Low,HL,70.31,-0.1799999999999926,-0.0025535536955595406,Down,0.0005
1581,2024-12-12 13:22:00,High,LH,70.35,0.03999999999999204,0.0005689091167684346,Up,0.0005
1582,2024-12-12 13:23:00,Low,HL,70.31,-0.03999999999999204,-0.0005685856432123826,Down,0.0005
1583,2024-12-12 13:31:00,High,HH,70.42,0.10999999999999943,0.0015645000711135282,Up,0.0005
1584,2024-12-12 13:40:00,Low,LL,70.16,-0.2600000000000051,-0.0036921329167850514,Down,0.0005
1585,2024-12-12 13:43:00,High,LH,70.25,0.09000000000000341,0.0012827822120866639,Up,0.0005
1586,2024-12-12 13:45:00,Low,HL,70.18,-0.06999999999999318,-0.000996441281138738,Down,0.0005
1587,2024-12-12 13:46:00,High,LH,70.24,0.05999999999998806,0.0008549444286118923,Up,0.0005
1588,2024-12-12 13:56:00,Low,LL,70.12,-0.11999999999999034,-0.0017084282460135825,Down,0.0005
1589,2024-12-12 14:05:00,High,LH,70.19,0.06999999999999318,0.0009982886480317532,Up,0.0005
1590,2024-12-12 14:10:00,Low,HL,70.15,-0.03999999999999204,-0.0005698817495368713,Down,0.0005
1591,2024-12-12 14:11:00,High,HH,70.2,0.04999999999999716,0.0007127583749109156,Up,0.0005
1592,2024-12-12 14:12:00,Low,LL,69.98,-0.21999999999999886,-0.0031339031339031598,Down,0.0005
1593,2024-12-12 14:15:00,High,LH,70.06,0.0799999999999983,0.0011431837667905675,Up,0.0005
1594,2024-12-12 14:17:00,Low,HL,70.01,-0.04999999999999716,-0.0007136739937195768,Down,0.0005
1595,2024-12-12 14:20:00,High,HH,70.06,0.04999999999999716,0.0007141836880444341,Up,0.0005
1596,2024-12-12 14:21:00,Low,HL,70.02,-0.04000000000000625,-0.0005709391949758613,Down,0.0005
1597,2024-12-12 14:25:00,High,HH,70.1,0.0799999999999983,0.0011425307055126233,Up,0.0005
1598,2024-12-12 14:29:00,Low,LL,70.0,-0.09999999999999432,-0.0014265335235377208,Down,0.0005
1599,2024-12-12 14:33:00,High,HH,70.17,0.1700000000000017,0.0024285714285714466,Up,0.0005
1600,2024-12-12 14:37:00,Low,HL,70.11,-0.060000000000002274,-0.0008550662676357623,Down,0.0005
1601,2024-12-12 14:55:00,High,HH,70.26,0.15000000000000568,0.0021394950791613354,Up,0.0005
1602,2024-12-12 15:00:00,Low,HL,70.18,-0.0799999999999983,-0.001138627953316207,Down,0.0005
1603,2024-12-12 15:28:00,High,HH,70.27,0.0899999999999892,0.0012824166429179495,Up,0.0005
1604,2024-12-12 15:42:00,Low,HL,70.19,-0.0799999999999983,-0.0011384659171765898,Down,0.0005
1605,2024-12-12 15:46:00,High,LH,70.24,0.04999999999999716,0.0007123521869212279,Up,0.0005
1606,2024-12-12 15:56:00,Low,LL,70.11,-0.12999999999999545,-0.0018507972665147143,Down,0.0005
1607,2024-12-12 16:01:00,High,LH,70.17,0.060000000000002274,0.0008557980316645786,Up,0.0005
1608,2024-12-12 16:58:00,Low,LL,70.0,-0.1700000000000017,-0.002422687758301345,Down,0.0005
1609,2024-12-12 18:00:00,High,LH,70.04,0.04000000000000625,0.0005714285714286671,Up,0.0005
1610,2024-12-12 18:31:00,Low,LL,69.87,-0.1700000000000017,-0.0024271844660194164,Down,0.0005
1611,2024-12-12 18:47:00,High,LH,69.95,0.0799999999999983,0.001144983540861677,Up,0.0005
1612,2024-12-12 18:54:00,Low,HL,69.91,-0.04000000000000625,-0.0005718370264475858,Down,0.0005
1613,2024-12-12 19:02:00,High,HH,69.96,0.04999999999999716,0.0007152052639107787,Up,0.0005
1614,2024-12-12 19:49:00,Low,LL,69.89,-0.06999999999999318,-0.0010005717552886706,Down,0.0005
1615,2024-12-12 20:00:00,High,HH,69.99,0.09999999999999432,0.001430819859779664,Up,0.0005
1616,2024-12-12 20:04:00,Low,HL,69.93,-0.05999999999998806,-0.0008572653236175176,Down,0.0005
1617,2024-12-12 20:11:00,High,HH,70.02,0.0899999999999892,0.0012870012870012104,Up,0.0005
1618,2024-12-12 20:24:00,Low,HL,69.95,-0.06999999999999318,-0.0009997143673234898,Down,0.0005
1619,2024-12-12 20:31:00,High,LH,70.01,0.060000000000002274,0.0008577555396711567,Up,0.0005
1620,2024-12-12 20:37:00,Low,LL,69.93,-0.0799999999999983,-0.0011426939008712944,Down,0.0005
1621,2024-12-12 21:06:00,High,HH,70.05,0.11999999999999034,0.0017160017160016139,Up,0.0005
1622,2024-12-12 21:25:00,Low,HL,69.98,-0.06999999999999318,-0.000999286224125484,Down,0.0005
1623,2024-12-12 21:44:00,High,HH,70.08,0.09999999999999432,0.0014289797084880984,Up,0.0005
1624,2024-12-12 21:58:00,Low,HL,70.0,-0.0799999999999983,-0.0011415525114154557,Down,0.0005
1625,2024-12-12 22:01:00,High,LH,70.05,0.04999999999999716,0.0007142857142856673,Up,0.0005
1626,2024-12-12 22:14:00,Low,LL,69.98,-0.06999999999999318,-0.000999286224125484,Down,0.0005
1627,2024-12-12 22:38:00,High,HH,70.06,0.0799999999999983,0.0011431837667905675,Up,0.0005
1628,2024-12-12 23:00:00,Low,HL,70.01,-0.04999999999999716,-0.0007136739937195768,Down,0.0005
1629,2024-12-12 23:11:00,High,HH,70.14,0.12999999999999545,0.0018568775889158395,Up,0.0005
1630,2024-12-12 23:19:00,Low,HL,70.07,-0.07000000000000739,-0.0009980039920161055,Down,0.0005
1631,2024-12-12 23:50:00,High,HH,70.14,0.07000000000000739,0.0009990009990010762,Up,0.0005
1632,2024-12-13 00:20:00,Low,LL,69.98,-0.1599999999999966,-0.0022811519817507175,Down,0.0005
1633,2024-12-13 00:31:00,High,LH,70.06,0.0799999999999983,0.0011431837667905675,Up,0.0005
1634,2024-12-13 00:38:00,Low,HL,70.02,-0.04000000000000625,-0.0005709391949758613,Down,0.0005
1635,2024-12-13 01:24:00,High,HH,70.11,0.09000000000000341,0.0012853470437017567,Up,0.0005
1636,2024-12-13 01:37:00,Low,HL,70.03,-0.0799999999999983,-0.001141064042219364,Down,0.0005
1637,2024-12-13 01:59:00,High,HH,70.14,0.10999999999999943,0.0015707553905468519,Up,0.0005
1638,2024-12-13 02:10:00,Low,LL,70.02,-0.12000000000000455,-0.0017108639863131492,Down,0.0005
1639,2024-12-13 02:14:00,High,LH,70.11,0.09000000000000341,0.0012853470437017567,Up,0.0005
1640,2024-12-13 02:16:00,Low,HL,70.07,-0.04000000000000625,-0.0005705320211097931,Down,0.0005
1641,2024-12-13 02:49:00,High,HH,70.35,0.28000000000000114,0.003996003996004083,Up,0.0005
1642,2024-12-13 02:53:00,Low,HL,70.31,-0.03999999999999204,-0.0005685856432123826,Down,0.0005
1643,2024-12-13 02:58:00,High,HH,70.35,0.03999999999999204,0.0005689091167684346,Up,0.0005
1644,2024-12-13 03:06:00,Low,LL,70.23,-0.11999999999999034,-0.0017057569296373698,Down,0.0005
1645,2024-12-13 03:14:00,High,LH,70.27,0.03999999999999204,0.0005695571693007384,Up,0.0005
1646,2024-12-13 03:22:00,Low,LL,70.19,-0.0799999999999983,-0.0011384659171765898,Down,0.0005
1647,2024-12-13 03:23:00,High,LH,70.24,0.04999999999999716,0.0007123521869212279,Up,0.0005
1648,2024-12-13 03:31:00,Low,LL,70.16,-0.0799999999999983,-0.001138952164009055,Down,0.0005
1649,2024-12-13 03:32:00,High,LH,70.21,0.04999999999999716,0.0007126567844926157,Up,0.0005
1650,2024-12-13 03:35:00,Low,HL,70.17,-0.03999999999999204,-0.0005697194131888406,Down,0.0005
1651,2024-12-13 03:37:00,High,HH,70.22,0.04999999999999716,0.0007125552230298204,Up,0.0005
1652,2024-12-13 03:44:00,Low,LL,70.16,-0.060000000000002274,-0.0008544574195386012,Down,0.0005
1653,2024-12-13 03:45:00,High,LH,70.21,0.04999999999999716,0.0007126567844926157,Up,0.0005
1654,2024-12-13 03:50:00,Low,LL,70.1,-0.10999999999999943,-0.0015667283862697001,Down,0.0005
1655,2024-12-13 03:54:00,High,LH,70.19,0.09000000000000341,0.001283880171184082,Up,0.0005
1656,2024-12-13 03:59:00,Low,LL,70.04,-0.14999999999999147,-0.0021370565607635728,Down,0.0005
1657,2024-12-13 04:00:00,High,LH,70.12,0.0799999999999983,0.0011422044545974508,Up,0.0005
1658,2024-12-13 04:03:00,Low,LL,69.98,-0.14000000000000057,-0.0019965772960639505,Down,0.0005
1659,2024-12-13 04:13:00,High,HH,70.15,0.1700000000000017,0.0024292655044297895,Up,0.0005
1660,2024-12-13 04:17:00,Low,HL,70.1,-0.05000000000001137,-0.0007127583749110267,Down,0.0005
1661,2024-12-13 04:34:00,High,HH,70.36,0.2600000000000051,0.003708987161198385,Up,0.0005
1662,2024-12-13 04:39:00,Low,HL,70.3,-0.060000000000002274,-0.0008527572484366974,Down,0.0005
1663,2024-12-13 04:52:00,High,HH,70.46,0.1599999999999966,0.002275960170696978,Up,0.0005
1664,2024-12-13 04:57:00,Low,HL,70.36,-0.09999999999999432,-0.0014192449616803327,Down,0.0005
1665,2024-12-13 05:20:00,High,HH,70.65,0.29000000000000625,0.004121660034110297,Up,0.0005
1666,2024-12-13 05:26:00,Low,HL,70.58,-0.07000000000000739,-0.0009907997169145144,Down,0.0005
1667,2024-12-13 05:40:00,High,HH,70.66,0.0799999999999983,0.0011334655709831498,Up,0.0005
1668,2024-12-13 05:42:00,Low,HL,70.61,-0.04999999999999716,-0.0007076139258420655,Down,0.0005
1669,2024-12-13 05:50:00,High,HH,70.77,0.1599999999999966,0.0022659679932020005,Up,0.0005
1670,2024-12-13 05:53:00,Low,HL,70.72,-0.04999999999999716,-0.000706514059629737,Down,0.0005
1671,2024-12-13 06:04:00,High,HH,70.89,0.1700000000000017,0.0024038461538462563,Up,0.0005
1672,2024-12-13 06:09:00,Low,HL,70.84,-0.04999999999999716,-0.0007053180984624152,Down,0.0005
1673,2024-12-13 06:17:00,High,HH,70.91,0.06999999999999318,0.0009881422924900019,Up,0.0005
1674,2024-12-13 06:28:00,Low,LL,70.8,-0.10999999999999943,-0.001551262163305589,Down,0.0005
1675,2024-12-13 06:30:00,High,LH,70.84,0.04000000000000625,0.0005649717514124575,Up,0.0005
1676,2024-12-13 06:40:00,Low,LL,70.64,-0.20000000000000284,-0.0028232636928289256,Down,0.0005
1677,2024-12-13 06:42:00,High,LH,70.68,0.04000000000000625,0.0005662514156286047,Up,0.0005
1678,2024-12-13 06:45:00,Low,HL,70.64,-0.04000000000000625,-0.0005659309564234327,Down,0.0005
1679,2024-12-13 06:56:00,High,HH,70.72,0.0799999999999983,0.0011325028312569874,Up,0.0005
1680,2024-12-13 07:14:00,Low,LL,70.59,-0.12999999999999545,-0.0018382352941175295,Down,0.0005
1681,2024-12-13 07:21:00,High,LH,70.65,0.060000000000002274,0.0008499787505311662,Up,0.0005
1682,2024-12-13 07:32:00,Low,LL,70.46,-0.19000000000001194,-0.0026893135173391425,Down,0.0005
1683,2024-12-13 07:46:00,High,LH,70.6,0.14000000000000057,0.001986942946352599,Up,0.0005
1684,2024-12-13 07:57:00,Low,LL,70.39,-0.20999999999999375,-0.0029745042492916873,Down,0.0005
1685,2024-12-13 08:00:00,High,LH,70.44,0.04999999999999716,0.0007103281716152043,Up,0.0005
1686,2024-12-13 08:10:00,Low,LL,70.28,-0.1599999999999966,-0.0022714366837024436,Down,0.0005
1687,2024-12-13 08:11:00,High,LH,70.32,0.03999999999999204,0.0005691519635742104,Up,0.0005
1688,2024-12-13 08:17:00,Low,LL,70.25,-0.06999999999999318,-0.0009954493742888593,Down,0.0005
1689,2024-12-13 08:18:00,High,LH,70.29,0.04000000000000625,0.000569395017793628,Up,0.0005
1690,2024-12-13 08:20:00,Low,HL,70.25,-0.04000000000000625,-0.0005690709916063019,Down,0.0005
1691,2024-12-13 08:28:00,High,HH,70.44,0.18999999999999773,0.002704626334519622,Up,0.0005
1692,2024-12-13 08:30:00,Low,HL,70.37,-0.06999999999999318,-0.0009937535491196803,Down,0.0005
1693,2024-12-13 08:44:00,High,HH,70.51,0.14000000000000057,0.0019894841551797438,Up,0.0005
1694,2024-12-13 08:51:00,Low,LL,70.35,-0.1600000000000108,-0.002269181676358145,Down,0.0005
1695,2024-12-13 08:53:00,High,LH,70.48,0.13000000000000966,0.0018479033404408263,Up,0.0005
1696,2024-12-13 09:00:00,Low,LL,70.3,-0.18000000000000682,-0.0025539160045403575,Down,0.0005
1697,2024-12-13 09:03:00,High,LH,70.38,0.0799999999999983,0.001137980085348378,Up,0.0005
1698,2024-12-13 09:06:00,Low,LL,70.25,-0.12999999999999545,-0.0018471156578573344,Down,0.0005
1699,2024-12-13 09:23:00,High,HH,70.52,0.269999999999996,0.003843416370106656,Up,0.0005
1700,2024-12-13 09:25:00,Low,HL,70.46,-0.060000000000002274,-0.0008508224617129745,Down,0.0005
1701,2024-12-13 09:31:00,High,HH,70.67,0.21000000000000796,0.0029804144195288984,Up,0.0005
1702,2024-12-13 09:36:00,Low,HL,70.5,-0.1700000000000017,-0.0024055469081647463,Down,0.0005
1703,2024-12-13 09:47:00,High,HH,70.71,0.20999999999999375,0.0029787234042553123,Up,0.0005
1704,2024-12-13 09:48:00,Low,HL,70.66,-0.04999999999999716,-0.0007071135624381331,Down,0.0005
1705,2024-12-13 09:53:00,High,HH,70.78,0.12000000000000455,0.0016982734220210016,Up,0.0005
1706,2024-12-13 10:01:00,Low,LL,70.53,-0.25,-0.0035320712065555204,Down,0.0005
1707,2024-12-13 10:06:00,High,LH,70.62,0.09000000000000341,0.0012760527435133895,Up,0.0005
1708,2024-12-13 10:07:00,Low,HL,70.57,-0.05000000000001137,-0.0007080147267064518,Down,0.0005
1709,2024-12-13 10:15:00,High,HH,70.71,0.14000000000000057,0.001983845826838637,Up,0.0005
1710,2024-12-13 10:20:00,Low,HL,70.59,-0.11999999999999034,-0.0016970725498514083,Down,0.0005
1711,2024-12-13 10:22:00,High,LH,70.66,0.06999999999999318,0.000991641875619731,Up,0.0005
1712,2024-12-13 10:28:00,Low,LL,70.46,-0.20000000000000284,-0.002830455703368262,Down,0.0005
1713,2024-12-13 10:42:00,High,HH,70.81,0.3500000000000085,0.004967357365881497,Up,0.0005
1714,2024-12-13 10:45:00,Low,HL,70.77,-0.04000000000000625,-0.0005648919644118955,Down,0.0005
1715,2024-12-13 10:47:00,High,HH,70.82,0.04999999999999716,0.000706514059629848,Up,0.0005
1716,2024-12-13 10:51:00,Low,LL,70.71,-0.10999999999999943,-0.0015532335498447125,Down,0.0005
1717,2024-12-13 10:56:00,High,HH,70.88,0.1700000000000017,0.0024041861122896524,Up,0.0005
1718,2024-12-13 11:02:00,Low,HL,70.79,-0.0899999999999892,-0.0012697516930021413,Down,0.0005
1719,2024-12-13 11:05:00,High,HH,70.89,0.09999999999999432,0.0014126289023872474,Up,0.0005
1720,2024-12-13 11:13:00,Low,LL,70.71,-0.18000000000000682,-0.002539145154464739,Down,0.0005
1721,2024-12-13 11:22:00,High,LH,70.82,0.10999999999999943,0.0015556498373638927,Up,0.0005
1722,2024-12-13 11:25:00,Low,HL,70.71,-0.10999999999999943,-0.0015532335498447125,Down,0.0005
1723,2024-12-13 11:29:00,High,HH,70.89,0.18000000000000682,0.002545608824777279,Up,0.0005
1724,2024-12-13 11:32:00,Low,HL,70.85,-0.04000000000000625,-0.0005642544787700654,Down,0.0005
1725,2024-12-13 11:33:00,High,HH,70.95,0.10000000000000853,0.0014114326040932657,Up,0.0005
1726,2024-12-13 11:35:00,Low,HL,70.89,-0.060000000000002274,-0.0008456659619450191,Down,0.0005
1727,2024-12-13 11:37:00,High,HH,71.0,0.10999999999999943,0.0015516998166171803,Up,0.0005
1728,2024-12-13 11:48:00,Low,HL,70.94,-0.060000000000002274,-0.0008450704225352323,Down,0.0005
1729,2024-12-13 12:04:00,High,HH,71.19,0.25,0.0035241048773611006,Up,0.0005
1730,2024-12-13 12:09:00,Low,HL,71.12,-0.06999999999999318,-0.000983284169124743,Down,0.0005
1731,2024-12-13 12:13:00,High,HH,71.22,0.09999999999999432,0.0014060742407198124,Up,0.0005
1732,2024-12-13 12:16:00,Low,LL,71.04,-0.1799999999999926,-0.002527379949452291,Down,0.0005
1733,2024-12-13 12:21:00,High,LH,71.13,0.0899999999999892,0.0012668918918916638,Up,0.0005
1734,2024-12-13 12:23:00,Low,HL,71.09,-0.03999999999999204,-0.000562350625614938,Down,0.0005
1735,2024-12-13 12:34:00,High,HH,71.27,0.1799999999999926,0.002532001688001051,Up,0.0005
1736,2024-12-13 12:39:00,Low,HL,71.21,-0.060000000000002274,-0.000841868949067015,Down,0.0005
1737,2024-12-13 12:44:00,High,LH,71.25,0.04000000000000625,0.0005617188597109024,Up,0.0005
1738,2024-12-13 12:51:00,Low,LL,71.16,-0.09000000000000341,-0.001263157894736855,Down,0.0005
1739,2024-12-13 12:53:00,High,LH,71.2,0.04000000000000625,0.0005621135469364713,Up,0.0005
1740,2024-12-13 13:00:00,Low,LL,71.12,-0.0799999999999983,-0.0011235955056179137,Down,0.0005
1741,2024-12-13 13:29:00,High,HH,71.36,0.23999999999999488,0.003374578177727683,Up,0.0005
1742,2024-12-13 13:33:00,Low,HL,71.24,-0.12000000000000455,-0.0016816143497758729,Down,0.0005
1743,2024-12-13 13:40:00,High,LH,71.32,0.0799999999999983,0.001122964626614209,Up,0.0005
1744,2024-12-13 13:42:00,Low,HL,71.26,-0.05999999999998806,-0.0008412787436902214,Down,0.0005
1745,2024-12-13 13:45:00,High,LH,71.3,0.03999999999999204,0.0005613247263540622,Up,0.0005
1746,2024-12-13 13:49:00,Low,HL,71.26,-0.03999999999999204,-0.0005610098176717093,Down,0.0005
1747,2024-12-13 13:55:00,High,HH,71.32,0.05999999999998806,0.0008419870895310932,Up,0.0005
1748,2024-12-13 14:01:00,Low,LL,71.21,-0.10999999999999943,-0.0015423443634323686,Down,0.0005
1749,2024-12-13 14:04:00,High,LH,71.26,0.05000000000001137,0.0007021485746385725,Up,0.0005
1750,2024-12-13 14:06:00,Low,LL,71.19,-0.07000000000000739,-0.0009823182711199419,Down,0.0005
1751,2024-12-13 14:12:00,High,HH,71.31,0.12000000000000455,0.001685630004214067,Up,0.0005
1752,2024-12-13 14:13:00,Low,HL,71.27,-0.04000000000000625,-0.0005609311457019928,Down,0.0005
1753,2024-12-13 14:24:00,High,HH,71.35,0.0799999999999983,0.0011224919320891313,Up,0.0005
1754,2024-12-13 14:30:00,Low,HL,71.29,-0.05999999999998806,-0.0008409250175190897,Down,0.0005
1755,2024-12-13 14:32:00,High,HH,71.4,0.10999999999999943,0.0015429934072099805,Up,0.0005
1756,2024-12-13 15:01:00,Low,LL,71.16,-0.2400000000000091,-0.003361344537815225,Down,0.0005
1757,2024-12-13 15:08:00,High,LH,71.22,0.060000000000002274,0.000843170320404818,Up,0.0005
1758,2024-12-13 15:12:00,Low,LL,71.12,-0.09999999999999432,-0.001404099971917927,Down,0.0005
1759,2024-12-13 15:29:00,High,HH,71.23,0.10999999999999943,0.0015466816647919934,Up,0.0005
1760,2024-12-13 15:35:00,Low,HL,71.18,-0.04999999999999716,-0.0007019514249613223,Down,0.0005
1761,2024-12-13 15:44:00,High,HH,71.23,0.04999999999999716,0.000702444506883948,Up,0.0005
1762,2024-12-13 16:00:00,Low,LL,71.12,-0.10999999999999943,-0.001544293134915109,Down,0.0005
1763,2024-12-13 16:09:00,High,LH,71.21,0.0899999999999892,0.0012654668166478533,Up,0.0005
1764,2024-12-13 16:30:00,Low,LL,71.06,-0.14999999999999147,-0.0021064457239150514,Down,0.0005
1765,2024-12-13 16:41:00,High,LH,71.14,0.0799999999999983,0.0011258091753447719,Up,0.0005
1766,2024-12-13 16:56:00,Low,LL,71.05,-0.09000000000000341,-0.0012651110486365802,Down,0.0005
1767,2024-12-15 18:00:00,High,HH,71.17,0.12000000000000455,0.001688951442646136,Up,0.0005
1768,2024-12-15 18:09:00,Low,LL,71.03,-0.14000000000000057,-0.001967120977940162,Down,0.0005
1769,2024-12-15 18:10:00,High,LH,71.07,0.03999999999999204,0.000563142334224942,Up,0.0005
1770,2024-12-15 18:14:00,Low,LL,71.02,-0.04999999999999716,-0.0007035317292809484,Down,0.0005
1771,2024-12-15 18:16:00,High,HH,71.09,0.07000000000000739,0.0009856378484935924,Up,0.0005
1772,2024-12-15 18:18:00,Low,HL,71.05,-0.04000000000000625,-0.0005626670417780977,Down,0.0005
1773,2024-12-15 18:39:00,High,HH,71.19,0.14000000000000057,0.0019704433497536034,Up,0.0005
1774,2024-12-15 19:00:00,Low,HL,71.09,-0.09999999999999432,-0.0014046916701783152,Down,0.0005
1775,2024-12-15 19:13:00,High,LH,71.14,0.04999999999999716,0.0007033338022224278,Up,0.0005
1776,2024-12-15 19:51:00,Low,LL,71.01,-0.12999999999999545,-0.0018273826258081716,Down,0.0005
1777,2024-12-15 20:01:00,High,LH,71.06,0.04999999999999716,0.0007041261794114018,Up,0.0005
1778,2024-12-15 20:18:00,Low,LL,70.95,-0.10999999999999943,-0.001547987616099089,Down,0.0005
1779,2024-12-15 20:26:00,High,HH,71.07,0.11999999999999034,0.0016913319238900382,Up,0.0005
1780,2024-12-15 20:33:00,Low,HL,70.98,-0.0899999999999892,-0.0012663571127056183,Down,0.0005
1781,2024-12-15 20:36:00,High,LH,71.02,0.03999999999999204,0.0005635390250773309,Up,0.0005
1782,2024-12-15 20:41:00,Low,LL,70.97,-0.04999999999999716,-0.0007040270346381217,Down,0.0005
1783,2024-12-15 20:59:00,High,HH,71.1,0.12999999999999545,0.0018317598985486683,Up,0.0005
1784,2024-12-15 21:17:00,Low,HL,71.03,-0.06999999999999318,-0.000984528832630005,Down,0.0005
1785,2024-12-15 21:24:00,High,LH,71.08,0.04999999999999716,0.0007039279177811775,Up,0.0005
1786,2024-12-15 21:26:00,Low,LL,70.95,-0.12999999999999545,-0.00182892515475519,Down,0.0005
1787,2024-12-15 21:46:00,High,LH,71.06,0.10999999999999943,0.0015503875968991832,Up,0.0005
1788,2024-12-15 22:09:00,Low,LL,70.91,-0.15000000000000568,-0.002110892203771586,Down,0.0005
1789,2024-12-15 22:16:00,High,LH,70.98,0.07000000000000739,0.000987166831194486,Up,0.0005
1790,2024-12-15 22:26:00,Low,HL,70.91,-0.07000000000000739,-0.0009861932938857176,Down,0.0005
1791,2024-12-15 22:29:00,High,LH,70.96,0.04999999999999716,0.0007051191651388233,Up,0.0005
1792,2024-12-15 22:34:00,Low,HL,70.91,-0.04999999999999716,-0.0007046223224351778,Down,0.0005
1793,2024-12-15 22:49:00,High,HH,70.97,0.060000000000002274,0.0008461429981667656,Up,0.0005
1794,2024-12-15 23:06:00,Low,HL,70.93,-0.03999999999999204,-0.0005636184303225988,Down,0.0005
1795,2024-12-15 23:37:00,High,HH,71.0,0.06999999999999318,0.0009868884816015555,Up,0.0005
1796,2024-12-16 00:01:00,Low,LL,70.87,-0.12999999999999545,-0.001830985915492911,Down,0.0005
1797,2024-12-16 00:06:00,High,LH,70.92,0.04999999999999716,0.0007055171440666363,Up,0.0005
1798,2024-12-16 00:55:00,Low,LL,70.81,-0.10999999999999943,-0.0015510434292159703,Down,0.0005
1799,2024-12-16 01:04:00,High,LH,70.86,0.04999999999999716,0.0007061149555147583,Up,0.0005
1800,2024-12-16 01:13:00,Low,LL,70.79,-0.06999999999999318,-0.0009878633926050373,Down,0.0005
1801,2024-12-16 01:16:00,High,LH,70.84,0.04999999999999716,0.0007063144511936237,Up,0.0005
1802,2024-12-16 01:26:00,Low,HL,70.8,-0.04000000000000625,-0.000564652738565874,Down,0.0005
1803,2024-12-16 01:35:00,High,HH,70.94,0.14000000000000057,0.001977401129943601,Up,0.0005
1804,2024-12-16 01:52:00,Low,HL,70.82,-0.12000000000000455,-0.0016915703411334304,Down,0.0005
1805,2024-12-16 01:57:00,High,LH,70.93,0.11000000000001364,0.0015532335498449346,Up,0.0005
1806,2024-12-16 02:03:00,Low,HL,70.87,-0.060000000000002274,-0.0008459044128014126,Down,0.0005
1807,2024-12-16 02:09:00,High,HH,70.95,0.0799999999999983,0.0011288274305065737,Up,0.0005
1808,2024-12-16 02:12:00,Low,HL,70.89,-0.060000000000002274,-0.0008456659619450191,Down,0.0005
1809,2024-12-16 02:24:00,High,HH,70.96,0.06999999999999318,0.000987445337847337,Up,0.0005
1810,2024-12-16 02:26:00,Low,HL,70.91,-0.04999999999999716,-0.0007046223224351778,Down,0.0005
1811,2024-12-16 02:36:00,High,HH,71.03,0.12000000000000455,0.0016922859963335313,Up,0.0005
1812,2024-12-16 02:50:00,Low,LL,70.88,-0.15000000000000568,-0.0021117837533437545,Down,0.0005
1813,2024-12-16 02:59:00,High,LH,70.95,0.07000000000000739,0.0009875846501130603,Up,0.0005
1814,2024-12-16 03:00:00,Low,HL,70.91,-0.04000000000000625,-0.0005637773079634201,Down,0.0005
1815,2024-12-16 03:07:00,High,HH,71.02,0.10999999999999943,0.001551262163305589,Up,0.0005
1816,2024-12-16 03:17:00,Low,HL,70.94,-0.0799999999999983,-0.0011264432554209947,Down,0.0005
1817,2024-12-16 03:22:00,High,HH,71.03,0.09000000000000341,0.001268677755850156,Up,0.0005
1818,2024-12-16 03:34:00,Low,LL,70.8,-0.23000000000000398,-0.0032380684217936384,Down,0.0005
1819,2024-12-16 03:35:00,High,LH,70.85,0.04999999999999716,0.0007062146892655718,Up,0.0005
1820,2024-12-16 03:36:00,Low,HL,70.81,-0.03999999999999204,-0.0005645730416371508,Down,0.0005
1821,2024-12-16 03:40:00,High,HH,70.87,0.060000000000002274,0.0008473379466178432,Up,0.0005
1822,2024-12-16 03:51:00,Low,LL,70.64,-0.23000000000000398,-0.0032453788627063718,Down,0.0005
1823,2024-12-16 03:52:00,High,LH,70.68,0.04000000000000625,0.0005662514156286047,Up,0.0005
1824,2024-12-16 03:59:00,Low,LL,70.61,-0.07000000000000739,-0.0009903791737408962,Down,0.0005
1825,2024-12-16 04:02:00,High,HH,70.7,0.09000000000000341,0.0012746069961762085,Up,0.0005
1826,2024-12-16 04:04:00,Low,HL,70.64,-0.060000000000002274,-0.0008486562942008335,Down,0.0005
1827,2024-12-16 04:05:00,High,LH,70.69,0.04999999999999716,0.0007078142695355893,Up,0.0005
1828,2024-12-16 04:09:00,Low,LL,70.61,-0.0799999999999983,-0.001131701796576623,Down,0.0005
1829,2024-12-16 04:11:00,High,LH,70.66,0.04999999999999716,0.0007081149978755974,Up,0.0005
1830,2024-12-16 04:15:00,Low,LL,70.55,-0.10999999999999943,-0.0015567506368525663,Down,0.0005
1831,2024-12-16 04:18:00,High,LH,70.64,0.09000000000000341,0.0012756909992912568,Up,0.0005
1832,2024-12-16 04:23:00,Low,HL,70.56,-0.0799999999999983,-0.0011325028312570984,Down,0.0005
1833,2024-12-16 04:27:00,High,HH,70.64,0.0799999999999983,0.0011337868480725266,Up,0.0005
1834,2024-12-16 04:31:00,Low,HL,70.6,-0.04000000000000625,-0.0005662514156286047,Down,0.0005
1835,2024-12-16 04:33:00,High,HH,70.69,0.09000000000000341,0.0012747875354108817,Up,0.0005
1836,2024-12-16 04:47:00,Low,LL,70.53,-0.1599999999999966,-0.002263403593153135,Down,0.0005
1837,2024-12-16 04:50:00,High,LH,70.62,0.09000000000000341,0.0012760527435133895,Up,0.0005
1838,2024-12-16 04:55:00,Low,HL,70.57,-0.05000000000001137,-0.0007080147267064518,Down,0.0005
1839,2024-12-16 04:56:00,High,LH,70.61,0.04000000000000625,0.0005668130933824678,Up,0.0005
1840,2024-12-16 04:59:00,Low,LL,70.52,-0.09000000000000341,-0.0012746069961762085,Down,0.0005
1841,2024-12-16 05:00:00,High,LH,70.59,0.07000000000000739,0.0009926262053319146,Up,0.0005
1842,2024-12-16 05:02:00,Low,HL,70.55,-0.04000000000000625,-0.0005666525003542588,Down,0.0005
1843,2024-12-16 05:03:00,High,HH,70.61,0.060000000000002274,0.0008504606661943193,Up,0.0005
1844,2024-12-16 05:06:00,Low,HL,70.57,-0.04000000000000625,-0.0005664919983006111,Down,0.0005
1845,2024-12-16 05:10:00,High,HH,70.72,0.15000000000000568,0.002125549100184365,Up,0.0005
1846,2024-12-16 05:30:00,Low,HL,70.6,-0.12000000000000455,-0.0016968325791856254,Down,0.0005
1847,2024-12-16 05:32:00,High,LH,70.65,0.05000000000001137,0.0007082152974506872,Up,0.0005
1848,2024-12-16 05:39:00,Low,LL,70.52,-0.13000000000000966,-0.0018400566171268284,Down,0.0005
1849,2024-12-16 05:48:00,High,LH,70.64,0.12000000000000455,0.001701644923425949,Up,0.0005
1850,2024-12-16 05:54:00,Low,LL,70.5,-0.14000000000000057,-0.0019818799546998944,Down,0.0005
1851,2024-12-16 06:00:00,High,LH,70.55,0.04999999999999716,0.0007092198581559739,Up,0.0005
1852,2024-12-16 06:17:00,Low,LL,70.38,-0.1700000000000017,-0.002409638554216942,Down,0.0005
1853,2024-12-16 06:45:00,High,HH,70.59,0.21000000000000796,0.0029838022165389333,Up,0.0005
1854,2024-12-16 07:09:00,Low,HL,70.41,-0.18000000000000682,-0.0025499362515938317,Down,0.0005
1855,2024-12-16 07:24:00,High,HH,70.63,0.21999999999999886,0.0031245561709984937,Up,0.0005
1856,2024-12-16 07:25:00,Low,HL,70.57,-0.060000000000002274,-0.0008494973807164907,Down,0.0005
1857,2024-12-16 07:40:00,High,HH,70.67,0.10000000000000853,0.0014170327334561694,Up,0.0005
1858,2024-12-16 07:46:00,Low,HL,70.6,-0.07000000000000739,-0.0009905193151267255,Down,0.0005
1859,2024-12-16 07:49:00,High,LH,70.64,0.04000000000000625,0.0005665722379604166,Up,0.0005
1860,2024-12-16 07:54:00,Low,HL,70.6,-0.04000000000000625,-0.0005662514156286047,Down,0.0005
1861,2024-12-16 08:06:00,High,HH,70.74,0.14000000000000057,0.001983002832861125,Up,0.0005
1862,2024-12-16 08:10:00,Low,HL,70.67,-0.06999999999999318,-0.0009895391574780144,Down,0.0005
1863,2024-12-16 08:16:00,High,HH,70.74,0.06999999999999318,0.0009905193151265035,Up,0.0005
1864,2024-12-16 08:23:00,Low,HL,70.69,-0.04999999999999716,-0.0007068136839128991,Down,0.0005
1865,2024-12-16 08:27:00,High,HH,70.78,0.09000000000000341,0.001273164521148784,Up,0.0005
1866,2024-12-16 08:33:00,Low,LL,70.62,-0.1599999999999966,-0.002260525572195471,Down,0.0005
1867,2024-12-16 08:44:00,High,LH,70.76,0.14000000000000057,0.0019824412347777542,Up,0.0005
1868,2024-12-16 08:48:00,Low,HL,70.69,-0.07000000000000739,-0.000989259468626491,Down,0.0005
1869,2024-12-16 08:51:00,High,HH,70.82,0.12999999999999545,0.0018390154194369845,Up,0.0005
1870,2024-12-16 08:53:00,Low,HL,70.78,-0.03999999999999204,-0.0005648121999434208,Down,0.0005
1871,2024-12-16 08:55:00,High,HH,70.82,0.03999999999999204,0.0005651313930488122,Up,0.0005
1872,2024-12-16 09:00:00,Low,LL,70.77,-0.04999999999999716,-0.0007060152499293038,Down,0.0005
1873,2024-12-16 09:01:00,High,HH,70.9,0.13000000000000966,0.0018369365550374717,Up,0.0005
1874,2024-12-16 09:03:00,Low,HL,70.84,-0.060000000000002274,-0.0008462623413258985,Down,0.0005
1875,2024-12-16 09:04:00,High,HH,70.9,0.060000000000002274,0.0008469791078486999,Up,0.0005
1876,2024-12-16 09:05:00,Low,LL,70.83,-0.07000000000000739,-0.000987306064880178,Down,0.0005
1877,2024-12-16 09:07:00,High,HH,70.9,0.07000000000000739,0.000988281801496571,Up,0.0005
1878,2024-12-16 09:08:00,Low,HL,70.86,-0.04000000000000625,-0.0005641748942173397,Down,0.0005
1879,2024-12-16 09:21:00,High,HH,71.1,0.23999999999999488,0.003386960203217493,Up,0.0005
1880,2024-12-16 09:25:00,Low,HL,71.01,-0.0899999999999892,-0.0012658227848100223,Down,0.0005
1881,2024-12-16 09:29:00,High,LH,71.05,0.03999999999999204,0.000563300943529077,Up,0.0005
1882,2024-12-16 09:32:00,Low,LL,70.92,-0.12999999999999545,-0.0018296973961997587,Down,0.0005
1883,2024-12-16 09:35:00,High,HH,71.06,0.14000000000000057,0.001974055273547659,Up,0.0005
1884,2024-12-16 09:37:00,Low,HL,70.95,-0.10999999999999943,-0.001547987616099089,Down,0.0005
1885,2024-12-16 09:41:00,High,HH,71.07,0.11999999999999034,0.0016913319238900382,Up,0.0005
1886,2024-12-16 09:52:00,Low,LL,70.85,-0.21999999999999886,-0.0030955396088363507,Down,0.0005
1887,2024-12-16 09:53:00,High,LH,70.92,0.07000000000000739,0.0009880028228652638,Up,0.0005
1888,2024-12-16 10:00:00,Low,LL,70.77,-0.15000000000000568,-0.002115059221658333,Down,0.0005
1889,2024-12-16 10:13:00,High,HH,71.08,0.3100000000000023,0.004380387169704791,Up,0.0005
1890,2024-12-16 10:22:00,Low,HL,71.0,-0.0799999999999983,-0.0011254924029262536,Down,0.0005
1891,2024-12-16 10:24:00,High,HH,71.1,0.09999999999999432,0.0014084507042253502,Up,0.0005
1892,2024-12-16 10:26:00,Low,HL,71.06,-0.03999999999999204,-0.0005625879043599236,Down,0.0005
1893,2024-12-16 10:30:00,High,HH,71.17,0.10999999999999943,0.001547987616099089,Up,0.0005
1894,2024-12-16 10:31:00,Low,HL,71.09,-0.0799999999999983,-0.001124069130251537,Down,0.0005
1895,2024-12-16 10:34:00,High,LH,71.14,0.04999999999999716,0.0007033338022224278,Up,0.0005
1896,2024-12-16 10:40:00,Low,LL,70.92,-0.21999999999999886,-0.0030924936744447518,Down,0.0005
1897,2024-12-16 10:49:00,High,LH,71.06,0.14000000000000057,0.001974055273547659,Up,0.0005
1898,2024-12-16 10:55:00,Low,LL,70.85,-0.21000000000000796,-0.0029552490852801094,Down,0.0005
1899,2024-12-16 10:57:00,High,LH,70.94,0.09000000000000341,0.0012702893436837837,Up,0.0005
1900,2024-12-16 11:07:00,Low,LL,70.79,-0.14999999999999147,-0.0021144629264165937,Down,0.0005
1901,2024-12-16 11:10:00,High,LH,70.87,0.0799999999999983,0.0011301031219097535,Up,0.0005
1902,2024-12-16 11:16:00,Low,LL,70.7,-0.1700000000000017,-0.002398758289826497,Down,0.0005
1903,2024-12-16 11:18:00,High,LH,70.76,0.060000000000002274,0.0008486562942009446,Up,0.0005
1904,2024-12-16 11:29:00,Low,LL,70.51,-0.25,-0.0035330695308083415,Down,0.0005
1905,2024-12-16 11:33:00,High,LH,70.66,0.14999999999999147,0.0021273578215854627,Up,0.0005
1906,2024-12-16 11:39:00,Low,HL,70.51,-0.14999999999999147,-0.0021228417775260855,Down,0.0005
1907,2024-12-16 11:42:00,High,LH,70.55,0.03999999999999204,0.0005672954190893975,Up,0.0005
1908,2024-12-16 11:43:00,Low,HL,70.51,-0.03999999999999204,-0.0005669737774627315,Down,0.0005
1909,2024-12-16 11:45:00,High,HH,70.59,0.0799999999999983,0.001134590838179017,Up,0.0005
1910,2024-12-16 11:47:00,Low,HL,70.55,-0.04000000000000625,-0.0005666525003542588,Down,0.0005
1911,2024-12-16 11:53:00,High,HH,70.66,0.10999999999999943,0.0015591778880226226,Up,0.0005
1912,2024-12-16 11:57:00,Low,LL,70.52,-0.14000000000000057,-0.001981318992357761,Down,0.0005
1913,2024-12-16 12:07:00,High,LH,70.58,0.060000000000002274,0.0008508224617129745,Up,0.0005
1914,2024-12-16 12:09:00,Low,LL,70.51,-0.06999999999999318,-0.0009917823746102838,Down,0.0005
1915,2024-12-16 12:26:00,High,HH,70.89,0.37999999999999545,0.0053893064813501645,Up,0.0005
1916,2024-12-16 12:27:00,Low,HL,70.85,-0.04000000000000625,-0.0005642544787700654,Down,0.0005
1917,2024-12-16 12:34:00,High,HH,71.02,0.1700000000000017,0.0023994354269583074,Up,0.0005
1918,2024-12-16 12:36:00,Low,HL,70.97,-0.04999999999999716,-0.0007040270346381217,Down,0.0005
1919,2024-12-16 12:40:00,High,LH,71.01,0.04000000000000625,0.0005636184303228209,Up,0.0005
1920,2024-12-16 12:43:00,Low,LL,70.89,-0.12000000000000455,-0.001689902830587342,Down,0.0005
1921,2024-12-16 12:51:00,High,LH,70.96,0.06999999999999318,0.000987445337847337,Up,0.0005
1922,2024-12-16 13:06:00,Low,LL,70.84,-0.11999999999999034,-0.0016910935738443378,Down,0.0005
1923,2024-12-16 13:21:00,High,HH,71.05,0.20999999999999375,0.0029644268774702276,Up,0.0005
1924,2024-12-16 13:38:00,Low,LL,70.66,-0.39000000000000057,-0.005489092188599609,Down,0.0005
1925,2024-12-16 13:43:00,High,LH,70.77,0.10999999999999943,0.0015567506368525663,Up,0.0005
1926,2024-12-16 13:54:00,Low,LL,70.64,-0.12999999999999545,-0.0018369365550373606,Down,0.0005
1927,2024-12-16 13:58:00,High,LH,70.7,0.060000000000002274,0.000849377123442796,Up,0.0005
1928,2024-12-16 14:13:00,Low,LL,70.63,-0.07000000000000739,-0.000990099009901102,Down,0.0005
1929,2024-12-16 14:16:00,High,LH,70.69,0.060000000000002274,0.0008494973807164907,Up,0.0005
1930,2024-12-16 14:18:00,Low,HL,70.65,-0.03999999999999204,-0.0005658508982882005,Down,0.0005
1931,2024-12-16 14:25:00,High,HH,70.77,0.11999999999999034,0.001698513800424406,Up,0.0005
1932,2024-12-16 14:27:00,Low,LL,70.57,-0.20000000000000284,-0.00282605623851917,Down,0.0005
1933,2024-12-16 14:30:00,High,HH,70.83,0.2600000000000051,0.0036842851069860405,Up,0.0005
1934,2024-12-16 14:34:00,Low,HL,70.66,-0.1700000000000017,-0.0024001129464916726,Down,0.0005
1935,2024-12-16 14:36:00,High,LH,70.71,0.04999999999999716,0.0007076139258419545,Up,0.0005
1936,2024-12-16 14:39:00,Low,HL,70.67,-0.03999999999999204,-0.0005656908499503954,Down,0.0005
1937,2024-12-16 14:42:00,High,HH,70.72,0.04999999999999716,0.0007075137965188993,Up,0.0005
1938,2024-12-16 15:04:00,Low,LL,70.53,-0.18999999999999773,-0.0026866515837103977,Down,0.0005
1939,2024-12-16 15:19:00,High,LH,70.59,0.060000000000002274,0.0008507018290089263,Up,0.0005
1940,2024-12-16 15:24:00,Low,HL,70.54,-0.04999999999999716,-0.0007083156254426015,Down,0.0005
1941,2024-12-16 15:31:00,High,HH,70.6,0.05999999999998806,0.0008505812305072968,Up,0.0005
1942,2024-12-16 15:39:00,Low,HL,70.56,-0.03999999999999204,-0.0005665722379601945,Down,0.0005
1943,2024-12-16 15:54:00,High,HH,70.62,0.060000000000002274,0.0008503401360544505,Up,0.0005
1944,2024-12-16 16:13:00,Low,LL,70.55,-0.07000000000000739,-0.0009912206173889881,Down,0.0005
1945,2024-12-16 16:22:00,High,LH,70.61,0.060000000000002274,0.0008504606661943193,Up,0.0005
1946,2024-12-16 16:39:00,Low,LL,70.53,-0.0799999999999983,-0.0011329839966010002,Down,0.0005
1947,2024-12-16 16:59:00,High,HH,70.65,0.12000000000000455,0.0017014036580178526,Up,0.0005
1948,2024-12-16 18:10:00,Low,LL,70.19,-0.46000000000000796,-0.006510969568294556,Down,0.0005
1949,2024-12-16 18:31:00,High,LH,70.27,0.0799999999999983,0.0011397634990739647,Up,0.0005
1950,2024-12-16 18:54:00,Low,HL,70.2,-0.06999999999999318,-0.0009961576775294745,Down,0.0005
1951,2024-12-16 19:11:00,High,LH,70.24,0.03999999999999204,0.0005698005698004938,Up,0.0005
1952,2024-12-16 19:41:00,Low,HL,70.2,-0.03999999999999204,-0.0005694760820044165,Down,0.0005
1953,2024-12-16 20:01:00,High,HH,70.34,0.14000000000000057,0.0019943019943020612,Up,0.0005
1954,2024-12-16 20:12:00,Low,HL,70.26,-0.0799999999999983,-0.0011373329542223587,Down,0.0005
1955,2024-12-16 20:16:00,High,LH,70.33,0.06999999999999318,0.000996299459151695,Up,0.0005
1956,2024-12-16 20:19:00,Low,LL,70.16,-0.1700000000000017,-0.002417176169486779,Down,0.0005
1957,2024-12-16 20:22:00,High,LH,70.21,0.04999999999999716,0.0007126567844926157,Up,0.0005
1958,2024-12-16 20:37:00,Low,HL,70.17,-0.03999999999999204,-0.0005697194131888406,Down,0.0005
1959,2024-12-16 20:51:00,High,HH,70.32,0.14999999999999147,0.0021376656690892393,Up,0.0005
1960,2024-12-16 20:54:00,Low,HL,70.27,-0.04999999999999716,-0.0007110352673491693,Down,0.0005
1961,2024-12-16 21:06:00,High,HH,70.34,0.07000000000000739,0.0009961576775296965,Up,0.0005
1962,2024-12-16 21:39:00,Low,LL,70.22,-0.12000000000000455,-0.001705999431333538,Down,0.0005
1963,2024-12-16 21:51:00,High,LH,70.3,0.0799999999999983,0.0011392765593847276,Up,0.0005
1964,2024-12-16 22:13:00,Low,LL,70.16,-0.14000000000000057,-0.0019914651493598834,Down,0.0005
1965,2024-12-16 22:30:00,High,LH,70.25,0.09000000000000341,0.0012827822120866639,Up,0.0005
1966,2024-12-16 22:36:00,Low,HL,70.19,-0.060000000000002274,-0.000854092526690442,Down,0.0005
1967,2024-12-16 22:44:00,High,LH,70.23,0.04000000000000625,0.0005698817495369823,Up,0.0005
1968,2024-12-16 22:49:00,Low,LL,70.18,-0.04999999999999716,-0.0007119464616260895,Down,0.0005
1969,2024-12-16 23:28:00,High,HH,70.25,0.06999999999999318,0.0009974351667141335,Up,0.0005
1970,2024-12-16 23:45:00,Low,HL,70.21,-0.04000000000000625,-0.000569395017793628,Down,0.0005
1971,2024-12-16 23:49:00,High,HH,70.25,0.04000000000000625,0.0005697194131890626,Up,0.0005
1972,2024-12-17 00:20:00,Low,LL,70.18,-0.06999999999999318,-0.000996441281138738,Down,0.0005
1973,2024-12-17 00:50:00,High,HH,70.44,0.2599999999999909,0.0037047591906524957,Up,0.0005
1974,2024-12-17 01:02:00,Low,HL,70.4,-0.03999999999999204,-0.0005678591709254999,Down,0.0005
1975,2024-12-17 01:26:00,High,HH,70.49,0.0899999999999892,0.0012784090909090384,Up,0.0005
1976,2024-12-17 01:29:00,Low,HL,70.44,-0.04999999999999716,-0.0007093204709887058,Down,0.0005
1977,2024-12-17 01:44:00,High,HH,70.51,0.07000000000000739,0.0009937535491200133,Up,0.0005
1978,2024-12-17 02:07:00,Low,LL,70.35,-0.1600000000000108,-0.002269181676358145,Down,0.0005
1979,2024-12-17 02:40:00,High,HH,70.53,0.18000000000000682,0.0025586353944564433,Up,0.0005
1980,2024-12-17 03:06:00,Low,LL,70.01,-0.519999999999996,-0.007372749184744065,Down,0.0005
1981,2024-12-17 03:08:00,High,LH,70.08,0.06999999999999318,0.000999857163262341,Up,0.0005
1982,2024-12-17 03:09:00,Low,HL,70.03,-0.04999999999999716,-0.0007134703196346459,Down,0.0005
1983,2024-12-17 03:15:00,High,HH,70.11,0.0799999999999983,0.0011423675567614477,Up,0.0005
1984,2024-12-17 03:21:00,Low,LL,69.94,-0.1700000000000017,-0.002424761089716232,Down,0.0005
1985,2024-12-17 03:22:00,High,LH,69.99,0.04999999999999716,0.000714898484415194,Up,0.0005
1986,2024-12-17 03:24:00,Low,HL,69.94,-0.04999999999999716,-0.0007143877696813572,Down,0.0005
1987,2024-12-17 03:27:00,High,LH,69.98,0.04000000000000625,0.0005719187875321552,Up,0.0005
1988,2024-12-17 03:31:00,Low,LL,69.75,-0.23000000000000398,-0.003286653329522826,Down,0.0005
1989,2024-12-17 03:34:00,High,LH,69.81,0.060000000000002274,0.0008602150537635467,Up,0.0005
1990,2024-12-17 03:40:00,Low,LL,69.67,-0.14000000000000057,-0.002005443346225433,Down,0.0005
1991,2024-12-17 03:41:00,High,LH,69.71,0.03999999999999204,0.0005741352088415308,Up,0.0005
1992,2024-12-17 03:48:00,Low,LL,69.58,-0.12999999999999545,-0.001864868741930814,Down,0.0005
1993,2024-12-17 03:52:00,High,LH,69.67,0.09000000000000341,0.0012934751365334396,Up,0.0005
1994,2024-12-17 03:55:00,Low,HL,69.63,-0.04000000000000625,-0.0005741352088417528,Down,0.0005
1995,2024-12-17 03:56:00,High,HH,69.71,0.0799999999999983,0.0011489300588827245,Up,0.0005
1996,2024-12-17 04:02:00,Low,LL,69.58,-0.12999999999999545,-0.001864868741930814,Down,0.0005
1997,2024-12-17 04:04:00,High,LH,69.66,0.0799999999999983,0.0011497556769186623,Up,0.0005
1998,2024-12-17 04:08:00,Low,HL,69.62,-0.03999999999999204,-0.0005742176284810885,Down,0.0005
1999,2024-12-17 04:18:00,High,HH,69.77,0.14999999999999147,0.0021545532892845998,Up,0.0005
2000,2024-12-17 04:20:00,Low,HL,69.72,-0.04999999999999716,-0.0007166403898523077,Down,0.0005
2001,2024-12-17 04:23:00,High,LH,69.76,0.04000000000000625,0.0005737234652898326,Up,0.0005
2002,2024-12-17 04:31:00,Low,LL,69.64,-0.12000000000000455,-0.0017201834862385912,Down,0.0005
2003,2024-12-17 04:40:00,High,HH,69.9,0.2600000000000051,0.0037334865020104413,Up,0.0005
2004,2024-12-17 04:42:00,Low,HL,69.83,-0.07000000000000739,-0.0010014306151646668,Down,0.0005
2005,2024-12-17 04:51:00,High,HH,69.9,0.07000000000000739,0.0010024344837462618,Up,0.0005
2006,2024-12-17 04:58:00,Low,LL,69.81,-0.09000000000000341,-0.0012875536480687622,Down,0.0005
2007,2024-12-17 05:01:00,High,LH,69.87,0.060000000000002274,0.0008594757198110425,Up,0.0005
2008,2024-12-17 05:14:00,Low,LL,69.69,-0.18000000000000682,-0.0025762129669386624,Down,0.0005
2009,2024-12-17 05:19:00,High,LH,69.74,0.04999999999999716,0.000717463050652789,Up,0.0005
2010,2024-12-17 05:26:00,Low,LL,69.61,-0.12999999999999545,-0.0018640665328362171,Down,0.0005
2011,2024-12-17 05:34:00,High,LH,69.69,0.0799999999999983,0.0011492601637694833,Up,0.0005
2012,2024-12-17 05:40:00,Low,HL,69.65,-0.03999999999999204,-0.000573970440522209,Down,0.0005
2013,2024-12-17 05:43:00,High,HH,69.71,0.05999999999998806,0.0008614501076811276,Up,0.0005
2014,2024-12-17 05:47:00,Low,LL,69.64,-0.06999999999999318,-0.0010041600918088145,Down,0.0005
2015,2024-12-17 05:55:00,High,HH,69.71,0.06999999999999318,0.0010051694428487856,Up,0.0005
2016,2024-12-17 06:02:00,Low,LL,69.62,-0.0899999999999892,-0.0012910629751827774,Down,0.0005
2017,2024-12-17 06:13:00,High,HH,69.71,0.0899999999999892,0.0012927319735707155,Up,0.0005
2018,2024-12-17 06:18:00,Low,LL,69.61,-0.09999999999999432,-0.0014345144168698143,Down,0.0005
2019,2024-12-17 06:26:00,High,HH,69.75,0.14000000000000057,0.0020112052865968177,Up,0.0005
2020,2024-12-17 06:34:00,Low,HL,69.69,-0.060000000000002274,-0.0008602150537634357,Down,0.0005
2021,2024-12-17 06:40:00,High,HH,69.76,0.07000000000000739,0.001004448270914171,Up,0.0005
2022,2024-12-17 07:00:00,Low,LL,69.44,-0.3200000000000074,-0.004587155963302836,Down,0.0005
2023,2024-12-17 07:15:00,High,LH,69.69,0.25,0.0036002304147464415,Up,0.0005
2024,2024-12-17 07:23:00,Low,HL,69.44,-0.25,-0.0035873152532645003,Down,0.0005
2025,2024-12-17 07:27:00,High,LH,69.5,0.060000000000002274,0.000864055299539146,Up,0.0005
2026,2024-12-17 07:31:00,Low,LL,69.42,-0.0799999999999983,-0.001151079136690658,Down,0.0005
2027,2024-12-17 07:45:00,High,HH,69.61,0.18999999999999773,0.0027369634111207297,Up,0.0005
2028,2024-12-17 07:49:00,Low,HL,69.53,-0.0799999999999983,-0.0011492601637695943,Down,0.0005
2029,2024-12-17 07:52:00,High,LH,69.59,0.060000000000002274,0.0008629368617862898,Up,0.0005
2030,2024-12-17 07:57:00,Low,LL,69.45,-0.14000000000000057,-0.002011783302198644,Down,0.0005
2031,2024-12-17 08:00:00,High,LH,69.53,0.0799999999999983,0.001151907847372291,Up,0.0005
2032,2024-12-17 08:01:00,Low,HL,69.46,-0.07000000000000739,-0.0010067596720840788,Down,0.0005
2033,2024-12-17 08:06:00,High,HH,69.67,0.21000000000000796,0.0030233227756983894,Up,0.0005
2034,2024-12-17 08:36:00,Low,LL,69.44,-0.23000000000000398,-0.0033012774508397458,Down,0.0005
2035,2024-12-17 08:40:00,High,LH,69.58,0.14000000000000057,0.002016129032258007,Up,0.0005
2036,2024-12-17 08:41:00,Low,HL,69.53,-0.04999999999999716,-0.0007185972980741084,Down,0.0005
2037,2024-12-17 08:46:00,High,HH,69.68,0.15000000000000568,0.0021573421544658355,Up,0.0005
2038,2024-12-17 08:54:00,Low,LL,69.38,-0.30000000000001137,-0.004305396096440983,Down,0.0005
2039,2024-12-17 09:07:00,High,LH,69.62,0.2400000000000091,0.003459210147016556,Up,0.0005
2040,2024-12-17 09:08:00,Low,HL,69.56,-0.060000000000002274,-0.0008618213157138843,Down,0.0005
2041,2024-12-17 09:09:00,High,HH,69.63,0.06999999999999318,0.0010063254744103745,Up,0.0005
2042,2024-12-17 09:15:00,Low,LL,69.47,-0.1599999999999966,-0.002297860117765227,Down,0.0005
2043,2024-12-17 09:16:00,High,LH,69.59,0.12000000000000455,0.001727364329926706,Up,0.0005
2044,2024-12-17 09:22:00,Low,HL,69.49,-0.10000000000000853,-0.0014369880729990792,Down,0.0005
2045,2024-12-17 09:26:00,High,HH,69.64,0.15000000000000568,0.0021585839689164388,Up,0.0005
2046,2024-12-17 09:34:00,Low,LL,69.25,-0.39000000000000057,-0.005600229753015551,Down,0.0005
2047,2024-12-17 09:36:00,High,LH,69.32,0.06999999999999318,0.0010108303249096728,Up,0.0005
2048,2024-12-17 09:41:00,Low,LL,69.12,-0.19999999999998863,-0.0028851702250430877,Down,0.0005
2049,2024-12-17 09:47:00,High,HH,69.39,0.269999999999996,0.00390625,Up,0.0005
2050,2024-12-17 09:49:00,Low,HL,69.3,-0.09000000000000341,-0.0012970168612191912,Down,0.0005
2051,2024-12-17 09:50:00,High,LH,69.35,0.04999999999999716,0.0007215007215006786,Up,0.0005
2052,2024-12-17 09:54:00,Low,LL,69.26,-0.0899999999999892,-0.0012977649603459485,Down,0.0005
2053,2024-12-17 09:55:00,High,HH,69.35,0.0899999999999892,0.0012994513427662113,Up,0.0005
2054,2024-12-17 10:03:00,Low,LL,69.16,-0.18999999999999773,-0.002739726027397249,Down,0.0005
2055,2024-12-17 10:08:00,High,LH,69.28,0.12000000000000455,0.001735106998264957,Up,0.0005
2056,2024-12-17 10:14:00,Low,HL,69.16,-0.12000000000000455,-0.0017321016166282899,Down,0.0005
2057,2024-12-17 10:17:00,High,LH,69.26,0.10000000000000853,0.0014459224985541308,Up,0.0005
2058,2024-12-17 10:25:00,Low,LL,69.01,-0.25,-0.003609587063239994,Down,0.0005
2059,2024-12-17 10:28:00,High,LH,69.15,0.14000000000000057,0.0020286914939864342,Up,0.0005
2060,2024-12-17 10:29:00,Low,HL,69.07,-0.0800000000000125,-0.0011569052783805267,Down,0.0005
2061,2024-12-17 10:31:00,High,LH,69.14,0.07000000000000739,0.001013464601129499,Up,0.0005
2062,2024-12-17 10:34:00,Low,LL,69.05,-0.09000000000000341,-0.0013017066820943946,Down,0.0005
2063,2024-12-17 10:35:00,High,LH,69.1,0.04999999999999716,0.0007241129616220032,Up,0.0005
2064,2024-12-17 10:37:00,Low,LL,69.02,-0.0799999999999983,-0.0011577424023154759,Down,0.0005
2065,2024-12-17 10:38:00,High,LH,69.07,0.04999999999999716,0.0007244277021152268,Up,0.0005
2066,2024-12-17 10:48:00,Low,LL,68.88,-0.18999999999999773,-0.0027508324887794977,Down,0.0005
2067,2024-12-17 10:49:00,High,LH,68.96,0.0799999999999983,0.0011614401858304202,Up,0.0005
2068,2024-12-17 10:57:00,Low,LL,68.87,-0.0899999999999892,-0.0013051044083525198,Down,0.0005
2069,2024-12-17 11:01:00,High,HH,69.0,0.12999999999999545,0.0018876143458690375,Up,0.0005
2070,2024-12-17 11:03:00,Low,HL,68.94,-0.060000000000002274,-0.0008695652173913437,Down,0.0005
2071,2024-12-17 11:15:00,High,HH,69.18,0.2400000000000091,0.003481288076588429,Up,0.0005
2072,2024-12-17 11:17:00,Low,HL,69.12,-0.060000000000002274,-0.0008673026886383273,Down,0.0005
2073,2024-12-17 11:22:00,High,HH,69.2,0.0799999999999983,0.0011574074074074403,Up,0.0005
2074,2024-12-17 11:23:00,Low,HL,69.16,-0.04000000000000625,-0.0005780346820810633,Down,0.0005
2075,2024-12-17 11:24:00,High,HH,69.2,0.04000000000000625,0.0005783689994216523,Up,0.0005
2076,2024-12-17 11:29:00,Low,LL,69.05,-0.15000000000000568,-0.0021676300578035157,Down,0.0005
2077,2024-12-17 11:34:00,High,LH,69.16,0.10999999999999943,0.001593048515568407,Up,0.0005
2078,2024-12-17 11:35:00,Low,HL,69.11,-0.04999999999999716,-0.0007229612492769544,Down,0.0005
2079,2024-12-17 11:37:00,High,HH,69.2,0.09000000000000341,0.001302271740703187,Up,0.0005
2080,2024-12-17 11:42:00,Low,HL,69.14,-0.060000000000002274,-0.0008670520231214285,Down,0.0005
2081,2024-12-17 11:47:00,High,HH,69.23,0.09000000000000341,0.0013017066820943946,Up,0.0005
2082,2024-12-17 11:52:00,Low,LL,69.09,-0.14000000000000057,-0.002022244691607722,Down,0.0005
2083,2024-12-17 12:00:00,High,HH,69.24,0.14999999999999147,0.002171081198436786,Up,0.0005
2084,2024-12-17 12:04:00,Low,HL,69.17,-0.06999999999999318,-0.001010976314269163,Down,0.0005
2085,2024-12-17 12:09:00,High,HH,69.26,0.09000000000000341,0.0013011421136330803,Up,0.0005
2086,2024-12-17 12:13:00,Low,LL,69.15,-0.10999999999999943,-0.0015882183078256285,Down,0.0005
2087,2024-12-17 12:25:00,High,HH,69.34,0.18999999999999773,0.002747650036153182,Up,0.0005
2088,2024-12-17 12:27:00,Low,HL,69.29,-0.04999999999999716,-0.0007210845111046416,Down,0.0005
2089,2024-12-17 12:34:00,High,HH,69.38,0.0899999999999892,0.0012988887285321216,Up,0.0005
2090,2024-12-17 12:35:00,Low,HL,69.33,-0.04999999999999716,-0.0007206687806283751,Down,0.0005
2091,2024-12-17 12:39:00,High,HH,69.4,0.07000000000000739,0.001009663926150317,Up,0.0005
2092,2024-12-17 12:44:00,Low,HL,69.35,-0.05000000000001137,-0.0007204610951010437,Down,0.0005
2093,2024-12-17 12:48:00,High,HH,69.52,0.1700000000000017,0.0024513338139871,Up,0.0005
2094,2024-12-17 12:56:00,Low,HL,69.46,-0.060000000000002274,-0.0008630609896432828,Down,0.0005
2095,2024-12-17 13:07:00,High,HH,69.54,0.0800000000000125,0.0011517420097899578,Up,0.0005
2096,2024-12-17 13:13:00,Low,LL,69.45,-0.09000000000000341,-0.0012942191544434989,Down,0.0005
2097,2024-12-17 13:18:00,High,LH,69.52,0.06999999999999318,0.0010079193664505048,Up,0.0005
2098,2024-12-17 13:29:00,Low,LL,69.37,-0.14999999999999147,-0.0021576524741080405,Down,0.0005
2099,2024-12-17 13:46:00,High,LH,69.51,0.14000000000000057,0.0020181634712412855,Up,0.0005
2100,2024-12-17 13:50:00,Low,HL,69.45,-0.060000000000002274,-0.0008631851532153734,Down,0.0005
2101,2024-12-17 14:05:00,High,HH,69.75,0.29999999999999716,0.004319654427645814,Up,0.0005
2102,2024-12-17 14:15:00,Low,HL,69.57,-0.18000000000000682,-0.002580645161290418,Down,0.0005
2103,2024-12-17 14:17:00,High,LH,69.63,0.060000000000002274,0.0008624407072013174,Up,0.0005
2104,2024-12-17 14:21:00,Low,LL,69.54,-0.0899999999999892,-0.0012925463162428708,Down,0.0005
2105,2024-12-17 14:27:00,High,HH,69.65,0.10999999999999943,0.0015818234109865603,Up,0.0005
2106,2024-12-17 14:31:00,Low,HL,69.59,-0.060000000000002274,-0.0008614501076813497,Down,0.0005
2107,2024-12-17 14:45:00,High,HH,69.77,0.1799999999999926,0.0025865785313980982,Up,0.0005
2108,2024-12-17 14:52:00,Low,HL,69.73,-0.03999999999999204,-0.0005733123118817351,Down,0.0005
2109,2024-12-17 15:03:00,High,HH,69.79,0.060000000000002274,0.0008604617811558413,Up,0.0005
2110,2024-12-17 15:05:00,Low,HL,69.74,-0.05000000000001137,-0.0007164350193439306,Down,0.0005
2111,2024-12-17 15:34:00,High,HH,69.83,0.09000000000000341,0.0012905075996558768,Up,0.0005
2112,2024-12-17 15:49:00,Low,LL,69.73,-0.09999999999999432,-0.001432049262494517,Down,0.0005
2113,2024-12-17 16:09:00,High,LH,69.78,0.04999999999999716,0.0007170514842964604,Up,0.0005
2114,2024-12-17 16:27:00,Low,LL,69.72,-0.060000000000002274,-0.0008598452278589797,Down,0.0005
2115,2024-12-17 16:30:00,High,HH,69.88,0.1599999999999966,0.0022948938611588865,Up,0.0005
2116,2024-12-17 16:33:00,Low,HL,69.83,-0.04999999999999716,-0.0007155123068116609,Down,0.0005
2117,2024-12-17 16:38:00,High,HH,69.88,0.04999999999999716,0.000716024631247203,Up,0.0005
2118,2024-12-17 16:56:00,Low,LL,69.8,-0.0799999999999983,-0.0011448196908986352,Down,0.0005
2119,2024-12-17 18:07:00,High,LH,69.85,0.04999999999999716,0.0007163323782235498,Up,0.0005
2120,2024-12-17 18:40:00,Low,LL,69.74,-0.10999999999999943,-0.0015748031496063408,Down,0.0005
2121,2024-12-17 19:16:00,High,LH,69.8,0.060000000000002274,0.0008603383997705105,Up,0.0005
2122,2024-12-17 19:38:00,Low,LL,69.73,-0.06999999999999318,-0.0010028653295127699,Down,0.0005
2123,2024-12-17 19:44:00,High,LH,69.77,0.03999999999999204,0.0005736411874370795,Up,0.0005
2124,2024-12-17 20:06:00,Low,LL,69.64,-0.12999999999999545,-0.001863265013616111,Down,0.0005
2125,2024-12-17 20:45:00,High,HH,69.87,0.23000000000000398,0.0033026995979323903,Up,0.0005
2126,2024-12-17 20:46:00,Low,HL,69.83,-0.04000000000000625,-0.0005724917704308385,Down,0.0005
2127,2024-12-17 20:52:00,High,HH,69.87,0.04000000000000625,0.0005728197049978956,Up,0.0005
2128,2024-12-17 21:02:00,Low,LL,69.79,-0.0799999999999983,-0.001144983540861566,Down,0.0005
2129,2024-12-17 21:19:00,High,LH,69.86,0.06999999999999318,0.0010030090270811698,Up,0.0005
2130,2024-12-17 21:51:00,Low,LL,69.71,-0.15000000000000568,-0.0021471514457487295,Down,0.0005
2131,2024-12-17 22:07:00,High,LH,69.76,0.05000000000001137,0.0007172572084350737,Up,0.0005
2132,2024-12-17 22:35:00,Low,LL,69.65,-0.10999999999999943,-0.0015768348623853568,Down,0.0005
2133,2024-12-17 22:40:00,High,LH,69.7,0.04999999999999716,0.00071787508973431,Up,0.0005
2134,2024-12-17 22:44:00,Low,HL,69.66,-0.04000000000000625,-0.0005738880918222389,Down,0.0005
2135,2024-12-17 23:02:00,High,HH,69.71,0.04999999999999716,0.0007177720356015271,Up,0.0005
2136,2024-12-17 23:26:00,Low,LL,69.64,-0.06999999999999318,-0.0010041600918088145,Down,0.0005
2137,2024-12-17 23:41:00,High,HH,69.74,0.09999999999999432,0.0014359563469270586,Up,0.0005
2138,2024-12-17 23:49:00,Low,HL,69.7,-0.03999999999999204,-0.0005735589331802293,Down,0.0005
2139,2024-12-17 23:53:00,High,HH,69.77,0.06999999999999318,0.0010043041606886405,Up,0.0005
2140,2024-12-18 00:05:00,Low,HL,69.7,-0.06999999999999318,-0.0010032965457932308,Down,0.0005
2141,2024-12-18 00:22:00,High,HH,69.78,0.0799999999999983,0.0011477761836442557,Up,0.0005
2142,2024-12-18 00:27:00,Low,HL,69.71,-0.07000000000000739,-0.0010031527658356243,Down,0.0005
2143,2024-12-18 00:30:00,High,LH,69.75,0.04000000000000625,0.0005738057667481478,Up,0.0005
2144,2024-12-18 00:57:00,Low,LL,69.66,-0.09000000000000341,-0.001290322580645209,Down,0.0005
2145,2024-12-18 01:20:00,High,HH,69.77,0.10999999999999943,0.0015790984783232709,Up,0.0005
2146,2024-12-18 01:46:00,Low,HL,69.66,-0.10999999999999943,-0.001576608857675188,Down,0.0005
2147,2024-12-18 03:07:00,High,HH,70.15,0.4900000000000091,0.007034165948894833,Up,0.0005
2148,2024-12-18 03:14:00,Low,HL,70.03,-0.12000000000000455,-0.0017106200997862864,Down,0.0005
2149,2024-12-18 03:22:00,High,LH,70.1,0.06999999999999318,0.000999571612166017,Up,0.0005
2150,2024-12-18 03:33:00,Low,LL,69.99,-0.10999999999999943,-0.0015691868758915817,Down,0.0005
2151,2024-12-18 03:55:00,High,HH,70.14,0.15000000000000568,0.0021431633090442936,Up,0.0005
2152,2024-12-18 03:59:00,Low,HL,70.07,-0.07000000000000739,-0.0009980039920161055,Down,0.0005
2153,2024-12-18 04:01:00,High,HH,70.24,0.1700000000000017,0.002426145283288106,Up,0.0005
2154,2024-12-18 04:02:00,Low,HL,70.18,-0.05999999999998806,-0.0008542141230066802,Down,0.0005
2155,2024-12-18 04:05:00,High,LH,70.22,0.03999999999999204,0.0005699629524080763,Up,0.0005
2156,2024-12-18 04:06:00,Low,LL,70.17,-0.04999999999999716,-0.000712047849615427,Down,0.0005
2157,2024-12-18 04:14:00,High,HH,70.29,0.12000000000000455,0.0017101325352715246,Up,0.0005
2158,2024-12-18 04:17:00,Low,HL,70.22,-0.07000000000000739,-0.0009958742353110006,Down,0.0005
2159,2024-12-18 04:21:00,High,LH,70.28,0.060000000000002274,0.0008544574195386012,Up,0.0005
2160,2024-12-18 04:28:00,Low,LL,70.18,-0.09999999999999432,-0.001422879908935637,Down,0.0005
2161,2024-12-18 04:35:00,High,LH,70.23,0.04999999999999716,0.0007124536905100953,Up,0.0005
2162,2024-12-18 04:43:00,Low,LL,70.15,-0.0799999999999983,-0.0011391143386016989,Down,0.0005
2163,2024-12-18 04:47:00,High,LH,70.22,0.06999999999999318,0.0009978617248751487,Up,0.0005
2164,2024-12-18 04:53:00,Low,LL,70.03,-0.18999999999999773,-0.002705781828538867,Down,0.0005
2165,2024-12-18 04:59:00,High,LH,70.17,0.14000000000000057,0.001999143224332478,Up,0.0005
2166,2024-12-18 05:05:00,Low,HL,70.1,-0.07000000000000739,-0.0009975773122418152,Down,0.0005
2167,2024-12-18 05:29:00,High,HH,70.28,0.18000000000000682,0.002567760342368164,Up,0.0005
2168,2024-12-18 05:47:00,Low,LL,70.04,-0.23999999999999488,-0.0034149117814455954,Down,0.0005
2169,2024-12-18 05:52:00,High,LH,70.1,0.05999999999998806,0.000856653340947755,Up,0.0005
2170,2024-12-18 06:01:00,Low,LL,70.0,-0.09999999999999432,-0.0014265335235377208,Down,0.0005
2171,2024-12-18 06:04:00,High,LH,70.09,0.09000000000000341,0.0012857142857143344,Up,0.0005
2172,2024-12-18 06:12:00,Low,HL,70.05,-0.04000000000000625,-0.0005706948209446283,Down,0.0005
2173,2024-12-18 06:33:00,High,HH,70.15,0.10000000000000853,0.001427551748750977,Up,0.0005
2174,2024-12-18 06:38:00,Low,HL,70.09,-0.060000000000002274,-0.0008553100498931432,Down,0.0005
2175,2024-12-18 06:50:00,High,HH,70.19,0.09999999999999432,0.0014267370523610712,Up,0.0005
2176,2024-12-18 06:59:00,Low,HL,70.12,-0.06999999999999318,-0.000997293061689608,Down,0.0005
2177,2024-12-18 07:07:00,High,LH,70.17,0.04999999999999716,0.0007130633200227443,Up,0.0005
2178,2024-12-18 07:10:00,Low,HL,70.13,-0.04000000000000625,-0.0005700441784238786,Down,0.0005
2179,2024-12-18 07:25:00,High,HH,70.27,0.14000000000000057,0.001996292599458105,Up,0.0005
2180,2024-12-18 07:34:00,Low,HL,70.21,-0.060000000000002274,-0.0008538494378824701,Down,0.0005
2181,2024-12-18 07:51:00,High,HH,70.42,0.21000000000000796,0.0029910269192423566,Up,0.0005
2182,2024-12-18 08:04:00,Low,HL,70.26,-0.1599999999999966,-0.002272081794944536,Down,0.0005
2183,2024-12-18 08:13:00,High,LH,70.34,0.0799999999999983,0.001138627953316318,Up,0.0005
2184,2024-12-18 08:18:00,Low,HL,70.27,-0.07000000000000739,-0.0009951663349446749,Down,0.0005
2185,2024-12-18 08:22:00,High,LH,70.31,0.04000000000000625,0.0005692329585884615,Up,0.0005
2186,2024-12-18 08:26:00,Low,HL,70.27,-0.04000000000000625,-0.0005689091167686566,Down,0.0005
2187,2024-12-18 08:30:00,High,HH,70.37,0.10000000000000853,0.0014230823964709316,Up,0.0005
2188,2024-12-18 08:33:00,Low,HL,70.3,-0.07000000000000739,-0.000994742077589983,Down,0.0005
2189,2024-12-18 08:34:00,High,LH,70.34,0.04000000000000625,0.000568990042674411,Up,0.0005
2190,2024-12-18 08:39:00,Low,LL,70.19,-0.15000000000000568,-0.0021324992891670336,Down,0.0005
2191,2024-12-18 08:49:00,High,LH,70.26,0.07000000000000739,0.000997293061689719,Up,0.0005
2192,2024-12-18 08:53:00,Low,HL,70.22,-0.04000000000000625,-0.00056931397665827,Down,0.0005
2193,2024-12-18 08:55:00,High,HH,70.31,0.09000000000000341,0.0012816861293079018,Up,0.0005
2194,2024-12-18 09:05:00,Low,LL,70.14,-0.1700000000000017,-0.002417863746266513,Down,0.0005
2195,2024-12-18 09:10:00,High,LH,70.23,0.09000000000000341,0.0012831479897348341,Up,0.0005
2196,2024-12-18 09:14:00,Low,HL,70.18,-0.04999999999999716,-0.0007119464616260895,Down,0.0005
2197,2024-12-18 09:19:00,High,HH,70.24,0.05999999999998806,0.0008549444286118923,Up,0.0005
2198,2024-12-18 09:24:00,Low,LL,70.08,-0.1599999999999966,-0.002277904328018221,Down,0.0005
2199,2024-12-18 09:29:00,High,LH,70.14,0.060000000000002274,0.0008561643835616195,Up,0.0005
2200,2024-12-18 09:30:00,Low,HL,70.08,-0.060000000000002274,-0.0008554319931566301,Down,0.0005
2201,2024-12-18 09:37:00,High,HH,70.47,0.39000000000000057,0.005565068493150749,Up,0.0005
2202,2024-12-18 09:39:00,Low,HL,70.39,-0.0799999999999983,-0.0011352348517099653,Down,0.0005
2203,2024-12-18 09:41:00,High,HH,70.5,0.10999999999999943,0.0015627219775535828,Up,0.0005
2204,2024-12-18 09:44:00,Low,LL,70.38,-0.12000000000000455,-0.0017021276595745594,Down,0.0005
2205,2024-12-18 09:50:00,High,LH,70.47,0.09000000000000341,0.0012787723785165905,Up,0.0005
2206,2024-12-18 10:00:00,Low,LL,70.21,-0.2600000000000051,-0.0036895132680574427,Down,0.0005
2207,2024-12-18 10:16:00,High,HH,70.48,0.27000000000001023,0.0038456060390259506,Up,0.0005
2208,2024-12-18 10:22:00,Low,HL,70.32,-0.1600000000000108,-0.00227014755959154,Down,0.0005
2209,2024-12-18 10:25:00,High,LH,70.37,0.05000000000001137,0.0007110352673493914,Up,0.0005
2210,2024-12-18 10:28:00,Low,HL,70.32,-0.05000000000001137,-0.0007105300554215432,Down,0.0005
2211,2024-12-18 10:31:00,High,HH,70.44,0.12000000000000455,0.0017064846416383617,Up,0.0005
2212,2024-12-18 10:33:00,Low,HL,70.38,-0.060000000000002274,-0.0008517887563884718,Down,0.0005
2213,2024-12-18 10:35:00,High,HH,70.47,0.09000000000000341,0.0012787723785165905,Up,0.0005
2214,2024-12-18 10:36:00,Low,HL,70.41,-0.060000000000002274,-0.0008514261387825295,Down,0.0005
2215,2024-12-18 10:38:00,High,LH,70.46,0.04999999999999716,0.0007101264024995668,Up,0.0005
2216,2024-12-18 10:40:00,Low,LL,70.38,-0.0799999999999983,-0.0011353959693443105,Down,0.0005
2217,2024-12-18 10:46:00,High,HH,70.56,0.18000000000000682,0.002557544757033403,Up,0.0005
2218,2024-12-18 10:48:00,Low,HL,70.5,-0.060000000000002274,-0.0008503401360544505,Down,0.0005
2219,2024-12-18 10:56:00,High,HH,70.58,0.0799999999999983,0.0011347517730495582,Up,0.0005
2220,2024-12-18 11:02:00,Low,LL,70.42,-0.1599999999999966,-0.0022669311419665217,Down,0.0005
2221,2024-12-18 11:12:00,High,HH,70.78,0.35999999999999943,0.005112184038625456,Up,0.0005
2222,2024-12-18 11:14:00,Low,HL,70.73,-0.04999999999999716,-0.0007064142413110153,Down,0.0005
2223,2024-12-18 11:18:00,High,HH,70.78,0.04999999999999716,0.0007069136151562905,Up,0.0005
2224,2024-12-18 11:20:00,Low,HL,70.74,-0.04000000000000625,-0.0005651313930489232,Down,0.0005
2225,2024-12-18 11:23:00,High,HH,70.78,0.04000000000000625,0.0005654509471304525,Up,0.0005
2226,2024-12-18 11:26:00,Low,LL,70.6,-0.18000000000000682,-0.002543091268720099,Down,0.0005
2227,2024-12-18 11:28:00,High,LH,70.73,0.13000000000000966,0.0018413597733712983,Up,0.0005
2228,2024-12-18 11:31:00,Low,HL,70.65,-0.0799999999999983,-0.0011310617842499315,Down,0.0005
2229,2024-12-18 11:33:00,High,LH,70.69,0.03999999999999204,0.0005661712668081353,Up,0.0005
2230,2024-12-18 11:35:00,Low,HL,70.65,-0.03999999999999204,-0.0005658508982882005,Down,0.0005
2231,2024-12-18 11:38:00,High,HH,70.75,0.09999999999999432,0.0014154281670204494,Up,0.0005
2232,2024-12-18 11:42:00,Low,LL,70.64,-0.10999999999999943,-0.0015547703180212036,Down,0.0005
2233,2024-12-18 11:44:00,High,LH,70.68,0.04000000000000625,0.0005662514156286047,Up,0.0005
2234,2024-12-18 11:49:00,Low,LL,70.59,-0.09000000000000341,-0.0012733446519525016,Down,0.0005
2235,2024-12-18 11:53:00,High,LH,70.66,0.06999999999999318,0.000991641875619731,Up,0.0005
2236,2024-12-18 12:08:00,Low,LL,70.5,-0.1599999999999966,-0.002264364562694521,Down,0.0005
2237,2024-12-18 12:14:00,High,LH,70.56,0.060000000000002274,0.0008510638297871687,Up,0.0005
2238,2024-12-18 12:17:00,Low,HL,70.51,-0.04999999999999716,-0.0007086167800453014,Down,0.0005
2239,2024-12-18 12:23:00,High,HH,70.56,0.04999999999999716,0.0007091192738617469,Up,0.0005
2240,2024-12-18 12:36:00,Low,LL,70.23,-0.3299999999999983,-0.0046768707482992555,Down,0.0005
2241,2024-12-18 12:37:00,High,LH,70.27,0.03999999999999204,0.0005695571693007384,Up,0.0005
2242,2024-12-18 12:43:00,Low,LL,70.12,-0.14999999999999147,-0.0021346235947060643,Down,0.0005
2243,2024-12-18 13:10:00,High,HH,70.39,0.269999999999996,0.0038505419281231745,Up,0.0005
2244,2024-12-18 13:19:00,Low,HL,70.3,-0.09000000000000341,-0.0012785907089075677,Down,0.0005
2245,2024-12-18 13:22:00,High,HH,70.39,0.09000000000000341,0.0012802275960170917,Up,0.0005
2246,2024-12-18 13:24:00,Low,HL,70.32,-0.07000000000000739,-0.0009944594402615525,Down,0.0005
2247,2024-12-18 13:34:00,High,HH,70.43,0.11000000000001364,0.0015642775881685722,Up,0.0005
2248,2024-12-18 13:56:00,Low,LL,70.11,-0.3200000000000074,-0.0045435183870510265,Down,0.0005
2249,2024-12-18 14:01:00,High,LH,70.32,0.20999999999999375,0.002995293110825692,Up,0.0005
2250,2024-12-18 14:10:00,Low,HL,70.14,-0.1799999999999926,-0.0025597269624572094,Down,0.0005
2251,2024-12-18 14:13:00,High,LH,70.22,0.0799999999999983,0.0011405759908753588,Up,0.0005
2252,2024-12-18 14:22:00,Low,LL,70.09,-0.12999999999999545,-0.0018513244090002656,Down,0.0005
2253,2024-12-18 14:25:00,High,LH,70.17,0.0799999999999983,0.0011413896418890346,Up,0.0005
2254,2024-12-18 14:30:00,Low,LL,69.95,-0.21999999999999886,-0.0031352429813310545,Down,0.0005
2255,2024-12-18 14:32:00,High,LH,70.06,0.10999999999999943,0.001572551822730528,Up,0.0005
2256,2024-12-18 14:38:00,Low,LL,69.93,-0.12999999999999545,-0.0018555523836710774,Down,0.0005
2257,2024-12-18 14:39:00,High,LH,69.97,0.03999999999999204,0.000572000572000464,Up,0.0005
2258,2024-12-18 15:04:00,Low,LL,69.66,-0.3100000000000023,-0.004430470201514991,Down,0.0005
2259,2024-12-18 15:06:00,High,LH,69.72,0.060000000000002274,0.0008613264427217437,Up,0.0005
2260,2024-12-18 15:13:00,Low,LL,69.58,-0.14000000000000057,-0.002008032128514081,Down,0.0005
2261,2024-12-18 15:18:00,High,LH,69.68,0.10000000000000853,0.001437194596148439,Up,0.0005
2262,2024-12-18 15:47:00,Low,LL,69.41,-0.27000000000001023,-0.0038748564867969737,Down,0.0005
2263,2024-12-18 15:52:00,High,LH,69.51,0.10000000000000853,0.0014407145944390631,Up,0.0005
2264,2024-12-18 15:58:00,Low,HL,69.43,-0.0799999999999983,-0.0011509135376204238,Down,0.0005
2265,2024-12-18 16:13:00,High,HH,69.55,0.11999999999999034,0.001728359498775589,Up,0.0005
2266,2024-12-18 16:23:00,Low,HL,69.45,-0.09999999999999432,-0.0014378145219265948,Down,0.0005
2267,2024-12-18 16:38:00,High,LH,69.5,0.04999999999999716,0.0007199424046075986,Up,0.0005
2268,2024-12-18 16:44:00,Low,LL,69.43,-0.06999999999999318,-0.0010071942446042703,Down,0.0005
2269,2024-12-18 16:51:00,High,HH,69.5,0.06999999999999318,0.0010082097076191676,Up,0.0005
2270,2024-12-18 16:55:00,Low,HL,69.44,-0.060000000000002274,-0.0008633093525179936,Down,0.0005
2271,2024-12-18 18:00:00,High,HH,69.52,0.0799999999999983,0.0011520737327188613,Up,0.0005
2272,2024-12-18 18:19:00,Low,HL,69.46,-0.060000000000002274,-0.0008630609896432828,Down,0.0005
2273,2024-12-18 18:33:00,High,HH,69.52,0.060000000000002274,0.0008638065073423018,Up,0.0005
2274,2024-12-18 18:44:00,Low,LL,69.44,-0.0799999999999983,-0.0011507479861909697,Down,0.0005
2275,2024-12-18 18:49:00,High,LH,69.49,0.04999999999999716,0.0007200460829492883,Up,0.0005
2276,2024-12-18 18:59:00,Low,LL,69.43,-0.05999999999998806,-0.0008634335875663535,Down,0.0005
2277,2024-12-18 19:31:00,High,HH,69.54,0.10999999999999943,0.001584329540544438,Up,0.0005
2278,2024-12-18 19:55:00,Low,HL,69.44,-0.10000000000000853,-0.0014380212827150851,Down,0.0005
2279,2024-12-18 20:06:00,High,HH,69.65,0.21000000000000796,0.003024193548387233,Up,0.0005
2280,2024-12-18 20:08:00,Low,HL,69.57,-0.0800000000000125,-0.001148600143575207,Down,0.0005
2281,2024-12-18 20:24:00,High,HH,69.68,0.11000000000001364,0.0015811412965360816,Up,0.0005
2282,2024-12-18 20:35:00,Low,LL,69.55,-0.13000000000000966,-0.001865671641791189,Down,0.0005
2283,2024-12-18 20:51:00,High,LH,69.66,0.10999999999999943,0.001581595974119221,Up,0.0005
2284,2024-12-18 21:29:00,Low,LL,69.44,-0.21999999999999886,-0.0031581969566465418,Down,0.0005
2285,2024-12-18 21:57:00,High,LH,69.65,0.21000000000000796,0.003024193548387233,Up,0.0005
2286,2024-12-18 22:03:00,Low,HL,69.58,-0.07000000000000739,-0.0010050251256282783,Down,0.0005
2287,2024-12-18 22:34:00,High,HH,69.72,0.14000000000000057,0.002012072434607548,Up,0.0005
2288,2024-12-18 22:44:00,Low,HL,69.68,-0.03999999999999204,-0.0005737234652896106,Down,0.0005
2289,2024-12-18 22:46:00,High,HH,69.72,0.03999999999999204,0.0005740528128586053,Up,0.0005
2290,2024-12-18 23:11:00,Low,LL,69.57,-0.15000000000000568,-0.002151462994836595,Down,0.0005
2291,2024-12-18 23:55:00,High,LH,69.61,0.04000000000000625,0.000574960471467767,Up,0.0005
2292,2024-12-19 00:27:00,Low,LL,69.45,-0.1599999999999966,-0.0022985203275390775,Down,0.0005
2293,2024-12-19 00:49:00,High,LH,69.57,0.11999999999999034,0.0017278617710581035,Up,0.0005
2294,2024-12-19 01:01:00,Low,HL,69.52,-0.04999999999999716,-0.0007187005893344312,Down,0.0005
2295,2024-12-19 01:54:00,High,HH,69.78,0.2600000000000051,0.003739930955120929,Up,0.0005
2296,2024-12-19 02:02:00,Low,HL,69.64,-0.14000000000000057,-0.0020063055316710265,Down,0.0005
2297,2024-12-19 02:08:00,High,LH,69.68,0.04000000000000625,0.0005743825387709567,Up,0.0005
2298,2024-12-19 02:27:00,Low,LL,69.56,-0.12000000000000455,-0.001722158438576371,Down,0.0005
2299,2024-12-19 02:29:00,High,LH,69.61,0.04999999999999716,0.0007188039102932198,Up,0.0005
2300,2024-12-19 02:43:00,Low,LL,69.52,-0.09000000000000341,-0.0012929176842407797,Down,0.0005
2301,2024-12-19 02:45:00,High,LH,69.57,0.04999999999999716,0.0007192174913692728,Up,0.0005
2302,2024-12-19 02:46:00,Low,HL,69.53,-0.03999999999999204,-0.0005749604714674339,Down,0.0005
2303,2024-12-19 02:47:00,High,HH,69.57,0.03999999999999204,0.0005752912411907118,Up,0.0005
2304,2024-12-19 02:55:00,Low,LL,69.45,-0.11999999999999034,-0.0017248814144026348,Down,0.0005
2305,2024-12-19 02:59:00,High,LH,69.56,0.10999999999999943,0.0015838732901367614,Up,0.0005
2306,2024-12-19 03:01:00,Low,HL,69.49,-0.07000000000000739,-0.0010063254744107075,Down,0.0005
2307,2024-12-19 03:02:00,High,LH,69.54,0.05000000000001137,0.000719527989639035,Up,0.0005
2308,2024-12-19 03:15:00,Low,LL,69.3,-0.2400000000000091,-0.003451251078516071,Down,0.0005
2309,2024-12-19 03:22:00,High,LH,69.44,0.14000000000000057,0.002020202020202033,Up,0.0005
2310,2024-12-19 03:23:00,Low,HL,69.39,-0.04999999999999716,-0.0007200460829492883,Down,0.0005
2311,2024-12-19 03:26:00,High,HH,69.46,0.06999999999999318,0.001008790892059297,Up,0.0005
2312,2024-12-19 03:31:00,Low,HL,69.41,-0.04999999999999716,-0.0007198387561185848,Down,0.0005
2313,2024-12-19 03:34:00,High,HH,69.62,0.21000000000000796,0.003025500648321744,Up,0.0005
2314,2024-12-19 03:38:00,Low,HL,69.58,-0.04000000000000625,-0.0005745475438093672,Down,0.0005
2315,2024-12-19 03:43:00,High,HH,69.63,0.04999999999999716,0.0007185972980741084,Up,0.0005
2316,2024-12-19 03:49:00,Low,LL,69.56,-0.06999999999999318,-0.0010053138015222451,Down,0.0005
2317,2024-12-19 03:52:00,High,HH,69.65,0.09000000000000341,0.0012938470385279732,Up,0.0005
2318,2024-12-19 03:55:00,Low,HL,69.58,-0.07000000000000739,-0.0010050251256282783,Down,0.0005
2319,2024-12-19 04:13:00,High,HH,69.98,0.4000000000000057,0.005748778384593312,Up,0.0005
2320,2024-12-19 04:15:00,Low,HL,69.93,-0.04999999999999716,-0.0007144898542440492,Down,0.0005
2321,2024-12-19 04:17:00,High,LH,69.97,0.03999999999999204,0.000572000572000464,Up,0.0005
2322,2024-12-19 04:18:00,Low,LL,69.91,-0.060000000000002274,-0.0008575103615835467,Down,0.0005
2323,2024-12-19 04:19:00,High,LH,69.95,0.04000000000000625,0.0005721642111287117,Up,0.0005
2324,2024-12-19 04:26:00,Low,LL,69.84,-0.10999999999999943,-0.001572551822730528,Down,0.0005
2325,2024-12-19 04:39:00,High,HH,70.01,0.1700000000000017,0.0024341351660939203,Up,0.0005
2326,2024-12-19 04:42:00,Low,HL,69.95,-0.060000000000002274,-0.0008570204256534986,Down,0.0005
2327,2024-12-19 04:51:00,High,LH,70.0,0.04999999999999716,0.0007147962830593713,Up,0.0005
2328,2024-12-19 05:05:00,Low,LL,69.88,-0.12000000000000455,-0.0017142857142857792,Down,0.0005
2329,2024-12-19 05:07:00,High,LH,69.96,0.0799999999999983,0.0011448196908987462,Up,0.0005
2330,2024-12-19 05:08:00,Low,HL,69.92,-0.03999999999999204,-0.0005717552887363198,Down,0.0005
2331,2024-12-19 05:29:00,High,HH,70.14,0.21999999999999886,0.0031464530892448828,Up,0.0005
2332,2024-12-19 05:39:00,Low,HL,70.03,-0.10999999999999943,-0.0015682919874536738,Down,0.0005
2333,2024-12-19 05:43:00,High,LH,70.08,0.04999999999999716,0.0007139797229758216,Up,0.0005
2334,2024-12-19 06:04:00,Low,LL,69.9,-0.1799999999999926,-0.0025684931506848585,Down,0.0005
2335,2024-12-19 06:06:00,High,LH,69.95,0.04999999999999716,0.0007153075822603494,Up,0.0005
2336,2024-12-19 06:11:00,Low,LL,69.89,-0.060000000000002274,-0.0008577555396712677,Down,0.0005
2337,2024-12-19 06:18:00,High,HH,69.95,0.060000000000002274,0.0008584919158678428,Up,0.0005
2338,2024-12-19 06:26:00,Low,LL,69.81,-0.14000000000000057,-0.0020014295925661063,Down,0.0005
2339,2024-12-19 06:34:00,High,LH,69.91,0.09999999999999432,0.0014324595330181822,Up,0.0005
2340,2024-12-19 06:43:00,Low,HL,69.83,-0.0799999999999983,-0.0011443284222572014,Down,0.0005
2341,2024-12-19 06:47:00,High,HH,69.91,0.0799999999999983,0.0011456394099955691,Up,0.0005
2342,2024-12-19 07:00:00,Low,LL,69.77,-0.14000000000000057,-0.002002574738950047,Down,0.0005
2343,2024-12-19 07:09:00,High,LH,69.85,0.0799999999999983,0.0011466246237636923,Up,0.0005
2344,2024-12-19 07:11:00,Low,HL,69.81,-0.03999999999999204,-0.0005726556907658109,Down,0.0005
2345,2024-12-19 07:13:00,High,HH,69.88,0.06999999999999318,0.00100272167311255,Up,0.0005
2346,2024-12-19 07:20:00,Low,LL,69.69,-0.18999999999999773,-0.002718946765884356,Down,0.0005
2347,2024-12-19 07:38:00,High,HH,69.89,0.20000000000000284,0.0028698522026116002,Up,0.0005
2348,2024-12-19 07:48:00,Low,HL,69.71,-0.18000000000000682,-0.0025754757476035284,Down,0.0005
2349,2024-12-19 07:52:00,High,LH,69.76,0.05000000000001137,0.0007172572084350737,Up,0.0005
2350,2024-12-19 07:55:00,Low,HL,69.71,-0.05000000000001137,-0.0007167431192661722,Down,0.0005
2351,2024-12-19 08:08:00,High,HH,69.89,0.18000000000000682,0.002582125950365999,Up,0.0005
2352,2024-12-19 08:11:00,Low,HL,69.84,-0.04999999999999716,-0.000715409929889832,Down,0.0005
2353,2024-12-19 08:19:00,High,HH,70.03,0.18999999999999773,0.0027205040091637933,Up,0.0005
2354,2024-12-19 08:20:00,Low,HL,69.99,-0.04000000000000625,-0.0005711837783808349,Down,0.0005
2355,2024-12-19 08:25:00,High,HH,70.07,0.0799999999999983,0.0011430204314901715,Up,0.0005
2356,2024-12-19 08:28:00,Low,HL,70.0,-0.06999999999999318,-0.0009990009990008542,Down,0.0005
2357,2024-12-19 08:34:00,High,HH,70.2,0.20000000000000284,0.0028571428571428914,Up,0.0005
2358,2024-12-19 08:35:00,Low,HL,70.14,-0.060000000000002274,-0.0008547008547008517,Down,0.0005
2359,2024-12-19 08:54:00,High,HH,70.43,0.29000000000000625,0.004134587966923453,Up,0.0005
2360,2024-12-19 08:59:00,Low,HL,70.38,-0.05000000000001137,-0.0007099247479769311,Down,0.0005
2361,2024-12-19 09:01:00,High,HH,70.51,0.13000000000000966,0.0018471156578574455,Up,0.0005
2362,2024-12-19 09:05:00,Low,LL,70.37,-0.14000000000000057,-0.0019855339668132244,Down,0.0005
2363,2024-12-19 09:10:00,High,HH,70.57,0.19999999999998863,0.0028421202216852848,Up,0.0005
2364,2024-12-19 09:12:00,Low,HL,70.5,-0.06999999999999318,-0.0009919229134192076,Down,0.0005
2365,2024-12-19 09:14:00,High,LH,70.54,0.04000000000000625,0.0005673758865250011,Up,0.0005
2366,2024-12-19 09:16:00,Low,LL,70.4,-0.14000000000000057,-0.0019846895378509144,Down,0.0005
2367,2024-12-19 09:20:00,High,LH,70.53,0.12999999999999545,0.001846590909090784,Up,0.0005
2368,2024-12-19 09:30:00,Low,LL,70.35,-0.18000000000000682,-0.00255210548702689,Down,0.0005
2369,2024-12-19 09:33:00,High,LH,70.43,0.0800000000000125,0.0011371712864252093,Up,0.0005
2370,2024-12-19 09:35:00,Low,HL,70.36,-0.07000000000000739,-0.0009938946471674814,Down,0.0005
2371,2024-12-19 09:36:00,High,HH,70.51,0.15000000000000568,0.0021318931210916325,Up,0.0005
2372,2024-12-19 09:39:00,Low,HL,70.37,-0.14000000000000057,-0.0019855339668132244,Down,0.0005
2373,2024-12-19 09:40:00,High,LH,70.41,0.03999999999999204,0.0005684240443368793,Up,0.0005
2374,2024-12-19 09:43:00,Low,LL,70.29,-0.11999999999999034,-0.001704303365999027,Down,0.0005
2375,2024-12-19 09:44:00,High,LH,70.36,0.06999999999999318,0.0009958742353106675,Up,0.0005
2376,2024-12-19 09:45:00,Low,LL,70.27,-0.09000000000000341,-0.0012791358726549351,Down,0.0005
2377,2024-12-19 09:51:00,High,HH,70.41,0.14000000000000057,0.001992315355059171,Up,0.0005
2378,2024-12-19 09:55:00,Low,LL,70.26,-0.14999999999999147,-0.0021303792074988115,Down,0.0005
2379,2024-12-19 10:00:00,High,LH,70.34,0.0799999999999983,0.001138627953316318,Up,0.0005
2380,2024-12-19 10:04:00,Low,LL,70.24,-0.10000000000000853,-0.0014216661927780594,Down,0.0005
2381,2024-12-19 10:05:00,High,LH,70.28,0.04000000000000625,0.0005694760820047495,Up,0.0005
2382,2024-12-19 10:10:00,Low,LL,70.08,-0.20000000000000284,-0.002845759817871385,Down,0.0005
2383,2024-12-19 10:13:00,High,LH,70.13,0.04999999999999716,0.0007134703196347569,Up,0.0005
2384,2024-12-19 10:16:00,Low,LL,69.91,-0.21999999999999886,-0.003137031227719911,Down,0.0005
2385,2024-12-19 10:20:00,High,LH,70.03,0.12000000000000455,0.0017164926333859132,Up,0.0005
2386,2024-12-19 10:26:00,Low,HL,69.92,-0.10999999999999943,-0.0015707553905468519,Down,0.0005
2387,2024-12-19 10:27:00,High,LH,70.0,0.0799999999999983,0.0011441647597254523,Up,0.0005
2388,2024-12-19 10:29:00,Low,HL,69.92,-0.0799999999999983,-0.0011428571428571122,Down,0.0005
2389,2024-12-19 10:32:00,High,HH,70.0,0.0799999999999983,0.0011441647597254523,Up,0.0005
2390,2024-12-19 10:36:00,Low,LL,69.81,-0.18999999999999773,-0.002714285714285669,Down,0.0005
2391,2024-12-19 10:37:00,High,LH,69.9,0.09000000000000341,0.0012892135797164528,Up,0.0005
2392,2024-12-19 10:41:00,Low,LL,69.77,-0.13000000000000966,-0.0018597997138770639,Down,0.0005
2393,2024-12-19 10:42:00,High,LH,69.81,0.04000000000000625,0.0005733123118820682,Up,0.0005
2394,2024-12-19 10:48:00,Low,LL,69.75,-0.060000000000002274,-0.0008594757198109315,Down,0.0005
2395,2024-12-19 10:54:00,High,HH,69.89,0.14000000000000057,0.002007168458781461,Up,0.0005
2396,2024-12-19 11:01:00,Low,LL,69.63,-0.2600000000000051,-0.0037201316354271707,Down,0.0005
2397,2024-12-19 11:09:00,High,LH,69.77,0.14000000000000057,0.0020106276030447123,Up,0.0005
2398,2024-12-19 11:13:00,Low,LL,69.53,-0.23999999999999488,-0.003439873871291299,Down,0.0005
2399,2024-12-19 11:16:00,High,LH,69.61,0.0799999999999983,0.0011505824823816457,Up,0.0005
2400,2024-12-19 11:18:00,Low,LL,69.39,-0.21999999999999886,-0.003160465450366301,Down,0.0005
2401,2024-12-19 11:23:00,High,LH,69.47,0.0799999999999983,0.0011529038766393551,Up,0.0005
2402,2024-12-19 11:24:00,Low,HL,69.41,-0.060000000000002274,-0.000863682164963353,Down,0.0005
2403,2024-12-19 11:26:00,High,HH,69.54,0.13000000000000966,0.0018729289727705822,Up,0.0005
2404,2024-12-19 11:29:00,Low,HL,69.46,-0.0800000000000125,-0.0011504170261721347,Down,0.0005
2405,2024-12-19 11:31:00,High,HH,69.61,0.15000000000000568,0.0021595162683558655,Up,0.0005
2406,2024-12-19 11:36:00,Low,LL,69.37,-0.23999999999999488,-0.003447780491308672,Down,0.0005
2407,2024-12-19 11:38:00,High,LH,69.43,0.060000000000002274,0.0008649272019605192,Up,0.0005
2408,2024-12-19 11:41:00,Low,LL,69.28,-0.15000000000000568,-0.0021604493734697083,Down,0.0005
2409,2024-12-19 11:45:00,High,LH,69.41,0.12999999999999545,0.0018764434180138512,Up,0.0005
2410,2024-12-19 11:49:00,Low,HL,69.33,-0.0799999999999983,-0.0011525716755510507,Down,0.0005
2411,2024-12-19 11:51:00,High,HH,69.47,0.14000000000000057,0.002019327852300634,Up,0.0005
2412,2024-12-19 11:57:00,Low,LL,69.28,-0.18999999999999773,-0.0027349935223837107,Down,0.0005
2413,2024-12-19 12:06:00,High,LH,69.38,0.09999999999999432,0.0014434180138567232,Up,0.0005
2414,2024-12-19 12:07:00,Low,HL,69.34,-0.03999999999999204,-0.0005765350245026113,Down,0.0005
2415,2024-12-19 12:17:00,High,HH,69.43,0.09000000000000341,0.0012979521199885102,Up,0.0005
2416,2024-12-19 12:24:00,Low,LL,69.27,-0.1600000000000108,-0.0023044793317011925,Down,0.0005
2417,2024-12-19 12:27:00,High,LH,69.33,0.060000000000002274,0.0008661758336943048,Up,0.0005
2418,2024-12-19 12:31:00,Low,HL,69.29,-0.03999999999999204,-0.0005769508149429114,Down,0.0005
2419,2024-12-19 12:36:00,High,HH,69.41,0.11999999999999034,0.0017318516380429028,Up,0.0005
2420,2024-12-19 12:46:00,Low,LL,69.23,-0.1799999999999926,-0.0025932862699897807,Down,0.0005
2421,2024-12-19 13:01:00,High,HH,69.43,0.20000000000000284,0.002888920988010968,Up,0.0005
2422,2024-12-19 13:06:00,Low,HL,69.35,-0.0800000000000125,-0.0011522396658506517,Down,0.0005
2423,2024-12-19 13:08:00,High,HH,69.43,0.0800000000000125,0.0011535688536410404,Up,0.0005
2424,2024-12-19 13:09:00,Low,HL,69.37,-0.060000000000002274,-0.0008641797493879055,Down,0.0005
2425,2024-12-19 13:12:00,High,HH,69.5,0.12999999999999545,0.001874008937581051,Up,0.0005
2426,2024-12-19 13:18:00,Low,HL,69.4,-0.09999999999999432,-0.0014388489208632116,Down,0.0005
2427,2024-12-19 13:21:00,High,LH,69.45,0.04999999999999716,0.0007204610951008217,Up,0.0005
2428,2024-12-19 13:29:00,Low,LL,69.36,-0.09000000000000341,-0.0012958963282937441,Down,0.0005
2429,2024-12-19 13:36:00,High,HH,69.48,0.12000000000000455,0.0017301038062285112,Up,0.0005
2430,2024-12-19 13:47:00,Low,HL,69.37,-0.10999999999999943,-0.0015831894070236219,Down,0.0005
2431,2024-12-19 13:55:00,High,LH,69.47,0.09999999999999432,0.0014415453366007913,Up,0.0005
2432,2024-12-19 14:13:00,Low,LL,69.21,-0.2600000000000051,-0.0037426227148410485,Down,0.0005
2433,2024-12-19 14:16:00,High,LH,69.29,0.0800000000000125,0.0011559023262535106,Up,0.0005
2434,2024-12-19 14:18:00,Low,HL,69.25,-0.04000000000000625,-0.0005772838793477453,Down,0.0005
2435,2024-12-19 14:28:00,High,HH,69.4,0.15000000000000568,0.0021660649819494893,Up,0.0005
2436,2024-12-19 14:36:00,Low,HL,69.29,-0.10999999999999943,-0.0015850144092218743,Down,0.0005
2437,2024-12-19 14:39:00,High,LH,69.33,0.03999999999999204,0.0005772838793476343,Up,0.0005
2438,2024-12-19 15:02:00,Low,LL,69.19,-0.14000000000000057,-0.002019327852300634,Down,0.0005
2439,2024-12-19 15:04:00,High,LH,69.23,0.04000000000000625,0.000578118225177171,Up,0.0005
2440,2024-12-19 15:12:00,Low,LL,69.16,-0.07000000000000739,-0.0010111223458039165,Down,0.0005
2441,2024-12-19 15:16:00,High,HH,69.25,0.09000000000000341,0.0013013302486988287,Up,0.0005
2442,2024-12-19 15:29:00,Low,LL,69.15,-0.09999999999999432,-0.0014440433212995485,Down,0.0005
2443,2024-12-19 15:31:00,High,LH,69.19,0.03999999999999204,0.0005784526391900968,Up,0.0005
2444,2024-12-19 15:37:00,Low,LL,69.12,-0.06999999999999318,-0.0010117068940597163,Down,0.0005
2445,2024-12-19 15:46:00,High,HH,69.19,0.06999999999999318,0.0010127314814813992,Up,0.0005
2446,2024-12-19 16:00:00,Low,LL,69.1,-0.09000000000000341,-0.0013007660066484128,Down,0.0005
2447,2024-12-19 16:41:00,High,HH,69.24,0.14000000000000057,0.0020260492040520273,Up,0.0005
2448,2024-12-19 16:52:00,Low,HL,69.19,-0.04999999999999716,-0.0007221259387636403,Down,0.0005
2449,2024-12-19 18:17:00,High,HH,69.27,0.0799999999999983,0.00115623645035412,Up,0.0005
2450,2024-12-19 19:26:00,Low,LL,69.08,-0.18999999999999773,-0.0027428901400317063,Down,0.0005
2451,2024-12-19 19:36:00,High,LH,69.13,0.04999999999999716,0.000723798494498995,Up,0.0005
2452,2024-12-19 19:53:00,Low,LL,69.07,-0.060000000000002274,-0.000867929986981042,Down,0.0005
2453,2024-12-19 19:58:00,High,LH,69.12,0.05000000000001137,0.0007239032865211659,Up,0.0005
2454,2024-12-19 20:02:00,Low,HL,69.07,-0.05000000000001137,-0.0007233796296297612,Down,0.0005
2455,2024-12-19 20:05:00,High,HH,69.12,0.05000000000001137,0.0007239032865211659,Up,0.0005
2456,2024-12-19 20:21:00,Low,LL,69.03,-0.09000000000000341,-0.0013020833333333703,Down,0.0005
2457,2024-12-19 20:35:00,High,HH,69.16,0.12999999999999545,0.0018832391713747842,Up,0.0005
2458,2024-12-19 20:49:00,Low,HL,69.03,-0.12999999999999545,-0.001879699248120259,Down,0.0005
2459,2024-12-19 21:00:00,High,LH,69.11,0.0799999999999983,0.0011589164131535767,Up,0.0005
2460,2024-12-19 21:55:00,Low,LL,68.96,-0.15000000000000568,-0.0021704529011721263,Down,0.0005
2461,2024-12-19 22:00:00,High,LH,69.0,0.04000000000000625,0.0005800464037124531,Up,0.0005
2462,2024-12-19 22:04:00,Low,LL,68.93,-0.06999999999999318,-0.0010144927536230863,Down,0.0005
2463,2024-12-19 22:26:00,High,HH,69.06,0.12999999999999545,0.0018859712752066216,Up,0.0005
2464,2024-12-19 22:56:00,Low,LL,68.9,-0.1599999999999966,-0.002316825948450618,Down,0.0005
2465,2024-12-19 23:27:00,High,LH,69.01,0.10999999999999943,0.0015965166908562534,Up,0.0005
2466,2024-12-20 00:03:00,Low,HL,68.92,-0.09000000000000341,-0.0013041588175627394,Down,0.0005
2467,2024-12-20 00:21:00,High,LH,69.0,0.0799999999999983,0.0011607661056296514,Up,0.0005
2468,2024-12-20 00:37:00,Low,HL,68.92,-0.0799999999999983,-0.001159420289855051,Down,0.0005
2469,2024-12-20 01:23:00,High,HH,69.16,0.23999999999999488,0.0034822983168891763,Up,0.0005
2470,2024-12-20 01:26:00,Low,HL,69.12,-0.03999999999999204,-0.0005783689994215413,Down,0.0005
2471,2024-12-20 01:40:00,High,HH,69.19,0.06999999999999318,0.0010127314814813992,Up,0.0005
2472,2024-12-20 02:13:00,Low,LL,69.0,-0.18999999999999773,-0.0027460615695908963,Down,0.0005
2473,2024-12-20 02:21:00,High,LH,69.09,0.09000000000000341,0.0013043478260870156,Up,0.0005
2474,2024-12-20 02:24:00,Low,HL,69.05,-0.04000000000000625,-0.0005789549862499355,Down,0.0005
2475,2024-12-20 02:27:00,High,HH,69.09,0.04000000000000625,0.0005792903692976026,Up,0.0005
2476,2024-12-20 02:41:00,Low,LL,68.99,-0.10000000000000853,-0.0014473874656246721,Down,0.0005
2477,2024-12-20 02:44:00,High,LH,69.03,0.04000000000000625,0.0005797941730687484,Up,0.0005
2478,2024-12-20 03:00:00,Low,LL,68.89,-0.14000000000000057,-0.0020281037230189813,Down,0.0005
2479,2024-12-20 03:03:00,High,LH,68.99,0.09999999999999432,0.0014515894904920668,Up,0.0005
2480,2024-12-20 03:07:00,Low,HL,68.95,-0.03999999999999204,-0.0005797941730684153,Down,0.0005
2481,2024-12-20 03:12:00,High,HH,69.0,0.04999999999999716,0.0007251631617113397,Up,0.0005
2482,2024-12-20 03:15:00,Low,LL,68.93,-0.06999999999999318,-0.0010144927536230863,Down,0.0005
2483,2024-12-20 03:22:00,High,HH,69.02,0.0899999999999892,0.0013056724212967552,Up,0.0005
2484,2024-12-20 03:25:00,Low,HL,68.98,-0.03999999999999204,-0.0005795421616920926,Down,0.0005
2485,2024-12-20 03:36:00,High,HH,69.16,0.1799999999999926,0.0026094520150767853,Up,0.0005
2486,2024-12-20 04:02:00,Low,LL,68.8,-0.35999999999999943,-0.005205320994794649,Down,0.0005
2487,2024-12-20 04:04:00,High,LH,68.86,0.060000000000002274,0.0008720930232557489,Up,0.0005
2488,2024-12-20 04:06:00,Low,LL,68.78,-0.0799999999999983,-0.0011617775196050006,Down,0.0005
2489,2024-12-20 04:08:00,High,LH,68.85,0.06999999999999318,0.001017737714451794,Up,0.0005
2490,2024-12-20 04:21:00,Low,LL,68.75,-0.09999999999999432,-0.001452432824981753,Down,0.0005
2491,2024-12-20 04:25:00,High,LH,68.81,0.060000000000002274,0.0008727272727273583,Up,0.0005
2492,2024-12-20 04:35:00,Low,LL,68.67,-0.14000000000000057,-0.0020345879959308144,Down,0.0005
2493,2024-12-20 04:40:00,High,HH,68.81,0.14000000000000057,0.0020387359836901986,Up,0.0005
2494,2024-12-20 04:50:00,Low,HL,68.75,-0.060000000000002274,-0.000871966283970349,Down,0.0005
2495,2024-12-20 04:52:00,High,HH,68.81,0.060000000000002274,0.0008727272727273583,Up,0.0005
2496,2024-12-20 04:55:00,Low,LL,68.66,-0.15000000000000568,-0.002179915709925928,Down,0.0005
2497,2024-12-20 04:57:00,High,LH,68.71,0.04999999999999716,0.0007282260413632446,Up,0.0005
2498,2024-12-20 05:02:00,Low,LL,68.63,-0.0799999999999983,-0.00116431378256443,Down,0.0005
2499,2024-12-20 05:10:00,High,HH,68.71,0.0799999999999983,0.0011656709893632655,Up,0.0005
2500,2024-12-20 05:14:00,Low,HL,68.63,-0.0799999999999983,-0.00116431378256443,Down,0.0005
2501,2024-12-20 05:17:00,High,LH,68.67,0.04000000000000625,0.0005828354946817438,Up,0.0005
2502,2024-12-20 05:30:00,Low,LL,68.58,-0.09000000000000341,-0.001310615989515096,Down,0.0005
2503,2024-12-20 05:32:00,High,HH,68.71,0.12999999999999545,0.0018955963837852252,Up,0.0005
2504,2024-12-20 05:34:00,Low,HL,68.67,-0.03999999999999204,-0.0005821568912820485,Down,0.0005
2505,2024-12-20 05:37:00,High,HH,68.75,0.0799999999999983,0.0011649919906799866,Up,0.0005
2506,2024-12-20 05:41:00,Low,LL,68.64,-0.10999999999999943,-0.0016000000000000458,Down,0.0005
2507,2024-12-20 05:48:00,High,LH,68.72,0.0799999999999983,0.0011655011655011815,Up,0.0005
2508,2024-12-20 06:03:00,Low,LL,68.58,-0.14000000000000057,-0.0020372526193248586,Down,0.0005
2509,2024-12-20 06:08:00,High,LH,68.65,0.07000000000000739,0.001020705745115258,Up,0.0005
2510,2024-12-20 06:12:00,Low,HL,68.6,-0.05000000000001137,-0.000728332119446673,Down,0.0005
2511,2024-12-20 06:16:00,High,HH,68.65,0.05000000000001137,0.0007288629737611796,Up,0.0005
2512,2024-12-20 06:45:00,Low,LL,68.51,-0.14000000000000057,-0.002039329934450107,Down,0.0005
2513,2024-12-20 06:53:00,High,LH,68.56,0.04999999999999716,0.000729820464165698,Up,0.0005
2514,2024-12-20 06:57:00,Low,LL,68.48,-0.0799999999999983,-0.001166861143523934,Down,0.0005
2515,2024-12-20 07:07:00,High,HH,68.67,0.18999999999999773,0.0027745327102803863,Up,0.0005
2516,2024-12-20 07:08:00,Low,HL,68.62,-0.04999999999999716,-0.0007281199941749916,Down,0.0005
2517,2024-12-20 07:23:00,High,HH,68.74,0.11999999999999034,0.0017487612940831898,Up,0.0005
2518,2024-12-20 07:28:00,Low,HL,68.68,-0.05999999999998806,-0.0008728542333428235,Down,0.0005
2519,2024-12-20 07:53:00,High,HH,69.09,0.4099999999999966,0.005969714618520694,Up,0.0005
2520,2024-12-20 07:55:00,Low,HL,69.05,-0.04000000000000625,-0.0005789549862499355,Down,0.0005
2521,2024-12-20 07:57:00,High,HH,69.13,0.0799999999999983,0.0011585807385952052,Up,0.0005
2522,2024-12-20 08:05:00,Low,LL,69.02,-0.10999999999999943,-0.0015912049761319658,Down,0.0005
2523,2024-12-20 08:09:00,High,LH,69.1,0.0799999999999983,0.0011590843233844073,Up,0.0005
2524,2024-12-20 08:10:00,Low,HL,69.06,-0.03999999999999204,-0.0005788712011576269,Down,0.0005
2525,2024-12-20 08:18:00,High,HH,69.16,0.09999999999999432,0.001448016217781456,Up,0.0005
2526,2024-12-20 08:19:00,Low,HL,69.1,-0.060000000000002274,-0.0008675534991324785,Down,0.0005
2527,2024-12-20 08:21:00,High,HH,69.17,0.07000000000000739,0.0010130246020261247,Up,0.0005
2528,2024-12-20 08:28:00,Low,HL,69.12,-0.04999999999999716,-0.0007228567297961064,Down,0.0005
2529,2024-12-20 08:32:00,High,HH,69.17,0.04999999999999716,0.0007233796296295392,Up,0.0005
2530,2024-12-20 08:35:00,Low,HL,69.13,-0.04000000000000625,-0.0005782853838369739,Down,0.0005
2531,2024-12-20 08:36:00,High,HH,69.17,0.04000000000000625,0.0005786199913206946,Up,0.0005
2532,2024-12-20 08:48:00,Low,LL,68.88,-0.29000000000000625,-0.004192569032817839,Down,0.0005
2533,2024-12-20 08:49:00,High,LH,68.93,0.05000000000001137,0.0007259001161441514,Up,0.0005
2534,2024-12-20 09:00:00,Low,LL,68.64,-0.29000000000000625,-0.004207166690845865,Down,0.0005
2535,2024-12-20 09:06:00,High,HH,69.05,0.4099999999999966,0.005973193473193472,Up,0.0005
2536,2024-12-20 09:09:00,Low,HL,68.88,-0.1700000000000017,-0.002461984069514922,Down,0.0005
2537,2024-12-20 09:10:00,High,LH,68.92,0.04000000000000625,0.0005807200929153211,Up,0.0005
2538,2024-12-20 09:18:00,Low,LL,68.83,-0.09000000000000341,-0.0013058618688335244,Down,0.0005
2539,2024-12-20 09:20:00,High,LH,68.87,0.04000000000000625,0.0005811419439198939,Up,0.0005
2540,2024-12-20 09:24:00,Low,LL,68.78,-0.09000000000000341,-0.0013068099317555815,Down,0.0005
2541,2024-12-20 09:27:00,High,LH,68.82,0.03999999999999204,0.0005815644082580729,Up,0.0005
2542,2024-12-20 09:38:00,Low,LL,68.56,-0.2599999999999909,-0.0037779715199068864,Down,0.0005
2543,2024-12-20 09:41:00,High,LH,68.76,0.20000000000000284,0.0029171528588098905,Up,0.0005
2544,2024-12-20 09:48:00,Low,LL,68.47,-0.29000000000000625,-0.004217568353694134,Down,0.0005
2545,2024-12-20 09:53:00,High,LH,68.62,0.15000000000000568,0.0021907404702790068,Up,0.0005
2546,2024-12-20 09:54:00,Low,HL,68.58,-0.04000000000000625,-0.0005829204313612113,Down,0.0005
2547,2024-12-20 09:56:00,High,HH,68.63,0.04999999999999716,0.0007290755322251208,Up,0.0005
2548,2024-12-20 09:59:00,Low,LL,68.55,-0.0799999999999983,-0.0011656709893632655,Down,0.0005
2549,2024-12-20 10:01:00,High,HH,68.66,0.10999999999999943,0.0016046681254557882,Up,0.0005
2550,2024-12-20 10:03:00,Low,HL,68.6,-0.060000000000002274,-0.0008738712496358936,Down,0.0005
2551,2024-12-20 10:12:00,High,HH,68.81,0.21000000000000796,0.003061224489796066,Up,0.0005
2552,2024-12-20 10:14:00,Low,HL,68.72,-0.09000000000000341,-0.001307949425955579,Down,0.0005
2553,2024-12-20 10:22:00,High,HH,68.94,0.21999999999999886,0.003201396973224746,Up,0.0005
2554,2024-12-20 10:23:00,Low,HL,68.89,-0.04999999999999716,-0.0007252683492892098,Down,0.0005
2555,2024-12-20 10:30:00,High,HH,69.07,0.1799999999999926,0.00261286108288572,Up,0.0005
2556,2024-12-20 10:51:00,Low,HL,68.9,-0.1699999999999875,-0.0024612711741709425,Down,0.0005
2557,2024-12-20 10:58:00,High,HH,69.12,0.21999999999999886,0.0031930333817125067,Up,0.0005
2558,2024-12-20 11:03:00,Low,HL,69.02,-0.10000000000000853,-0.0014467592592594114,Down,0.0005
2559,2024-12-20 11:11:00,High,HH,69.29,0.27000000000001023,0.003911909591422846,Up,0.0005
2560,2024-12-20 11:14:00,Low,HL,69.24,-0.05000000000001137,-0.0007216048491847094,Down,0.0005
2561,2024-12-20 11:24:00,High,HH,69.44,0.20000000000000284,0.0028885037550550052,Up,0.0005
2562,2024-12-20 11:33:00,Low,HL,69.24,-0.20000000000000284,-0.002880184331797264,Down,0.0005
2563,2024-12-20 11:36:00,High,LH,69.3,0.060000000000002274,0.0008665511265164572,Up,0.0005
2564,2024-12-20 11:40:00,Low,LL,69.2,-0.09999999999999432,-0.0014430014430013571,Down,0.0005
2565,2024-12-20 11:48:00,High,HH,69.37,0.1700000000000017,0.002456647398843881,Up,0.0005
2566,2024-12-20 11:53:00,Low,HL,69.26,-0.10999999999999943,-0.0015856998702609149,Down,0.0005
2567,2024-12-20 11:54:00,High,LH,69.32,0.05999999999998806,0.0008663008951774742,Up,0.0005
2568,2024-12-20 11:55:00,Low,HL,69.27,-0.04999999999999716,-0.0007212925562607442,Down,0.0005
2569,2024-12-20 11:58:00,High,HH,69.35,0.0799999999999983,0.0011549011115923324,Up,0.0005
2570,2024-12-20 12:05:00,Low,HL,69.29,-0.05999999999998806,-0.0008651766402305583,Down,0.0005
2571,2024-12-20 12:21:00,High,HH,69.57,0.2799999999999869,0.00404098715543344,Up,0.0005
2572,2024-12-20 12:32:00,Low,HL,69.52,-0.04999999999999716,-0.0007187005893344312,Down,0.0005
2573,2024-12-20 12:43:00,High,HH,69.65,0.13000000000000966,0.0018699654775604646,Up,0.0005
2574,2024-12-20 12:56:00,Low,HL,69.57,-0.0800000000000125,-0.001148600143575207,Down,0.0005
2575,2024-12-20 12:59:00,High,LH,69.62,0.05000000000001137,0.0007187005893345422,Up,0.0005
2576,2024-12-20 13:03:00,Low,HL,69.58,-0.04000000000000625,-0.0005745475438093672,Down,0.0005
2577,2024-12-20 13:05:00,High,HH,69.63,0.04999999999999716,0.0007185972980741084,Up,0.0005
2578,2024-12-20 13:07:00,Low,HL,69.59,-0.03999999999999204,-0.0005744650294412512,Down,0.0005
2579,2024-12-20 13:16:00,High,HH,69.7,0.10999999999999943,0.0015806868802987761,Up,0.0005
2580,2024-12-20 13:21:00,Low,HL,69.61,-0.09000000000000341,-0.00129124820659976,Down,0.0005
2581,2024-12-20 13:29:00,High,HH,69.7,0.09000000000000341,0.0012929176842408907,Up,0.0005
2582,2024-12-20 13:33:00,Low,HL,69.65,-0.04999999999999716,-0.0007173601147776321,Down,0.0005
2583,2024-12-20 13:49:00,High,HH,69.82,0.1699999999999875,0.0024407753050967873,Up,0.0005
2584,2024-12-20 13:51:00,Low,HL,69.75,-0.06999999999999318,-0.0010025780578629684,Down,0.0005
2585,2024-12-20 13:54:00,High,HH,69.83,0.0799999999999983,0.0011469534050179142,Up,0.0005
2586,2024-12-20 14:07:00,Low,LL,69.43,-0.3999999999999915,-0.005728197049978401,Down,0.0005
2587,2024-12-20 14:10:00,High,LH,69.51,0.0799999999999983,0.0011522396658505407,Up,0.0005
2588,2024-12-20 14:12:00,Low,HL,69.46,-0.05000000000001137,-0.0007193209610130147,Down,0.0005
2589,2024-12-20 14:17:00,High,HH,69.55,0.09000000000000341,0.0012957097610135637,Up,0.0005
2590,2024-12-20 14:19:00,Low,HL,69.49,-0.060000000000002274,-0.0008626887131560901,Down,0.0005
2591,2024-12-20 14:24:00,High,LH,69.54,0.05000000000001137,0.000719527989639035,Up,0.0005
2592,2024-12-20 14:36:00,Low,LL,69.38,-0.1600000000000108,-0.0023008340523441584,Down,0.0005
2593,2024-12-20 14:44:00,High,LH,69.44,0.060000000000002274,0.000864802536754139,Up,0.0005
2594,2024-12-20 14:46:00,Low,HL,69.39,-0.04999999999999716,-0.0007200460829492883,Down,0.0005
2595,2024-12-20 14:59:00,High,HH,69.5,0.10999999999999943,0.0015852428303790855,Up,0.0005
2596,2024-12-20 15:03:00,Low,HL,69.41,-0.09000000000000341,-0.0012949640287770459,Down,0.0005
2597,2024-12-20 15:06:00,High,LH,69.48,0.07000000000000739,0.001008500216107322,Up,0.0005
2598,2024-12-20 15:10:00,Low,HL,69.44,-0.04000000000000625,-0.0005757052389178119,Down,0.0005
2599,2024-12-20 15:44:00,High,HH,69.62,0.18000000000000682,0.00259216589861766,Up,0.0005
2600,2024-12-20 15:57:00,Low,HL,69.49,-0.13000000000000966,-0.0018672795173801937,Down,0.0005
2601,2024-12-20 15:59:00,High,LH,69.54,0.05000000000001137,0.000719527989639035,Up,0.0005
2602,2024-12-20 16:34:00,Low,LL,69.46,-0.0800000000000125,-0.0011504170261721347,Down,0.0005
2603,2024-12-20 16:59:00,High,HH,69.58,0.12000000000000455,0.0017276130146848256,Up,0.0005
2604,2024-12-22 18:01:00,Low,HL,69.48,-0.09999999999999432,-0.0014371945961482169,Down,0.0005
2605,2024-12-22 18:08:00,High,LH,69.56,0.0799999999999983,0.0011514104778354017,Up,0.0005
2606,2024-12-22 18:12:00,Low,HL,69.49,-0.07000000000000739,-0.0010063254744107075,Down,0.0005
2607,2024-12-22 18:44:00,High,HH,69.63,0.14000000000000057,0.002014678370988676,Up,0.0005
2608,2024-12-22 18:55:00,Low,HL,69.58,-0.04999999999999716,-0.0007180812868016195,Down,0.0005
2609,2024-12-22 19:17:00,High,HH,69.65,0.07000000000000739,0.001006036217303885,Up,0.0005
2610,2024-12-22 19:23:00,Low,HL,69.61,-0.04000000000000625,-0.0005743000717876034,Down,0.0005
2611,2024-12-22 19:50:00,High,HH,69.69,0.0799999999999983,0.0011492601637694833,Up,0.0005
2612,2024-12-22 19:58:00,Low,HL,69.65,-0.03999999999999204,-0.000573970440522209,Down,0.0005
2613,2024-12-22 20:01:00,High,HH,69.71,0.05999999999998806,0.0008614501076811276,Up,0.0005
2614,2024-12-22 20:03:00,Low,HL,69.66,-0.04999999999999716,-0.0007172572084348516,Down,0.0005
2615,2024-12-22 20:29:00,High,HH,69.8,0.14000000000000057,0.0020097616996841428,Up,0.0005
2616,2024-12-22 20:47:00,Low,HL,69.75,-0.04999999999999716,-0.0007163323782234388,Down,0.0005
2617,2024-12-22 20:56:00,High,HH,69.87,0.12000000000000455,0.0017204301075268713,Up,0.0005
2618,2024-12-22 21:03:00,Low,HL,69.77,-0.10000000000000853,-0.0014312294260770964,Down,0.0005
2619,2024-12-22 21:15:00,High,LH,69.86,0.09000000000000341,0.001289952701734265,Up,0.0005
2620,2024-12-22 21:24:00,Low,HL,69.82,-0.04000000000000625,-0.0005725737188664315,Down,0.0005
2621,2024-12-22 21:45:00,High,HH,69.91,0.09000000000000341,0.0012890289315383718,Up,0.0005
2622,2024-12-22 22:21:00,Low,LL,69.75,-0.1599999999999966,-0.002288656844514292,Down,0.0005
2623,2024-12-22 23:15:00,High,LH,69.9,0.15000000000000568,0.0021505376344086446,Up,0.0005
2624,2024-12-22 23:35:00,Low,HL,69.84,-0.060000000000002274,-0.0008583690987125081,Down,0.0005
2625,2024-12-22 23:38:00,High,LH,69.88,0.03999999999999204,0.0005727376861395239,Up,0.0005
2626,2024-12-23 00:01:00,Low,LL,69.81,-0.06999999999999318,-0.0010017172295362364,Down,0.0005
2627,2024-12-23 00:09:00,High,LH,69.85,0.03999999999999204,0.0005729838132071396,Up,0.0005
2628,2024-12-23 00:27:00,Low,LL,69.79,-0.05999999999998806,-0.0008589835361487719,Down,0.0005
2629,2024-12-23 00:52:00,High,LH,69.84,0.04999999999999716,0.0007164350193435975,Up,0.0005
2630,2024-12-23 01:11:00,Low,LL,69.72,-0.12000000000000455,-0.001718213058419349,Down,0.0005
2631,2024-12-23 01:33:00,High,HH,69.84,0.12000000000000455,0.001721170395869276,Up,0.0005
2632,2024-12-23 01:42:00,Low,HL,69.78,-0.060000000000002274,-0.0008591065292096189,Down,0.0005
2633,2024-12-23 01:46:00,High,LH,69.83,0.04999999999999716,0.0007165376898825571,Up,0.0005
2634,2024-12-23 02:05:00,Low,LL,69.74,-0.09000000000000341,-0.0012888443362452096,Down,0.0005
2635,2024-12-23 02:35:00,High,HH,69.89,0.15000000000000568,0.0021508459994266094,Up,0.0005
2636,2024-12-23 02:58:00,Low,LL,69.68,-0.20999999999999375,-0.0030047217055372277,Down,0.0005
2637,2024-12-23 02:59:00,High,LH,69.72,0.03999999999999204,0.0005740528128586053,Up,0.0005
2638,2024-12-23 03:04:00,Low,LL,69.64,-0.0799999999999983,-0.0011474469305794432,Down,0.0005
2639,2024-12-23 03:11:00,High,HH,69.79,0.15000000000000568,0.002153934520390699,Up,0.0005
2640,2024-12-23 03:21:00,Low,LL,69.6,-0.19000000000001194,-0.002722453073506381,Down,0.0005
2641,2024-12-23 03:27:00,High,LH,69.66,0.060000000000002274,0.0008620689655172153,Up,0.0005
2642,2024-12-23 03:32:00,Low,LL,69.57,-0.09000000000000341,-0.0012919896640827266,Down,0.0005
2643,2024-12-23 03:42:00,High,HH,69.7,0.13000000000000966,0.001868621532269854,Up,0.0005
2644,2024-12-23 03:45:00,Low,HL,69.63,-0.07000000000000739,-0.0010043041606887515,Down,0.0005
2645,2024-12-23 03:51:00,High,HH,69.81,0.18000000000000682,0.0025850926324861856,Up,0.0005
2646,2024-12-23 03:54:00,Low,HL,69.72,-0.09000000000000341,-0.0012892135797164528,Down,0.0005
2647,2024-12-23 03:57:00,High,LH,69.8,0.0799999999999983,0.0011474469305794432,Up,0.0005
2648,2024-12-23 04:04:00,Low,LL,69.68,-0.11999999999999034,-0.0017191977077362086,Down,0.0005
2649,2024-12-23 04:16:00,High,HH,69.9,0.21999999999999886,0.0031572904707233285,Up,0.0005
2650,2024-12-23 04:19:00,Low,HL,69.83,-0.07000000000000739,-0.0010014306151646668,Down,0.0005
2651,2024-12-23 04:28:00,High,HH,69.91,0.0799999999999983,0.0011456394099955691,Up,0.0005
2652,2024-12-23 05:04:00,Low,LL,69.41,-0.5,-0.0071520526391074535,Down,0.0005
2653,2024-12-23 05:14:00,High,LH,69.54,0.13000000000000966,0.0018729289727705822,Up,0.0005
2654,2024-12-23 05:23:00,Low,LL,69.39,-0.15000000000000568,-0.002157031924072572,Down,0.0005
2655,2024-12-23 05:29:00,High,LH,69.43,0.04000000000000625,0.0005764519383197886,Up,0.0005
2656,2024-12-23 05:40:00,Low,LL,69.28,-0.15000000000000568,-0.0021604493734697083,Down,0.0005
2657,2024-12-23 05:42:00,High,LH,69.32,0.03999999999999204,0.0005773672055426893,Up,0.0005
2658,2024-12-23 05:44:00,Low,HL,69.28,-0.03999999999999204,-0.0005770340450085287,Down,0.0005
2659,2024-12-23 05:46:00,High,HH,69.33,0.04999999999999716,0.0007217090069284726,Up,0.0005
2660,2024-12-23 05:48:00,Low,LL,69.21,-0.12000000000000455,-0.0017308524448291784,Down,0.0005
2661,2024-12-23 05:51:00,High,LH,69.29,0.0800000000000125,0.0011559023262535106,Up,0.0005
2662,2024-12-23 06:03:00,Low,LL,69.18,-0.10999999999999943,-0.0015875306682060497,Down,0.0005
2663,2024-12-23 06:09:00,High,LH,69.28,0.09999999999999432,0.0014455044810637308,Up,0.0005
2664,2024-12-23 06:11:00,Low,HL,69.24,-0.04000000000000625,-0.0005773672055428003,Down,0.0005
2665,2024-12-23 06:14:00,High,HH,69.3,0.060000000000002274,0.0008665511265164572,Up,0.0005
2666,2024-12-23 06:21:00,Low,LL,69.19,-0.10999999999999943,-0.0015873015873015817,Down,0.0005
2667,2024-12-23 06:30:00,High,HH,69.39,0.20000000000000284,0.002890591125885189,Up,0.0005
2668,2024-12-23 06:49:00,Low,HL,69.19,-0.20000000000000284,-0.0028822596915982768,Down,0.0005
2669,2024-12-23 06:53:00,High,LH,69.24,0.04999999999999716,0.0007226477814712418,Up,0.0005
2670,2024-12-23 06:59:00,Low,LL,69.16,-0.0799999999999983,-0.0011554015020219799,Down,0.0005
2671,2024-12-23 07:08:00,High,HH,69.28,0.12000000000000455,0.001735106998264957,Up,0.0005
2672,2024-12-23 07:11:00,Low,HL,69.24,-0.04000000000000625,-0.0005773672055428003,Down,0.0005
2673,2024-12-23 07:13:00,High,HH,69.3,0.060000000000002274,0.0008665511265164572,Up,0.0005
2674,2024-12-23 07:17:00,Low,HL,69.26,-0.03999999999999204,-0.000577200577200454,Down,0.0005
2675,2024-12-23 07:28:00,High,HH,69.4,0.14000000000000057,0.0020213687554144766,Up,0.0005
2676,2024-12-23 07:44:00,Low,LL,69.1,-0.30000000000001137,-0.004322766570605374,Down,0.0005
2677,2024-12-23 07:53:00,High,LH,69.15,0.05000000000001137,0.0007235890014474222,Up,0.0005
2678,2024-12-23 07:59:00,Low,LL,69.06,-0.09000000000000341,-0.0013015184381779399,Down,0.0005
2679,2024-12-23 08:00:00,High,LH,69.13,0.06999999999999318,0.0010136113524470414,Up,0.0005
2680,2024-12-23 08:03:00,Low,HL,69.08,-0.04999999999999716,-0.0007232749891508128,Down,0.0005
2681,2024-12-23 08:08:00,High,HH,69.14,0.060000000000002274,0.0008685581933989273,Up,0.0005
2682,2024-12-23 08:16:00,Low,HL,69.1,-0.04000000000000625,-0.0005785363031530766,Down,0.0005
2683,2024-12-23 08:23:00,High,HH,69.23,0.13000000000000966,0.001881331403762898,Up,0.0005
2684,2024-12-23 08:27:00,Low,HL,69.13,-0.10000000000000853,-0.001444460494005595,Down,0.0005
2685,2024-12-23 08:31:00,High,LH,69.18,0.05000000000001137,0.0007232749891510348,Up,0.0005
2686,2024-12-23 08:43:00,Low,LL,69.03,-0.15000000000000568,-0.002168256721595929,Down,0.0005
2687,2024-12-23 08:47:00,High,LH,69.13,0.09999999999999432,0.001448645516441971,Up,0.0005
2688,2024-12-23 08:50:00,Low,HL,69.05,-0.0799999999999983,-0.0011572399826413893,Down,0.0005
2689,2024-12-23 08:55:00,High,HH,69.16,0.10999999999999943,0.001593048515568407,Up,0.0005
2690,2024-12-23 08:59:00,Low,LL,69.04,-0.11999999999999034,-0.001735106998264735,Down,0.0005
2691,2024-12-23 09:01:00,High,HH,69.21,0.1699999999999875,0.0024623406720740704,Up,0.0005
2692,2024-12-23 09:08:00,Low,HL,69.06,-0.14999999999999147,-0.0021673168617251104,Down,0.0005
2693,2024-12-23 09:17:00,High,HH,69.31,0.25,0.003620040544454195,Up,0.0005
2694,2024-12-23 09:18:00,Low,HL,69.25,-0.060000000000002274,-0.0008656759486366239,Down,0.0005
2695,2024-12-23 09:24:00,High,HH,69.36,0.10999999999999943,0.001588447653429581,Up,0.0005
2696,2024-12-23 09:27:00,Low,HL,69.3,-0.060000000000002274,-0.0008650519031142556,Down,0.0005
2697,2024-12-23 09:30:00,High,HH,69.37,0.07000000000000739,0.0010101010101011276,Up,0.0005
2698,2024-12-23 09:33:00,Low,LL,69.27,-0.10000000000000853,-0.0014415453366010134,Down,0.0005
2699,2024-12-23 09:36:00,High,HH,69.39,0.12000000000000455,0.0017323516673886097,Up,0.0005
2700,2024-12-23 09:46:00,Low,LL,69.09,-0.29999999999999716,-0.004323389537397304,Down,0.0005
2701,2024-12-23 09:51:00,High,LH,69.18,0.09000000000000341,0.0013026487190621605,Up,0.0005
2702,2024-12-23 09:52:00,Low,LL,69.08,-0.10000000000000853,-0.0014455044810640638,Down,0.0005
2703,2024-12-23 09:55:00,High,HH,69.21,0.12999999999999545,0.0018818760856977867,Up,0.0005
2704,2024-12-23 09:59:00,Low,LL,69.05,-0.1599999999999966,-0.0023118046525067992,Down,0.0005
2705,2024-12-23 10:01:00,High,LH,69.15,0.10000000000000853,0.0014482259232442285,Up,0.0005
2706,2024-12-23 10:11:00,Low,LL,68.9,-0.25,-0.003615328994938549,Down,0.0005
2707,2024-12-23 10:22:00,High,LH,69.02,0.11999999999999034,0.0017416545718431653,Up,0.0005
2708,2024-12-23 10:37:00,Low,LL,68.81,-0.20999999999999375,-0.0030425963488842633,Down,0.0005
2709,2024-12-23 10:38:00,High,LH,68.91,0.09999999999999432,0.0014532771399504707,Up,0.0005
2710,2024-12-23 10:59:00,Low,LL,68.67,-0.23999999999999488,-0.003482803656943756,Down,0.0005
2711,2024-12-23 11:05:00,High,LH,68.87,0.20000000000000284,0.0029124799767001885,Up,0.0005
2712,2024-12-23 11:06:00,Low,HL,68.82,-0.05000000000001137,-0.0007260055176421254,Down,0.0005
2713,2024-12-23 11:11:00,High,HH,68.9,0.0800000000000125,0.0011624527753562042,Up,0.0005
2714,2024-12-23 11:12:00,Low,HL,68.85,-0.05000000000001137,-0.0007256894049348928,Down,0.0005
2715,2024-12-23 11:17:00,High,LH,68.89,0.04000000000000625,0.0005809731299928345,Up,0.0005
2716,2024-12-23 11:24:00,Low,LL,68.71,-0.18000000000000682,-0.002612861082885831,Down,0.0005
2717,2024-12-23 11:25:00,High,LH,68.75,0.04000000000000625,0.0005821568912822705,Up,0.0005
2718,2024-12-23 11:29:00,Low,LL,68.69,-0.060000000000002274,-0.0008727272727273583,Down,0.0005
2719,2024-12-23 11:31:00,High,HH,68.77,0.0799999999999983,0.0011646527878876878,Up,0.0005
2720,2024-12-23 11:32:00,Low,HL,68.72,-0.04999999999999716,-0.0007270612185545922,Down,0.0005
2721,2024-12-23 11:36:00,High,HH,68.79,0.07000000000000739,0.0010186263096625403,Up,0.0005
2722,2024-12-23 11:50:00,Low,LL,68.61,-0.18000000000000682,-0.002616659398168464,Down,0.0005
2723,2024-12-23 12:07:00,High,HH,68.8,0.18999999999999773,0.002769275615799316,Up,0.0005
2724,2024-12-23 12:11:00,Low,HL,68.7,-0.09999999999999432,-0.0014534883720929148,Down,0.0005
2725,2024-12-23 12:42:00,High,HH,68.97,0.269999999999996,0.003930131004366677,Up,0.0005
2726,2024-12-23 12:44:00,Low,HL,68.93,-0.03999999999999204,-0.0005799623024502765,Down,0.0005
2727,2024-12-23 13:05:00,High,HH,69.12,0.18999999999999773,0.002756419556071421,Up,0.0005
2728,2024-12-23 13:07:00,Low,HL,69.06,-0.060000000000002274,-0.0008680555555555802,Down,0.0005
2729,2024-12-23 13:15:00,High,HH,69.15,0.09000000000000341,0.0013032145960034658,Up,0.0005
2730,2024-12-23 13:29:00,Low,LL,68.94,-0.21000000000000796,-0.0030368763557484524,Down,0.0005
2731,2024-12-23 14:00:00,High,HH,69.44,0.5,0.00725268349289232,Up,0.0005
2732,2024-12-23 14:02:00,Low,HL,69.4,-0.03999999999999204,-0.0005760368663593196,Down,0.0005
2733,2024-12-23 14:04:00,High,HH,69.44,0.03999999999999204,0.0005763688760804797,Up,0.0005
2734,2024-12-23 14:05:00,Low,LL,69.38,-0.060000000000002274,-0.000864055299539257,Down,0.0005
2735,2024-12-23 14:06:00,High,LH,69.42,0.04000000000000625,0.0005765350245028333,Up,0.0005
2736,2024-12-23 14:09:00,Low,LL,69.35,-0.07000000000000739,-0.0010083549409393155,Down,0.0005
2737,2024-12-23 14:17:00,High,HH,69.46,0.10999999999999943,0.0015861571737563196,Up,0.0005
2738,2024-12-23 14:21:00,Low,LL,69.32,-0.14000000000000057,-0.0020155485171321486,Down,0.0005
2739,2024-12-23 14:22:00,High,LH,69.36,0.04000000000000625,0.0005770340450086398,Up,0.0005
2740,2024-12-23 14:26:00,Low,LL,69.24,-0.12000000000000455,-0.0017301038062284002,Down,0.0005
2741,2024-12-23 14:27:00,High,LH,69.28,0.04000000000000625,0.0005777007510110455,Up,0.0005
2742,2024-12-23 14:28:00,Low,LL,69.22,-0.060000000000002274,-0.0008660508083141449,Down,0.0005
2743,2024-12-23 14:50:00,High,HH,69.5,0.28000000000000114,0.004045073678127675,Up,0.0005
2744,2024-12-23 14:55:00,Low,HL,69.42,-0.0799999999999983,-0.001151079136690658,Down,0.0005
2745,2024-12-23 15:06:00,High,LH,69.48,0.060000000000002274,0.0008643042350908736,Up,0.0005
2746,2024-12-23 15:09:00,Low,HL,69.43,-0.04999999999999716,-0.0007196315486470706,Down,0.0005
2747,2024-12-23 15:12:00,High,LH,69.47,0.03999999999999204,0.0005761198329250483,Up,0.0005
2748,2024-12-23 15:19:00,Low,LL,69.35,-0.12000000000000455,-0.001727364329926706,Down,0.0005
2749,2024-12-23 15:38:00,High,LH,69.44,0.09000000000000341,0.0012977649603460595,Up,0.0005
2750,2024-12-23 15:44:00,Low,HL,69.4,-0.03999999999999204,-0.0005760368663593196,Down,0.0005
2751,2024-12-23 16:34:00,High,HH,69.6,0.19999999999998863,0.0028818443804032867,Up,0.0005
2752,2024-12-23 16:38:00,Low,HL,69.56,-0.03999999999999204,-0.0005747126436780325,Down,0.0005
2753,2024-12-23 16:42:00,High,HH,69.63,0.06999999999999318,0.0010063254744103745,Up,0.0005
2754,2024-12-23 16:50:00,Low,LL,69.55,-0.0799999999999983,-0.0011489300588826135,Down,0.0005
2755,2024-12-23 16:54:00,High,LH,69.59,0.04000000000000625,0.0005751258087707267,Up,0.0005
2756,2024-12-23 18:08:00,Low,LL,69.48,-0.10999999999999943,-0.0015806868802988872,Down,0.0005
2757,2024-12-23 18:15:00,High,LH,69.52,0.03999999999999204,0.0005757052389174788,Up,0.0005
2758,2024-12-23 18:24:00,Low,LL,69.44,-0.0799999999999983,-0.0011507479861909697,Down,0.0005
2759,2024-12-23 18:41:00,High,LH,69.49,0.04999999999999716,0.0007200460829492883,Up,0.0005
2760,2024-12-23 18:43:00,Low,LL,69.42,-0.06999999999999318,-0.001007339185494227,Down,0.0005
2761,2024-12-23 19:25:00,High,HH,69.52,0.09999999999999432,0.0014405070584844193,Up,0.0005
2762,2024-12-23 19:43:00,Low,HL,69.45,-0.06999999999999318,-0.0010069044879170708,Down,0.0005
2763,2024-12-23 20:10:00,High,HH,69.56,0.10999999999999943,0.0015838732901367614,Up,0.0005
2764,2024-12-23 20:15:00,Low,HL,69.48,-0.0799999999999983,-0.0011500862564691738,Down,0.0005
2765,2024-12-23 20:22:00,High,LH,69.52,0.03999999999999204,0.0005757052389174788,Up,0.0005
2766,2024-12-23 20:51:00,Low,LL,69.47,-0.04999999999999716,-0.0007192174913693838,Down,0.0005
2767,2024-12-23 20:54:00,High,LH,69.51,0.04000000000000625,0.0005757881099757167,Up,0.0005
2768,2024-12-23 20:57:00,Low,LL,69.44,-0.07000000000000739,-0.0010070493454180651,Down,0.0005
2769,2024-12-23 21:30:00,High,HH,69.66,0.21999999999999886,0.0031682027649768685,Up,0.0005
2770,2024-12-23 21:53:00,Low,HL,69.45,-0.20999999999999375,-0.003014642549526214,Down,0.0005
2771,2024-12-23 21:58:00,High,LH,69.51,0.060000000000002274,0.0008639308855291628,Up,0.0005
2772,2024-12-23 22:16:00,Low,LL,69.43,-0.0799999999999983,-0.0011509135376204238,Down,0.0005
2773,2024-12-23 22:21:00,High,LH,69.5,0.06999999999999318,0.0010082097076191676,Up,0.0005
2774,2024-12-23 22:33:00,Low,LL,69.39,-0.10999999999999943,-0.0015827338129495994,Down,0.0005
2775,2024-12-23 22:41:00,High,LH,69.44,0.04999999999999716,0.0007205649228994027,Up,0.0005
2776,2024-12-23 22:48:00,Low,LL,69.38,-0.060000000000002274,-0.000864055299539257,Down,0.0005
2777,2024-12-23 22:51:00,High,LH,69.42,0.04000000000000625,0.0005765350245028333,Up,0.0005
2778,2024-12-23 23:03:00,Low,LL,69.37,-0.04999999999999716,-0.0007202535292422096,Down,0.0005
2779,2024-12-23 23:25:00,High,HH,69.54,0.1700000000000017,0.002450627072221545,Up,0.0005
2780,2024-12-23 23:29:00,Low,HL,69.48,-0.060000000000002274,-0.0008628127696290733,Down,0.0005
2781,2024-12-24 00:20:00,High,HH,69.54,0.060000000000002274,0.0008635578583764403,Up,0.0005
2782,2024-12-24 00:24:00,Low,HL,69.49,-0.05000000000001137,-0.0007190106413577091,Down,0.0005
2783,2024-12-24 00:28:00,High,HH,69.54,0.05000000000001137,0.000719527989639035,Up,0.0005
2784,2024-12-24 00:30:00,Low,HL,69.5,-0.04000000000000625,-0.0005752085130861229,Down,0.0005
2785,2024-12-24 00:46:00,High,HH,69.59,0.09000000000000341,0.0012949640287769348,Up,0.0005
2786,2024-12-24 01:02:00,Low,HL,69.5,-0.09000000000000341,-0.0012932892656991601,Down,0.0005
2787,2024-12-24 01:26:00,High,HH,69.59,0.09000000000000341,0.0012949640287769348,Up,0.0005
2788,2024-12-24 01:34:00,Low,HL,69.52,-0.07000000000000739,-0.0010058916510994331,Down,0.0005
2789,2024-12-24 01:38:00,High,LH,69.58,0.060000000000002274,0.0008630609896433938,Up,0.0005
2790,2024-12-24 01:43:00,Low,HL,69.53,-0.04999999999999716,-0.0007185972980741084,Down,0.0005
2791,2024-12-24 01:49:00,High,LH,69.57,0.03999999999999204,0.0005752912411907118,Up,0.0005
2792,2024-12-24 02:01:00,Low,LL,69.52,-0.04999999999999716,-0.0007187005893344312,Down,0.0005
2793,2024-12-24 02:23:00,High,HH,69.64,0.12000000000000455,0.0017261219792865656,Up,0.0005
2794,2024-12-24 02:33:00,Low,HL,69.55,-0.09000000000000341,-0.001292360712234375,Down,0.0005
2795,2024-12-24 02:44:00,High,LH,69.63,0.0799999999999983,0.0011502516175412314,Up,0.0005
2796,2024-12-24 02:56:00,Low,HL,69.59,-0.03999999999999204,-0.0005744650294412512,Down,0.0005
2797,2024-12-24 03:12:00,High,HH,69.82,0.22999999999998977,0.0033050725678975823,Up,0.0005
2798,2024-12-24 03:29:00,Low,HL,69.68,-0.13999999999998636,-0.0020051561157259368,Down,0.0005
2799,2024-12-24 03:35:00,High,LH,69.75,0.06999999999999318,0.0010045924225028369,Up,0.0005
2800,2024-12-24 03:40:00,Low,LL,69.63,-0.12000000000000455,-0.0017204301075269823,Down,0.0005
2801,2024-12-24 04:00:00,High,HH,69.78,0.15000000000000568,0.0021542438604049696,Up,0.0005
2802,2024-12-24 04:04:00,Low,HL,69.73,-0.04999999999999716,-0.000716537689882446,Down,0.0005
2803,2024-12-24 04:09:00,High,HH,69.78,0.04999999999999716,0.0007170514842964604,Up,0.0005
2804,2024-12-24 04:12:00,Low,HL,69.74,-0.04000000000000625,-0.0005732301519061345,Down,0.0005
2805,2024-12-24 04:26:00,High,HH,69.82,0.0799999999999983,0.0011471178663606807,Up,0.0005
2806,2024-12-24 04:37:00,Low,LL,69.69,-0.12999999999999545,-0.0018619306788885126,Down,0.0005
2807,2024-12-24 04:49:00,High,LH,69.73,0.04000000000000625,0.00057397044052232,Up,0.0005
2808,2024-12-24 04:52:00,Low,LL,69.66,-0.07000000000000739,-0.0010038720780153332,Down,0.0005
2809,2024-12-24 04:57:00,High,LH,69.72,0.060000000000002274,0.0008613264427217437,Up,0.0005
2810,2024-12-24 05:03:00,Low,LL,69.59,-0.12999999999999545,-0.0018646012621915675,Down,0.0005
2811,2024-12-24 05:12:00,High,LH,69.67,0.0799999999999983,0.00114959045839913,Up,0.0005
2812,2024-12-24 05:16:00,Low,HL,69.63,-0.04000000000000625,-0.0005741352088417528,Down,0.0005
2813,2024-12-24 05:24:00,High,HH,69.81,0.18000000000000682,0.0025850926324861856,Up,0.0005
2814,2024-12-24 05:33:00,Low,HL,69.76,-0.04999999999999716,-0.0007162297665090911,Down,0.0005
2815,2024-12-24 05:37:00,High,HH,69.81,0.04999999999999716,0.0007167431192660612,Up,0.0005
2816,2024-12-24 05:46:00,Low,HL,69.77,-0.04000000000000625,-0.0005729838132073617,Down,0.0005
2817,2024-12-24 06:05:00,High,HH,69.94,0.1700000000000017,0.0024365773254981793,Up,0.0005
2818,2024-12-24 06:11:00,Low,HL,69.85,-0.09000000000000341,-0.0012868172719474602,Down,0.0005
2819,2024-12-24 06:20:00,High,HH,69.96,0.10999999999999943,0.0015748031496063408,Up,0.0005
2820,2024-12-24 06:35:00,Low,HL,69.85,-0.10999999999999943,-0.0015723270440251014,Down,0.0005
2821,2024-12-24 06:41:00,High,LH,69.94,0.09000000000000341,0.0012884753042234909,Up,0.0005
2822,2024-12-24 06:48:00,Low,HL,69.85,-0.09000000000000341,-0.0012868172719474602,Down,0.0005
2823,2024-12-24 06:53:00,High,LH,69.91,0.060000000000002274,0.0008589835361489939,Up,0.0005
2824,2024-12-24 07:09:00,Low,LL,69.51,-0.3999999999999915,-0.005721642111285785,Down,0.0005
2825,2024-12-24 07:13:00,High,LH,69.58,0.06999999999999318,0.001007049345417732,Up,0.0005
2826,2024-12-24 07:14:00,Low,HL,69.53,-0.04999999999999716,-0.0007185972980741084,Down,0.0005
2827,2024-12-24 07:28:00,High,HH,69.82,0.28999999999999204,0.004170861498633549,Up,0.0005
2828,2024-12-24 07:34:00,Low,HL,69.57,-0.25,-0.003580635920939601,Down,0.0005
2829,2024-12-24 07:41:00,High,LH,69.77,0.20000000000000284,0.0028748023573379466,Up,0.0005
2830,2024-12-24 07:45:00,Low,HL,69.72,-0.04999999999999716,-0.0007166403898523077,Down,0.0005
2831,2024-12-24 07:54:00,High,HH,69.82,0.09999999999999432,0.0014343086632242485,Up,0.0005
2832,2024-12-24 07:56:00,Low,HL,69.74,-0.0799999999999983,-0.0011458034947006146,Down,0.0005
2833,2024-12-24 07:59:00,High,LH,69.81,0.07000000000000739,0.0010037281330657066,Up,0.0005
2834,2024-12-24 08:04:00,Low,HL,69.74,-0.07000000000000739,-0.001002721673112883,Down,0.0005
2835,2024-12-24 08:05:00,High,LH,69.78,0.04000000000000625,0.0005735589331805624,Up,0.0005
2836,2024-12-24 08:12:00,Low,LL,69.68,-0.09999999999999432,-0.001433075379764892,Down,0.0005
2837,2024-12-24 08:15:00,High,LH,69.72,0.03999999999999204,0.0005740528128586053,Up,0.0005
2838,2024-12-24 08:16:00,Low,LL,69.65,-0.06999999999999318,-0.0010040160642569296,Down,0.0005
2839,2024-12-24 08:25:00,High,HH,69.83,0.1799999999999926,0.002584350323043605,Up,0.0005
2840,2024-12-24 08:33:00,Low,HL,69.76,-0.06999999999999318,-0.0010024344837461507,Down,0.0005
2841,2024-12-24 08:36:00,High,HH,69.88,0.11999999999999034,0.0017201834862383691,Up,0.0005
2842,2024-12-24 08:39:00,Low,HL,69.84,-0.03999999999999204,-0.0005724098454492621,Down,0.0005
2843,2024-12-24 08:46:00,High,HH,69.92,0.0799999999999983,0.001145475372279492,Up,0.0005
2844,2024-12-24 08:54:00,Low,HL,69.84,-0.0799999999999983,-0.0011441647597253413,Down,0.0005
2845,2024-12-24 09:04:00,High,HH,70.26,0.4200000000000017,0.006013745704467333,Up,0.0005
2846,2024-12-24 09:07:00,Low,HL,70.17,-0.09000000000000341,-0.00128095644748083,Down,0.0005
2847,2024-12-24 09:09:00,High,LH,70.25,0.0799999999999983,0.001140088356847535,Up,0.0005
2848,2024-12-24 09:14:00,Low,LL,70.09,-0.1599999999999966,-0.00227758007117429,Down,0.0005
2849,2024-12-24 09:18:00,High,LH,70.2,0.10999999999999943,0.0015694107575974225,Up,0.0005
2850,2024-12-24 09:24:00,Low,HL,70.1,-0.10000000000000853,-0.0014245014245015675,Down,0.0005
2851,2024-12-24 09:27:00,High,LH,70.15,0.05000000000001137,0.0007132667617690824,Up,0.0005
2852,2024-12-24 09:37:00,Low,LL,69.93,-0.21999999999999886,-0.0031361368496080066,Down,0.0005
2853,2024-12-24 09:44:00,High,LH,70.13,0.19999999999998863,0.002860002860002764,Up,0.0005
2854,2024-12-24 09:46:00,Low,HL,70.03,-0.09999999999999432,-0.001425923285327202,Down,0.0005
2855,2024-12-24 09:48:00,High,LH,70.08,0.04999999999999716,0.0007139797229758216,Up,0.0005
2856,2024-12-24 09:50:00,Low,LL,70.02,-0.060000000000002274,-0.0008561643835617305,Down,0.0005
2857,2024-12-24 10:14:00,High,HH,70.29,0.27000000000001023,0.003856041131105492,Up,0.0005
2858,2024-12-24 10:20:00,Low,HL,70.25,-0.04000000000000625,-0.0005690709916063019,Down,0.0005
2859,2024-12-24 10:34:00,High,HH,70.41,0.1599999999999966,0.00227758007117429,Up,0.0005
2860,2024-12-24 11:06:00,Low,LL,70.13,-0.28000000000000114,-0.003976707853998063,Down,0.0005
2861,2024-12-24 11:09:00,High,LH,70.22,0.09000000000000341,0.0012833309567945594,Up,0.0005
2862,2024-12-24 11:11:00,Low,HL,70.14,-0.0799999999999983,-0.0011392765593847276,Down,0.0005
2863,2024-12-24 11:22:00,High,HH,70.33,0.18999999999999773,0.0027088679783289216,Up,0.0005
2864,2024-12-24 11:26:00,Low,HL,70.28,-0.04999999999999716,-0.0007109341674960135,Down,0.0005
2865,2024-12-24 11:33:00,High,HH,70.35,0.06999999999999318,0.0009960159362549792,Up,0.0005
2866,2024-12-24 11:35:00,Low,HL,70.3,-0.04999999999999716,-0.000710732054015617,Down,0.0005
2867,2024-12-24 11:50:00,High,HH,70.36,0.060000000000002274,0.0008534850640113945,Up,0.0005
2868,2024-12-24 11:55:00,Low,LL,70.23,-0.12999999999999545,-0.0018476407049459187,Down,0.0005
2869,2024-12-24 11:58:00,High,LH,70.27,0.03999999999999204,0.0005695571693007384,Up,0.0005
2870,2024-12-24 12:05:00,Low,LL,70.12,-0.14999999999999147,-0.0021346235947060643,Down,0.0005
2871,2024-12-24 12:11:00,High,LH,70.18,0.060000000000002274,0.0008556759840274708,Up,0.0005
2872,2024-12-24 12:14:00,Low,HL,70.12,-0.060000000000002274,-0.0008549444286122254,Down,0.0005
2873,2024-12-24 12:16:00,High,HH,70.19,0.06999999999999318,0.0009982886480317532,Up,0.0005
2874,2024-12-24 12:21:00,Low,HL,70.13,-0.060000000000002274,-0.0008548226243054735,Down,0.0005
2875,2024-12-24 12:24:00,High,HH,70.22,0.09000000000000341,0.0012833309567945594,Up,0.0005
2876,2024-12-24 12:31:00,Low,LL,70.09,-0.12999999999999545,-0.0018513244090002656,Down,0.0005
2877,2024-12-24 12:33:00,High,LH,70.13,0.03999999999999204,0.0005706948209442952,Up,0.0005
2878,2024-12-24 12:36:00,Low,LL,70.01,-0.11999999999999034,-0.0017111079423925979,Down,0.0005
2879,2024-12-24 12:38:00,High,LH,70.05,0.03999999999999204,0.0005713469504355917,Up,0.0005
2880,2024-12-24 12:55:00,Low,LL,70.0,-0.04999999999999716,-0.0007137758743753775,Down,0.0005
2881,2024-12-24 12:58:00,High,LH,70.04,0.04000000000000625,0.0005714285714286671,Up,0.0005
2882,2024-12-24 13:03:00,Low,LL,69.98,-0.060000000000002274,-0.0008566533409480881,Down,0.0005
2883,2024-12-24 13:07:00,High,HH,70.08,0.09999999999999432,0.0014289797084880984,Up,0.0005
2884,2024-12-24 13:11:00,Low,HL,70.0,-0.0799999999999983,-0.0011415525114154557,Down,0.0005
2885,2024-12-24 13:15:00,High,LH,70.07,0.06999999999999318,0.0009999999999998899,Up,0.0005
2886,2024-12-24 13:25:00,Low,LL,69.94,-0.12999999999999545,-0.0018552875695732052,Down,0.0005
2887,2024-12-24 13:28:00,High,HH,70.14,0.20000000000000284,0.002859593937660998,Up,0.0005
2888,2024-12-24 13:29:00,Low,HL,70.05,-0.09000000000000341,-0.0012831479897348341,Down,0.0005
2889,2024-12-24 13:41:00,High,HH,70.23,0.18000000000000682,0.0025695931477516254,Up,0.0005
2890,2024-12-24 13:42:00,Low,HL,70.16,-0.07000000000000739,-0.0009967250462765698,Down,0.0005
2891,2024-12-25 18:02:00,High,HH,70.28,0.12000000000000455,0.0017103762827823665,Up,0.0005
2892,2024-12-25 18:04:00,Low,HL,70.22,-0.060000000000002274,-0.0008537279453614266,Down,0.0005
2893,2024-12-25 18:10:00,High,LH,70.26,0.04000000000000625,0.0005696382796924748,Up,0.0005
2894,2024-12-25 18:15:00,Low,HL,70.22,-0.04000000000000625,-0.00056931397665827,Down,0.0005
2895,2024-12-25 18:20:00,High,HH,70.29,0.07000000000000739,0.0009968669894617754,Up,0.0005
2896,2024-12-25 18:25:00,Low,HL,70.24,-0.05000000000001137,-0.0007113387395079052,Down,0.0005
2897,2024-12-25 18:30:00,High,LH,70.28,0.04000000000000625,0.0005694760820047495,Up,0.0005
2898,2024-12-25 18:44:00,Low,LL,70.2,-0.0799999999999983,-0.0011383039271485318,Down,0.0005
2899,2024-12-25 19:07:00,High,LH,70.26,0.060000000000002274,0.0008547008547008517,Up,0.0005
2900,2024-12-25 19:33:00,Low,HL,70.2,-0.060000000000002274,-0.0008539709649871829,Down,0.0005
2901,2024-12-25 20:02:00,High,HH,70.32,0.11999999999999034,0.0017094017094014813,Up,0.0005
2902,2024-12-25 20:08:00,Low,HL,70.25,-0.06999999999999318,-0.0009954493742888593,Down,0.0005
2903,2024-12-25 20:29:00,High,HH,70.33,0.0799999999999983,0.001138790035587256,Up,0.0005
2904,2024-12-25 20:53:00,Low,LL,70.24,-0.09000000000000341,-0.0012796815014930463,Down,0.0005
2905,2024-12-25 21:14:00,High,HH,70.35,0.10999999999999943,0.0015660592255124506,Up,0.0005
2906,2024-12-25 21:22:00,Low,HL,70.24,-0.10999999999999943,-0.0015636105188343574,Down,0.0005
2907,2024-12-25 21:34:00,High,LH,70.28,0.04000000000000625,0.0005694760820047495,Up,0.0005
2908,2024-12-25 21:43:00,Low,LL,70.2,-0.0799999999999983,-0.0011383039271485318,Down,0.0005
2909,2024-12-25 22:24:00,High,HH,70.46,0.2599999999999909,0.0037037037037035425,Up,0.0005
2910,2024-12-25 22:35:00,Low,HL,70.37,-0.0899999999999892,-0.0012773204655122106,Down,0.0005
2911,2024-12-25 22:57:00,High,LH,70.42,0.04999999999999716,0.0007105300554213212,Up,0.0005
2912,2024-12-26 00:22:00,Low,LL,70.1,-0.3200000000000074,-0.004544163589889294,Down,0.0005
2913,2024-12-26 00:31:00,High,LH,70.25,0.15000000000000568,0.0021398002853068032,Up,0.0005
2914,2024-12-26 00:44:00,Low,HL,70.19,-0.060000000000002274,-0.000854092526690442,Down,0.0005
2915,2024-12-26 00:50:00,High,LH,70.23,0.04000000000000625,0.0005698817495369823,Up,0.0005
2916,2024-12-26 01:03:00,Low,LL,70.17,-0.060000000000002274,-0.0008543357539513297,Down,0.0005
2917,2024-12-26 01:07:00,High,LH,70.21,0.03999999999999204,0.0005700441784237675,Up,0.0005
2918,2024-12-26 01:10:00,Low,LL,70.15,-0.05999999999998806,-0.0008545791197833719,Down,0.0005
2919,2024-12-26 01:11:00,High,LH,70.19,0.03999999999999204,0.0005702066999286881,Up,0.0005
2920,2024-12-26 01:38:00,Low,LL,70.14,-0.04999999999999716,-0.0007123521869212279,Down,0.0005
2921,2024-12-26 01:49:00,High,HH,70.21,0.06999999999999318,0.0009980039920158834,Up,0.0005
2922,2024-12-26 02:00:00,Low,HL,70.16,-0.04999999999999716,-0.0007121492664862172,Down,0.0005
2923,2024-12-26 02:29:00,High,HH,70.25,0.09000000000000341,0.0012827822120866639,Up,0.0005
2924,2024-12-26 02:47:00,Low,LL,70.15,-0.09999999999999432,-0.001423487544483959,Down,0.0005
2925,2024-12-26 03:02:00,High,HH,70.31,0.1599999999999966,0.0022808267997147524,Up,0.0005
2926,2024-12-26 03:04:00,Low,HL,70.27,-0.04000000000000625,-0.0005689091167686566,Down,0.0005
2927,2024-12-26 03:05:00,High,HH,70.31,0.04000000000000625,0.0005692329585884615,Up,0.0005
2928,2024-12-26 03:09:00,Low,LL,70.26,-0.04999999999999716,-0.0007111363959606543,Down,0.0005
2929,2024-12-26 03:27:00,High,HH,70.38,0.11999999999999034,0.0017079419299741438,Up,0.0005
2930,2024-12-26 03:31:00,Low,HL,70.31,-0.06999999999999318,-0.000994600738846163,Down,0.0005
2931,2024-12-26 03:58:00,High,HH,70.44,0.12999999999999545,0.0018489546294979675,Up,0.0005
2932,2024-12-26 03:59:00,Low,HL,70.4,-0.03999999999999204,-0.0005678591709254999,Down,0.0005
2933,2024-12-26 04:13:00,High,HH,70.5,0.09999999999999432,0.0014204545454543638,Up,0.0005
2934,2024-12-26 04:27:00,Low,HL,70.46,-0.04000000000000625,-0.0005673758865248901,Down,0.0005
2935,2024-12-26 04:34:00,High,HH,70.52,0.060000000000002274,0.0008515469770082884,Up,0.0005
2936,2024-12-26 04:45:00,Low,HL,70.47,-0.04999999999999716,-0.0007090187180941454,Down,0.0005
2937,2024-12-26 05:03:00,High,HH,70.55,0.0799999999999983,0.0011352348517099653,Up,0.0005
2938,2024-12-26 05:29:00,Low,LL,70.39,-0.1599999999999966,-0.002267895109851148,Down,0.0005
2939,2024-12-26 05:38:00,High,LH,70.53,0.14000000000000057,0.001988918880522883,Up,0.0005
2940,2024-12-26 05:47:00,Low,HL,70.48,-0.04999999999999716,-0.0007089181908407349,Down,0.0005
2941,2024-12-26 06:08:00,High,HH,70.54,0.060000000000002274,0.0008513053348468969,Up,0.0005
2942,2024-12-26 06:13:00,Low,LL,70.47,-0.07000000000000739,-0.0009923447689255127,Down,0.0005
2943,2024-12-26 06:29:00,High,HH,70.55,0.0799999999999983,0.0011352348517099653,Up,0.0005
2944,2024-12-26 06:37:00,Low,HL,70.5,-0.04999999999999716,-0.0007087172218284143,Down,0.0005
2945,2024-12-26 07:01:00,High,LH,70.54,0.04000000000000625,0.0005673758865250011,Up,0.0005
2946,2024-12-26 07:22:00,Low,LL,70.33,-0.21000000000000796,-0.002977034306776427,Down,0.0005
2947,2024-12-26 07:25:00,High,LH,70.37,0.04000000000000625,0.0005687473339970328,Up,0.0005
2948,2024-12-26 07:28:00,Low,HL,70.33,-0.04000000000000625,-0.0005684240443372124,Down,0.0005
2949,2024-12-26 08:02:00,High,HH,70.58,0.25,0.0035546708374805114,Up,0.0005
2950,2024-12-26 08:04:00,Low,HL,70.54,-0.03999999999999204,-0.0005667327854915749,Down,0.0005
2951,2024-12-26 08:11:00,High,HH,70.64,0.09999999999999432,0.00141763538417905,Up,0.0005
2952,2024-12-26 08:14:00,Low,HL,70.58,-0.060000000000002274,-0.000849377123442796,Down,0.0005
2953,2024-12-26 08:19:00,High,HH,70.66,0.0799999999999983,0.0011334655709831498,Up,0.0005
2954,2024-12-26 08:22:00,Low,HL,70.61,-0.04999999999999716,-0.0007076139258420655,Down,0.0005
2955,2024-12-26 08:35:00,High,HH,70.72,0.10999999999999943,0.001557852995326403,Up,0.0005
2956,2024-12-26 08:46:00,Low,LL,70.55,-0.1700000000000017,-0.0024038461538461453,Down,0.0005
2957,2024-12-26 08:52:00,High,LH,70.62,0.07000000000000739,0.000992204110559891,Up,0.0005
2958,2024-12-26 09:04:00,Low,LL,70.46,-0.1600000000000108,-0.0022656471254604016,Down,0.0005
2959,2024-12-26 09:13:00,High,HH,70.66,0.20000000000000284,0.0028384899233608873,Up,0.0005
2960,2024-12-26 09:14:00,Low,HL,70.61,-0.04999999999999716,-0.0007076139258420655,Down,0.0005
2961,2024-12-26 09:15:00,High,HH,70.67,0.060000000000002274,0.0008497379974508057,Up,0.0005
2962,2024-12-26 09:17:00,Low,HL,70.61,-0.060000000000002274,-0.0008490165558229235,Down,0.0005
2963,2024-12-26 09:27:00,High,HH,70.68,0.07000000000000739,0.000991360997026014,Up,0.0005
2964,2024-12-26 09:31:00,Low,HL,70.62,-0.060000000000002274,-0.0008488964346350381,Down,0.0005
2965,2024-12-26 09:34:00,High,HH,70.7,0.0799999999999983,0.0011328235627301453,Up,0.0005
2966,2024-12-26 09:42:00,Low,LL,70.56,-0.14000000000000057,-0.001980198019801982,Down,0.0005
2967,2024-12-26 09:48:00,High,LH,70.65,0.09000000000000341,0.0012755102040817867,Up,0.0005
2968,2024-12-26 09:50:00,Low,HL,70.61,-0.04000000000000625,-0.0005661712668082464,Down,0.0005
2969,2024-12-26 09:51:00,High,HH,70.65,0.04000000000000625,0.0005664919983006111,Up,0.0005
2970,2024-12-26 09:59:00,Low,LL,70.38,-0.27000000000001023,-0.003821656050955524,Down,0.0005
2971,2024-12-26 10:00:00,High,LH,70.46,0.0799999999999983,0.0011366865586814878,Up,0.0005
2972,2024-12-26 10:16:00,Low,LL,70.13,-0.3299999999999983,-0.004683508373545253,Down,0.0005
2973,2024-12-26 10:18:00,High,LH,70.25,0.12000000000000455,0.00171110794239282,Up,0.0005
2974,2024-12-26 10:19:00,Low,HL,70.13,-0.12000000000000455,-0.001708185053380884,Down,0.0005
2975,2024-12-26 10:23:00,High,LH,70.23,0.10000000000000853,0.001425923285327313,Up,0.0005
2976,2024-12-26 10:43:00,Low,LL,70.02,-0.21000000000000796,-0.0029901751388297093,Down,0.0005
2977,2024-12-26 10:56:00,High,LH,70.21,0.18999999999999773,0.0027135104255926468,Up,0.0005
2978,2024-12-26 10:58:00,Low,HL,70.15,-0.05999999999998806,-0.0008545791197833719,Down,0.0005
2979,2024-12-26 11:00:00,High,HH,70.21,0.05999999999998806,0.0008553100498929211,Up,0.0005
2980,2024-12-26 11:10:00,Low,LL,70.07,-0.14000000000000057,-0.001994017946161497,Down,0.0005
2981,2024-12-26 11:20:00,High,LH,70.2,0.13000000000000966,0.0018552875695734272,Up,0.0005
2982,2024-12-26 11:29:00,Low,LL,70.02,-0.18000000000000682,-0.002564102564102666,Down,0.0005
2983,2024-12-26 11:37:00,High,LH,70.12,0.10000000000000853,0.0014281633818911121,Up,0.0005
2984,2024-12-26 11:47:00,Low,LL,69.89,-0.23000000000000398,-0.0032800912721050457,Down,0.0005
2985,2024-12-26 11:53:00,High,LH,70.01,0.12000000000000455,0.0017169838317356856,Up,0.0005
2986,2024-12-26 11:55:00,Low,HL,69.95,-0.060000000000002274,-0.0008570204256534986,Down,0.0005
2987,2024-12-26 12:00:00,High,HH,70.03,0.0799999999999983,0.0011436740528949496,Up,0.0005
2988,2024-12-26 12:03:00,Low,HL,69.96,-0.07000000000000739,-0.00099957161216635,Down,0.0005
2989,2024-12-26 12:06:00,High,LH,70.0,0.04000000000000625,0.0005717552887365418,Up,0.0005
2990,2024-12-26 12:07:00,Low,LL,69.94,-0.060000000000002274,-0.0008571428571428896,Down,0.0005
2991,2024-12-26 12:10:00,High,LH,69.98,0.04000000000000625,0.0005719187875321552,Up,0.0005
2992,2024-12-26 12:30:00,Low,LL,69.82,-0.1600000000000108,-0.002286367533581135,Down,0.0005
2993,2024-12-26 12:42:00,High,LH,69.93,0.11000000000001364,0.0015754798052136643,Up,0.0005
2994,2024-12-26 12:46:00,Low,HL,69.87,-0.060000000000002274,-0.000858000858000918,Down,0.0005
2995,2024-12-26 13:00:00,High,HH,69.93,0.060000000000002274,0.0008587376556461468,Up,0.0005
2996,2024-12-26 13:14:00,Low,LL,69.69,-0.2400000000000091,-0.003432003432003561,Down,0.0005
2997,2024-12-26 13:19:00,High,LH,69.73,0.04000000000000625,0.00057397044052232,Up,0.0005
2998,2024-12-26 13:23:00,Low,HL,69.69,-0.04000000000000625,-0.0005736411874373015,Down,0.0005
2999,2024-12-26 13:25:00,High,HH,69.74,0.04999999999999716,0.000717463050652789,Up,0.0005
3000,2024-12-26 13:29:00,Low,LL,69.67,-0.06999999999999318,-0.0010037281330655956,Down,0.0005
3001,2024-12-26 13:38:00,High,HH,69.91,0.23999999999999488,0.003444811253050073,Up,0.0005
3002,2024-12-26 14:00:00,Low,HL,69.74,-0.1700000000000017,-0.002431697897296581,Down,0.0005
3003,2024-12-26 14:04:00,High,LH,69.79,0.05000000000001137,0.0007169486664755365,Up,0.0005
3004,2024-12-26 14:23:00,Low,LL,69.41,-0.38000000000000966,-0.005444906147012651,Down,0.0005
3005,2024-12-26 14:26:00,High,LH,69.46,0.04999999999999716,0.0007203572972194205,Up,0.0005
3006,2024-12-26 14:27:00,Low,HL,69.42,-0.03999999999999204,-0.0005758710048947568,Down,0.0005
3007,2024-12-26 14:28:00,High,HH,69.69,0.269999999999996,0.003889369057908265,Up,0.0005
3008,2024-12-26 14:39:00,Low,HL,69.58,-0.10999999999999943,-0.0015784187114363801,Down,0.0005
3009,2024-12-26 14:42:00,High,LH,69.62,0.04000000000000625,0.0005748778384593312,Up,0.0005
3010,2024-12-26 14:51:00,Low,LL,69.54,-0.0799999999999983,-0.0011490950876185124,Down,0.0005
3011,2024-12-26 14:58:00,High,LH,69.58,0.03999999999999204,0.0005752085130859008,Up,0.0005
3012,2024-12-26 15:06:00,Low,LL,69.49,-0.09000000000000341,-0.0012934751365335506,Down,0.0005
3013,2024-12-26 15:08:00,High,LH,69.53,0.04000000000000625,0.0005756223917110503,Up,0.0005
3014,2024-12-26 15:12:00,Low,HL,69.49,-0.04000000000000625,-0.0005752912411909339,Down,0.0005
3015,2024-12-26 15:15:00,High,HH,69.55,0.060000000000002274,0.0008634335875665755,Up,0.0005
3016,2024-12-26 15:20:00,Low,HL,69.5,-0.04999999999999716,-0.0007189072609632419,Down,0.0005
3017,2024-12-26 15:30:00,High,LH,69.54,0.04000000000000625,0.000575539568345329,Up,0.0005
3018,2024-12-26 15:49:00,Low,LL,69.49,-0.05000000000001137,-0.0007190106413577091,Down,0.0005
3019,2024-12-26 16:58:00,High,HH,69.68,0.19000000000001194,0.002734206360627711,Up,0.0005
3020,2024-12-26 18:03:00,Low,HL,69.6,-0.0800000000000125,-0.0011481056257177658,Down,0.0005
3021,2024-12-26 18:14:00,High,LH,69.65,0.05000000000001137,0.0007183908045977905,Up,0.0005
3022,2024-12-26 18:16:00,Low,HL,69.61,-0.04000000000000625,-0.0005743000717876034,Down,0.0005
3023,2024-12-26 19:05:00,High,HH,69.68,0.07000000000000739,0.00100560264329852,Up,0.0005
3024,2024-12-26 19:59:00,Low,LL,69.52,-0.1600000000000108,-0.0022962112514353095,Down,0.0005
3025,2024-12-26 20:00:00,High,LH,69.57,0.04999999999999716,0.0007192174913692728,Up,0.0005
3026,2024-12-26 20:11:00,Low,LL,69.45,-0.11999999999999034,-0.0017248814144026348,Down,0.0005
3027,2024-12-26 20:32:00,High,HH,69.61,0.1599999999999966,0.00230381569474436,Up,0.0005
3028,2024-12-26 20:39:00,Low,HL,69.55,-0.060000000000002274,-0.0008619451228272235,Down,0.0005
3029,2024-12-26 21:02:00,High,HH,69.63,0.0799999999999983,0.0011502516175412314,Up,0.0005
3030,2024-12-26 21:06:00,Low,HL,69.55,-0.0799999999999983,-0.0011489300588826135,Down,0.0005
3031,2024-12-26 21:11:00,High,LH,69.59,0.04000000000000625,0.0005751258087707267,Up,0.0005
3032,2024-12-26 21:13:00,Low,HL,69.55,-0.04000000000000625,-0.0005747952291996761,Down,0.0005
3033,2024-12-26 21:42:00,High,HH,69.67,0.12000000000000455,0.0017253774263121802,Up,0.0005
3034,2024-12-26 21:51:00,Low,HL,69.62,-0.04999999999999716,-0.00071766901105208,Down,0.0005
3035,2024-12-26 21:53:00,High,LH,69.66,0.03999999999999204,0.0005745475438090342,Up,0.0005
3036,2024-12-26 22:06:00,Low,LL,69.58,-0.0799999999999983,-0.001148435256962399,Down,0.0005
3037,2024-12-26 22:14:00,High,LH,69.65,0.07000000000000739,0.001006036217303885,Up,0.0005
3038,2024-12-26 22:37:00,Low,LL,69.57,-0.0800000000000125,-0.001148600143575207,Down,0.0005
3039,2024-12-26 23:03:00,High,HH,69.7,0.13000000000000966,0.001868621532269854,Up,0.0005
3040,2024-12-26 23:10:00,Low,HL,69.64,-0.060000000000002274,-0.0008608321377331363,Down,0.0005
3041,2024-12-26 23:19:00,High,LH,69.68,0.04000000000000625,0.0005743825387709567,Up,0.0005
3042,2024-12-26 23:48:00,Low,LL,69.6,-0.0800000000000125,-0.0011481056257177658,Down,0.0005
3043,2024-12-27 00:19:00,High,LH,69.66,0.060000000000002274,0.0008620689655172153,Up,0.0005
3044,2024-12-27 00:32:00,Low,LL,69.59,-0.06999999999999318,-0.0010048808498419604,Down,0.0005
3045,2024-12-27 00:50:00,High,HH,69.66,0.06999999999999318,0.0010058916510991,Up,0.0005
3046,2024-12-27 01:09:00,Low,LL,69.54,-0.11999999999999034,-0.0017226528854434875,Down,0.0005
3047,2024-12-27 01:18:00,High,LH,69.59,0.04999999999999716,0.000719010641357487,Up,0.0005
3048,2024-12-27 01:35:00,Low,LL,69.51,-0.0799999999999983,-0.00114959045839913,Down,0.0005
3049,2024-12-27 02:03:00,High,HH,69.65,0.14000000000000057,0.002014098690835908,Up,0.0005
3050,2024-12-27 02:06:00,Low,HL,69.6,-0.05000000000001137,-0.0007178750897345321,Down,0.0005
3051,2024-12-27 02:45:00,High,HH,69.83,0.23000000000000398,0.0033045977011494365,Up,0.0005
3052,2024-12-27 02:49:00,Low,HL,69.77,-0.060000000000002274,-0.0008592295574968434,Down,0.0005
3053,2024-12-27 02:58:00,High,HH,69.84,0.07000000000000739,0.0010032965457933418,Up,0.0005
3054,2024-12-27 03:07:00,Low,LL,69.72,-0.12000000000000455,-0.001718213058419349,Down,0.0005
3055,2024-12-27 03:12:00,High,LH,69.82,0.09999999999999432,0.0014343086632242485,Up,0.0005
3056,2024-12-27 03:19:00,Low,HL,69.76,-0.05999999999998806,-0.0008593526210253222,Down,0.0005
3057,2024-12-27 03:24:00,High,HH,69.85,0.0899999999999892,0.0012901376146787769,Up,0.0005
3058,2024-12-27 03:29:00,Low,HL,69.78,-0.06999999999999318,-0.0010021474588403079,Down,0.0005
3059,2024-12-27 03:34:00,High,LH,69.83,0.04999999999999716,0.0007165376898825571,Up,0.0005
3060,2024-12-27 03:35:00,Low,HL,69.78,-0.04999999999999716,-0.000716024631247314,Down,0.0005
3061,2024-12-27 03:36:00,High,HH,69.86,0.0799999999999983,0.0011464603038120469,Up,0.0005
3062,2024-12-27 03:38:00,Low,HL,69.78,-0.0799999999999983,-0.00114514743773253,Down,0.0005
3063,2024-12-27 03:42:00,High,LH,69.84,0.060000000000002274,0.0008598452278589797,Up,0.0005
3064,2024-12-27 03:43:00,Low,HL,69.8,-0.04000000000000625,-0.000572737686139857,Down,0.0005
3065,2024-12-27 03:47:00,High,HH,69.88,0.0799999999999983,0.0011461318051575464,Up,0.0005
3066,2024-12-27 03:55:00,Low,LL,69.78,-0.09999999999999432,-0.0014310246136233218,Down,0.0005
3067,2024-12-27 03:57:00,High,LH,69.86,0.0799999999999983,0.0011464603038120469,Up,0.0005
3068,2024-12-27 04:16:00,Low,LL,69.66,-0.20000000000000284,-0.0028628685943316023,Down,0.0005
3069,2024-12-27 04:26:00,High,HH,69.86,0.20000000000000284,0.0028710881424061085,Up,0.0005
3070,2024-12-27 04:30:00,Low,HL,69.77,-0.09000000000000341,-0.0012882908674491933,Down,0.0005
3071,2024-12-27 04:38:00,High,HH,69.87,0.10000000000000853,0.0014332807797048375,Up,0.0005
3072,2024-12-27 04:43:00,Low,HL,69.8,-0.07000000000000739,-0.001001860598254023,Down,0.0005
3073,2024-12-27 04:55:00,High,HH,69.95,0.15000000000000568,0.0021489971346706493,Up,0.0005
3074,2024-12-27 05:02:00,Low,HL,69.82,-0.13000000000000966,-0.001858470335954432,Down,0.0005
3075,2024-12-27 05:05:00,High,LH,69.88,0.060000000000002274,0.0008593526210254332,Up,0.0005
3076,2024-12-27 05:08:00,Low,HL,69.82,-0.060000000000002274,-0.0008586147681740597,Down,0.0005
3077,2024-12-27 05:29:00,High,HH,69.98,0.1600000000000108,0.0022916069894014512,Up,0.0005
3078,2024-12-27 05:30:00,Low,HL,69.87,-0.10999999999999943,-0.0015718776793369749,Down,0.0005
3079,2024-12-27 06:09:00,High,HH,70.24,0.36999999999999034,0.005295548876484757,Up,0.0005
3080,2024-12-27 06:19:00,Low,HL,70.17,-0.06999999999999318,-0.000996583143507923,Down,0.0005
3081,2024-12-27 06:28:00,High,HH,70.3,0.12999999999999545,0.0018526435798773555,Up,0.0005
3082,2024-12-27 06:30:00,Low,HL,70.23,-0.06999999999999318,-0.0009957325746798862,Down,0.0005
3083,2024-12-27 06:31:00,High,LH,70.27,0.03999999999999204,0.0005695571693007384,Up,0.0005
3084,2024-12-27 06:41:00,Low,LL,70.17,-0.09999999999999432,-0.0014230823964707096,Down,0.0005
3085,2024-12-27 06:45:00,High,LH,70.25,0.0799999999999983,0.001140088356847535,Up,0.0005
3086,2024-12-27 06:46:00,Low,HL,70.21,-0.04000000000000625,-0.000569395017793628,Down,0.0005
3087,2024-12-27 06:52:00,High,HH,70.25,0.04000000000000625,0.0005697194131890626,Up,0.0005
3088,2024-12-27 06:56:00,Low,LL,70.12,-0.12999999999999545,-0.001850533807829069,Down,0.0005
3089,2024-12-27 07:02:00,High,LH,70.21,0.0899999999999892,0.0012835139760409842,Up,0.0005
3090,2024-12-27 07:18:00,Low,HL,70.12,-0.0899999999999892,-0.0012818686796750578,Down,0.0005
3091,2024-12-27 07:40:00,High,HH,70.35,0.22999999999998977,0.0032800912721047126,Up,0.0005
3092,2024-12-27 07:45:00,Low,HL,70.31,-0.03999999999999204,-0.0005685856432123826,Down,0.0005
3093,2024-12-27 07:52:00,High,HH,70.36,0.04999999999999716,0.0007111363959606543,Up,0.0005
3094,2024-12-27 08:02:00,Low,LL,70.19,-0.1700000000000017,-0.0024161455372371243,Down,0.0005
3095,2024-12-27 08:04:00,High,LH,70.28,0.09000000000000341,0.0012822339364582103,Up,0.0005
3096,2024-12-27 08:09:00,Low,LL,70.17,-0.10999999999999943,-0.0015651678998293006,Down,0.0005
3097,2024-12-27 08:11:00,High,LH,70.26,0.09000000000000341,0.001282599401453588,Up,0.0005
3098,2024-12-27 08:15:00,Low,HL,70.22,-0.04000000000000625,-0.00056931397665827,Down,0.0005
3099,2024-12-27 08:25:00,High,HH,70.31,0.09000000000000341,0.0012816861293079018,Up,0.0005
3100,2024-12-27 08:31:00,Low,LL,70.2,-0.10999999999999943,-0.0015645000711136392,Down,0.0005
3101,2024-12-27 08:35:00,High,LH,70.3,0.09999999999999432,0.0014245014245013454,Up,0.0005
3102,2024-12-27 08:40:00,Low,HL,70.24,-0.060000000000002274,-0.0008534850640113945,Down,0.0005
3103,2024-12-27 08:43:00,High,LH,70.28,0.04000000000000625,0.0005694760820047495,Up,0.0005
3104,2024-12-27 08:46:00,Low,LL,70.23,-0.04999999999999716,-0.000711439954467763,Down,0.0005
3105,2024-12-27 08:50:00,High,LH,70.27,0.03999999999999204,0.0005695571693007384,Up,0.0005
3106,2024-12-27 08:54:00,Low,LL,70.22,-0.04999999999999716,-0.0007115411982353548,Down,0.0005
3107,2024-12-27 09:01:00,High,HH,70.46,0.23999999999999488,0.003417829678154405,Up,0.0005
3108,2024-12-27 09:06:00,Low,HL,70.36,-0.09999999999999432,-0.0014192449616803327,Down,0.0005
3109,2024-12-27 09:07:00,High,LH,70.42,0.060000000000002274,0.0008527572484366974,Up,0.0005
3110,2024-12-27 09:08:00,Low,HL,70.38,-0.04000000000000625,-0.0005680204487362728,Down,0.0005
3111,2024-12-27 09:10:00,High,HH,70.42,0.04000000000000625,0.0005683432793408549,Up,0.0005
3112,2024-12-27 09:13:00,Low,LL,70.37,-0.04999999999999716,-0.0007100255609201467,Down,0.0005
3113,2024-12-27 09:17:00,High,HH,70.48,0.10999999999999943,0.0015631661219268622,Up,0.0005
3114,2024-12-27 09:24:00,Low,HL,70.42,-0.060000000000002274,-0.0008513053348467858,Down,0.0005
3115,2024-12-27 09:25:00,High,HH,70.48,0.060000000000002274,0.0008520306731043537,Up,0.0005
3116,2024-12-27 09:26:00,Low,HL,70.44,-0.04000000000000625,-0.0005675368898979682,Down,0.0005
3117,2024-12-27 09:27:00,High,HH,70.48,0.04000000000000625,0.0005678591709257219,Up,0.0005
3118,2024-12-27 09:31:00,Low,LL,70.4,-0.0799999999999983,-0.0011350737797957144,Down,0.0005
3119,2024-12-27 09:39:00,High,HH,70.53,0.12999999999999545,0.001846590909090784,Up,0.0005
3120,2024-12-27 09:46:00,Low,HL,70.47,-0.060000000000002274,-0.0008507018290089263,Down,0.0005
3121,2024-12-27 09:53:00,High,HH,70.56,0.09000000000000341,0.0012771392081738497,Up,0.0005
3122,2024-12-27 10:01:00,Low,LL,70.3,-0.2600000000000051,-0.003684807256235878,Down,0.0005
3123,2024-12-27 10:02:00,High,LH,70.35,0.04999999999999716,0.0007112375533426807,Up,0.0005
3124,2024-12-27 10:07:00,Low,LL,70.24,-0.10999999999999943,-0.0015636105188343574,Down,0.0005
3125,2024-12-27 10:08:00,High,LH,70.28,0.04000000000000625,0.0005694760820047495,Up,0.0005
3126,2024-12-27 10:15:00,Low,LL,70.09,-0.18999999999999773,-0.0027034718269777214,Down,0.0005
3127,2024-12-27 10:19:00,High,LH,70.23,0.14000000000000057,0.0019974318733058105,Up,0.0005
3128,2024-12-27 10:25:00,Low,HL,70.12,-0.10999999999999943,-0.0015662822155774192,Down,0.0005
3129,2024-12-27 10:31:00,High,LH,70.18,0.060000000000002274,0.0008556759840274708,Up,0.0005
3130,2024-12-27 10:39:00,Low,LL,70.11,-0.07000000000000739,-0.0009974351667142445,Down,0.0005
3131,2024-12-27 10:41:00,High,HH,70.18,0.07000000000000739,0.0009984310369419713,Up,0.0005
3132,2024-12-27 10:42:00,Low,HL,70.14,-0.04000000000000625,-0.0005699629524081873,Down,0.0005
3133,2024-12-27 10:54:00,High,HH,70.36,0.21999999999999886,0.0031365839749073476,Up,0.0005
3134,2024-12-27 11:04:00,Low,HL,70.23,-0.12999999999999545,-0.0018476407049459187,Down,0.0005
3135,2024-12-27 11:15:00,High,HH,70.38,0.14999999999999147,0.0021358393848780466,Up,0.0005
3136,2024-12-27 11:18:00,Low,HL,70.28,-0.09999999999999432,-0.0014208581983516932,Down,0.0005
3137,2024-12-27 11:27:00,High,HH,70.49,0.20999999999999375,0.0029880478087649376,Up,0.0005
3138,2024-12-27 11:29:00,Low,HL,70.42,-0.06999999999999318,-0.0009930486593842103,Down,0.0005
3139,2024-12-27 11:31:00,High,HH,70.51,0.09000000000000341,0.0012780460096564195,Up,0.0005
3140,2024-12-27 11:34:00,Low,HL,70.45,-0.060000000000002274,-0.0008509431286343183,Down,0.0005
3141,2024-12-27 11:43:00,High,LH,70.5,0.04999999999999716,0.0007097232079489313,Up,0.0005
3142,2024-12-27 11:45:00,Low,LL,70.39,-0.10999999999999943,-0.0015602836879432536,Down,0.0005
3143,2024-12-27 11:47:00,High,LH,70.44,0.04999999999999716,0.0007103281716152043,Up,0.0005
3144,2024-12-27 11:52:00,Low,LL,70.32,-0.12000000000000455,-0.0017035775127769437,Down,0.0005
3145,2024-12-27 11:54:00,High,LH,70.36,0.04000000000000625,0.0005688282138796019,Up,0.0005
3146,2024-12-27 12:07:00,Low,LL,70.17,-0.18999999999999773,-0.002700397953382616,Down,0.0005
3147,2024-12-27 12:10:00,High,LH,70.22,0.04999999999999716,0.0007125552230298204,Up,0.0005
3148,2024-12-27 12:11:00,Low,HL,70.18,-0.03999999999999204,-0.0005696382796922528,Down,0.0005
3149,2024-12-27 12:13:00,High,HH,70.23,0.04999999999999716,0.0007124536905100953,Up,0.0005
3150,2024-12-27 12:16:00,Low,LL,70.16,-0.07000000000000739,-0.0009967250462765698,Down,0.0005
3151,2024-12-27 12:23:00,High,HH,70.23,0.07000000000000739,0.0009977194982897508,Up,0.0005
3152,2024-12-27 12:37:00,Low,LL,70.11,-0.12000000000000455,-0.0017086715079026593,Down,0.0005
3153,2024-12-27 12:39:00,High,LH,70.18,0.07000000000000739,0.0009984310369419713,Up,0.0005
3154,2024-12-27 12:44:00,Low,HL,70.11,-0.07000000000000739,-0.0009974351667142445,Down,0.0005
3155,2024-12-27 12:56:00,High,HH,70.35,0.23999999999999488,0.0034231921266580922,Up,0.0005
3156,2024-12-27 12:59:00,Low,HL,70.27,-0.0799999999999983,-0.0011371712864249872,Down,0.0005
3157,2024-12-27 13:03:00,High,HH,70.4,0.13000000000000966,0.0018500071154121667,Up,0.0005
3158,2024-12-27 13:06:00,Low,HL,70.36,-0.04000000000000625,-0.0005681818181818565,Down,0.0005
3159,2024-12-27 13:14:00,High,HH,70.53,0.1700000000000017,0.0024161455372371243,Up,0.0005
3160,2024-12-27 13:16:00,Low,HL,70.49,-0.04000000000000625,-0.0005671345526727656,Down,0.0005
3161,2024-12-27 13:20:00,High,HH,70.6,0.10999999999999943,0.0015605050361753303,Up,0.0005
3162,2024-12-27 13:29:00,Low,HL,70.52,-0.0799999999999983,-0.001133144475920611,Down,0.0005
3163,2024-12-27 13:36:00,High,HH,70.63,0.10999999999999943,0.001559841179807231,Up,0.0005
3164,2024-12-27 13:39:00,Low,HL,70.59,-0.03999999999999204,-0.0005663315871441421,Down,0.0005
3165,2024-12-27 13:44:00,High,HH,70.64,0.04999999999999716,0.0007083156254426015,Up,0.0005
3166,2024-12-27 13:47:00,Low,LL,70.57,-0.07000000000000739,-0.0009909399773500027,Down,0.0005
3167,2024-12-27 13:52:00,High,HH,70.65,0.0800000000000125,0.0011336261867651576,Up,0.0005
3168,2024-12-27 13:55:00,Low,HL,70.61,-0.04000000000000625,-0.0005661712668082464,Down,0.0005
3169,2024-12-27 13:59:00,High,HH,70.65,0.04000000000000625,0.0005664919983006111,Up,0.0005
3170,2024-12-27 14:02:00,Low,LL,70.57,-0.0800000000000125,-0.0011323425336166038,Down,0.0005
3171,2024-12-27 14:12:00,High,HH,70.74,0.1700000000000017,0.002408955646875377,Up,0.0005
3172,2024-12-27 14:31:00,Low,LL,70.5,-0.23999999999999488,-0.003392705682781938,Down,0.0005
3173,2024-12-27 14:34:00,High,LH,70.58,0.0799999999999983,0.0011347517730495582,Up,0.0005
3174,2024-12-27 15:46:00,Low,LL,70.16,-0.4200000000000017,-0.005950694247662258,Down,0.0005
3175,2024-12-27 15:59:00,High,LH,70.23,0.07000000000000739,0.0009977194982897508,Up,0.0005
3176,2024-12-27 16:05:00,Low,HL,70.19,-0.04000000000000625,-0.0005695571693009605,Down,0.0005
3177,2024-12-27 16:34:00,High,HH,70.29,0.10000000000000853,0.0014247043738424559,Up,0.0005
3178,2024-12-27 16:48:00,Low,HL,70.22,-0.07000000000000739,-0.0009958742353110006,Down,0.0005
3179,2024-12-27 16:59:00,High,LH,70.26,0.04000000000000625,0.0005696382796924748,Up,0.0005
3180,2024-12-29 18:03:00,Low,LL,70.17,-0.09000000000000341,-0.00128095644748083,Down,0.0005
3181,2024-12-29 18:17:00,High,HH,70.39,0.21999999999999886,0.0031352429813309435,Up,0.0005
3182,2024-12-29 18:23:00,Low,HL,70.33,-0.060000000000002274,-0.0008523938059383784,Down,0.0005
3183,2024-12-29 18:49:00,High,HH,70.47,0.14000000000000057,0.0019906156689890597,Up,0.0005
3184,2024-12-29 19:13:00,Low,HL,70.37,-0.09999999999999432,-0.0014190435646374011,Down,0.0005
3185,2024-12-29 19:29:00,High,LH,70.45,0.0799999999999983,0.0011368480886742027,Up,0.0005
3186,2024-12-29 19:39:00,Low,HL,70.39,-0.060000000000002274,-0.0008516678495387175,Down,0.0005
3187,2024-12-29 19:54:00,High,HH,70.48,0.09000000000000341,0.0012785907089074566,Up,0.0005
3188,2024-12-29 20:01:00,Low,HL,70.44,-0.04000000000000625,-0.0005675368898979682,Down,0.0005
3189,2024-12-29 20:08:00,High,HH,70.55,0.10999999999999943,0.0015616127200455132,Up,0.0005
3190,2024-12-29 20:15:00,Low,HL,70.48,-0.06999999999999318,-0.00099220411055978,Down,0.0005
3191,2024-12-29 20:19:00,High,LH,70.54,0.060000000000002274,0.0008513053348468969,Up,0.0005
3192,2024-12-29 20:28:00,Low,HL,70.5,-0.04000000000000625,-0.0005670541536717533,Down,0.0005
3193,2024-12-29 20:30:00,High,HH,70.57,0.06999999999999318,0.0009929078014183634,Up,0.0005
3194,2024-12-29 20:31:00,Low,HL,70.53,-0.03999999999999204,-0.0005668130933823567,Down,0.0005
3195,2024-12-29 20:49:00,High,HH,70.71,0.1799999999999926,0.002552105487026779,Up,0.0005
3196,2024-12-29 20:53:00,Low,HL,70.66,-0.04999999999999716,-0.0007071135624381331,Down,0.0005
3197,2024-12-29 21:00:00,High,HH,70.74,0.0799999999999983,0.0011321822813472604,Up,0.0005
3198,2024-12-29 21:06:00,Low,HL,70.66,-0.0799999999999983,-0.001130901894260683,Down,0.0005
3199,2024-12-29 21:12:00,High,LH,70.71,0.04999999999999716,0.0007076139258419545,Up,0.0005
3200,2024-12-29 21:30:00,Low,LL,70.65,-0.05999999999998806,-0.0008485362749255376,Down,0.0005
3201,2024-12-29 21:41:00,High,LH,70.69,0.03999999999999204,0.0005661712668081353,Up,0.0005
3202,2024-12-29 22:15:00,Low,LL,70.61,-0.0799999999999983,-0.001131701796576623,Down,0.0005
3203,2024-12-29 22:20:00,High,LH,70.66,0.04999999999999716,0.0007081149978755974,Up,0.0005
3204,2024-12-29 22:29:00,Low,LL,70.6,-0.060000000000002274,-0.0008491367110105008,Down,0.0005
3205,2024-12-29 22:56:00,High,HH,70.66,0.060000000000002274,0.0008498583569405138,Up,0.0005
3206,2024-12-29 23:28:00,Low,HL,70.61,-0.04999999999999716,-0.0007076139258420655,Down,0.0005
3207,2024-12-30 00:19:00,High,HH,70.72,0.10999999999999943,0.001557852995326403,Up,0.0005
3208,2024-12-30 00:33:00,Low,HL,70.61,-0.10999999999999943,-0.0015554298642533881,Down,0.0005
3209,2024-12-30 00:41:00,High,LH,70.66,0.04999999999999716,0.0007081149978755974,Up,0.0005
3210,2024-12-30 00:47:00,Low,HL,70.62,-0.03999999999999204,-0.0005660911406735192,Down,0.0005
3211,2024-12-30 01:14:00,High,HH,70.67,0.04999999999999716,0.0007080147267062298,Up,0.0005
3212,2024-12-30 01:19:00,Low,HL,70.63,-0.04000000000000625,-0.0005660110372153193,Down,0.0005
3213,2024-12-30 01:34:00,High,HH,70.67,0.04000000000000625,0.0005663315871442531,Up,0.0005
3214,2024-12-30 01:48:00,Low,LL,70.52,-0.15000000000000568,-0.002122541389557142,Down,0.0005
3215,2024-12-30 02:00:00,High,LH,70.56,0.04000000000000625,0.0005672149744753163,Up,0.0005
3216,2024-12-30 02:04:00,Low,LL,70.5,-0.060000000000002274,-0.0008503401360544505,Down,0.0005
3217,2024-12-30 02:19:00,High,HH,70.57,0.06999999999999318,0.0009929078014183634,Up,0.0005
3218,2024-12-30 02:29:00,Low,LL,70.49,-0.0799999999999983,-0.0011336261867649355,Down,0.0005
3219,2024-12-30 02:32:00,High,HH,70.59,0.10000000000000853,0.0014186409419776336,Up,0.0005
3220,2024-12-30 02:39:00,Low,HL,70.52,-0.07000000000000739,-0.000991641875619842,Down,0.0005
3221,2024-12-30 02:49:00,High,LH,70.57,0.04999999999999716,0.0007090187180940344,Up,0.0005
3222,2024-12-30 02:54:00,Low,LL,70.5,-0.06999999999999318,-0.0009919229134192076,Down,0.0005
3223,2024-12-30 03:01:00,High,HH,70.66,0.1599999999999966,0.0022695035460993385,Up,0.0005
3224,2024-12-30 03:18:00,Low,LL,70.42,-0.23999999999999488,-0.003396546844041781,Down,0.0005
3225,2024-12-30 03:30:00,High,LH,70.57,0.14999999999999147,0.002130076682760551,Up,0.0005
3226,2024-12-30 03:35:00,Low,LL,70.4,-0.1699999999999875,-0.002408955646875266,Down,0.0005
3227,2024-12-30 03:38:00,High,LH,70.47,0.06999999999999318,0.0009943181818181657,Up,0.0005
3228,2024-12-30 03:44:00,Low,LL,70.29,-0.1799999999999926,-0.0025542784163472554,Down,0.0005
3229,2024-12-30 03:51:00,High,LH,70.38,0.0899999999999892,0.001280409731113874,Up,0.0005
3230,2024-12-30 03:57:00,Low,LL,70.21,-0.1700000000000017,-0.0024154589371980784,Down,0.0005
3231,2024-12-30 03:58:00,High,LH,70.27,0.060000000000002274,0.0008545791197835939,Up,0.0005
3232,2024-12-30 03:59:00,Low,HL,70.23,-0.03999999999999204,-0.0005692329585882394,Down,0.0005
3233,2024-12-30 04:25:00,High,HH,70.68,0.45000000000000284,0.006407518154634806,Up,0.0005
3234,2024-12-30 04:42:00,Low,HL,70.5,-0.18000000000000682,-0.002546689303905003,Down,0.0005
3235,2024-12-30 04:50:00,High,LH,70.62,0.12000000000000455,0.0017021276595745594,Up,0.0005
3236,2024-12-30 05:12:00,Low,LL,70.32,-0.30000000000001137,-0.004248088360238045,Down,0.0005
3237,2024-12-30 05:26:00,High,LH,70.41,0.09000000000000341,0.0012798634812287712,Up,0.0005
3238,2024-12-30 05:28:00,Low,LL,70.31,-0.09999999999999432,-0.0014202528049992447,Down,0.0005
3239,2024-12-30 05:48:00,High,HH,70.59,0.28000000000000114,0.003982363817380152,Up,0.0005
3240,2024-12-30 05:59:00,Low,HL,70.47,-0.12000000000000455,-0.0016999575010625545,Down,0.0005
3241,2024-12-30 06:00:00,High,LH,70.51,0.04000000000000625,0.0005676174258550937,Up,0.0005
3242,2024-12-30 06:05:00,Low,LL,70.46,-0.05000000000001137,-0.00070911927386208,Down,0.0005
3243,2024-12-30 06:07:00,High,HH,70.51,0.05000000000001137,0.0007096224808402773,Up,0.0005
3244,2024-12-30 06:15:00,Low,HL,70.46,-0.05000000000001137,-0.00070911927386208,Down,0.0005
3245,2024-12-30 06:23:00,High,HH,70.57,0.10999999999999943,0.0015611694578483437,Up,0.0005
3246,2024-12-30 06:27:00,Low,HL,70.51,-0.05999999999998806,-0.0008502196400734796,Down,0.0005
3247,2024-12-30 06:41:00,High,HH,70.67,0.1599999999999966,0.002269181676357812,Up,0.0005
3248,2024-12-30 06:42:00,Low,HL,70.59,-0.0799999999999983,-0.0011320220744304166,Down,0.0005
3249,2024-12-30 06:53:00,High,HH,70.72,0.12999999999999545,0.0018416206261508972,Up,0.0005
3250,2024-12-30 06:55:00,Low,HL,70.68,-0.03999999999999204,-0.0005656108597283938,Down,0.0005
3251,2024-12-30 07:16:00,High,HH,70.96,0.2799999999999869,0.003961516694962919,Up,0.0005
3252,2024-12-30 07:23:00,Low,HL,70.85,-0.10999999999999943,-0.0015501691093573466,Down,0.0005
3253,2024-12-30 07:26:00,High,LH,70.91,0.060000000000002274,0.0008468595624560038,Up,0.0005
3254,2024-12-30 07:27:00,Low,HL,70.87,-0.03999999999999204,-0.000564095332110992,Down,0.0005
3255,2024-12-30 07:36:00,High,HH,70.98,0.10999999999999943,0.0015521377169465111,Up,0.0005
3256,2024-12-30 07:38:00,Low,HL,70.91,-0.07000000000000739,-0.0009861932938857176,Down,0.0005
3257,2024-12-30 07:41:00,High,LH,70.96,0.04999999999999716,0.0007051191651388233,Up,0.0005
3258,2024-12-30 07:48:00,Low,LL,70.87,-0.0899999999999892,-0.0012683201803831423,Down,0.0005
3259,2024-12-30 07:51:00,High,LH,70.92,0.04999999999999716,0.0007055171440666363,Up,0.0005
3260,2024-12-30 07:56:00,Low,LL,70.79,-0.12999999999999545,-0.0018330513254370961,Down,0.0005
3261,2024-12-30 08:01:00,High,LH,70.85,0.05999999999998806,0.0008475773414322596,Up,0.0005
3262,2024-12-30 08:13:00,Low,LL,70.73,-0.11999999999999034,-0.0016937191249116745,Down,0.0005
3263,2024-12-30 08:31:00,High,HH,71.01,0.28000000000000114,0.003958716244874871,Up,0.0005
3264,2024-12-30 08:38:00,Low,HL,70.94,-0.07000000000000739,-0.0009857766511759403,Down,0.0005
3265,2024-12-30 08:50:00,High,HH,71.01,0.07000000000000739,0.0009867493656612325,Up,0.0005
3266,2024-12-30 08:54:00,Low,HL,70.97,-0.04000000000000625,-0.000563300943529188,Down,0.0005
3267,2024-12-30 08:56:00,High,HH,71.05,0.0799999999999983,0.0011272368606454197,Up,0.0005
3268,2024-12-30 08:59:00,Low,HL,70.97,-0.0799999999999983,-0.0011259676284306464,Down,0.0005
3269,2024-12-30 09:03:00,High,HH,71.11,0.14000000000000057,0.001972664506129318,Up,0.0005
3270,2024-12-30 09:06:00,Low,HL,71.05,-0.060000000000002274,-0.0008437631837997506,Down,0.0005
3271,2024-12-30 09:09:00,High,HH,71.19,0.14000000000000057,0.0019704433497536034,Up,0.0005
3272,2024-12-30 09:10:00,Low,HL,71.15,-0.03999999999999204,-0.0005618766680712817,Down,0.0005
3273,2024-12-30 09:12:00,High,HH,71.19,0.03999999999999204,0.0005621925509486925,Up,0.0005
3274,2024-12-30 09:13:00,Low,HL,71.15,-0.03999999999999204,-0.0005618766680712817,Down,0.0005
3275,2024-12-30 09:16:00,High,HH,71.27,0.11999999999999034,0.0016865776528458554,Up,0.0005
3276,2024-12-30 09:19:00,Low,HL,71.21,-0.060000000000002274,-0.000841868949067015,Down,0.0005
3277,2024-12-30 09:21:00,High,HH,71.27,0.060000000000002274,0.0008425782895660205,Up,0.0005
3278,2024-12-30 09:25:00,Low,LL,71.13,-0.14000000000000057,-0.0019643608811561464,Down,0.0005
3279,2024-12-30 09:27:00,High,LH,71.18,0.05000000000001137,0.00070293828201895,Up,0.0005
3280,2024-12-30 09:31:00,Low,HL,71.14,-0.04000000000000625,-0.0005619556055072028,Down,0.0005
3281,2024-12-30 09:32:00,High,HH,71.2,0.060000000000002274,0.0008434073657577201,Up,0.0005
3282,2024-12-30 09:33:00,Low,HL,71.16,-0.04000000000000625,-0.0005617977528090679,Down,0.0005
3283,2024-12-30 09:36:00,High,HH,71.24,0.0799999999999983,0.0011242270938729426,Up,0.0005
3284,2024-12-30 09:39:00,Low,HL,71.17,-0.06999999999999318,-0.0009825940482873774,Down,0.0005
3285,2024-12-30 09:41:00,High,LH,71.22,0.04999999999999716,0.000702543206407169,Up,0.0005
3286,2024-12-30 09:43:00,Low,LL,71.12,-0.09999999999999432,-0.001404099971917927,Down,0.0005
3287,2024-12-30 09:56:00,High,HH,71.28,0.1599999999999966,0.0022497187851517886,Up,0.0005
3288,2024-12-30 10:05:00,Low,LL,70.98,-0.29999999999999716,-0.004208754208754217,Down,0.0005
3289,2024-12-30 10:08:00,High,LH,71.11,0.12999999999999545,0.001831501831501825,Up,0.0005
3290,2024-12-30 10:10:00,Low,HL,71.07,-0.04000000000000625,-0.0005625087891999447,Down,0.0005
3291,2024-12-30 10:14:00,High,HH,71.17,0.10000000000000853,0.001407063458562119,Up,0.0005
3292,2024-12-30 10:19:00,Low,LL,71.05,-0.12000000000000455,-0.0016861036953773612,Down,0.0005
3293,2024-12-30 10:24:00,High,HH,71.22,0.1700000000000017,0.0023926812104151374,Up,0.0005
3294,2024-12-30 10:27:00,Low,HL,71.18,-0.03999999999999204,-0.0005616399887671264,Down,0.0005
3295,2024-12-30 10:32:00,High,HH,71.33,0.14999999999999147,0.002107333520651844,Up,0.0005
3296,2024-12-30 10:36:00,Low,HL,71.22,-0.10999999999999943,-0.0015421281368288575,Down,0.0005
3297,2024-12-30 10:40:00,High,HH,71.42,0.20000000000000284,0.002808199943836076,Up,0.0005
3298,2024-12-30 10:43:00,Low,HL,71.37,-0.04999999999999716,-0.0007000840100811478,Down,0.0005
3299,2024-12-30 10:44:00,High,LH,71.41,0.03999999999999204,0.0005604595768529119,Up,0.0005
3300,2024-12-30 10:49:00,Low,LL,71.21,-0.20000000000000284,-0.0028007281893293046,Down,0.0005
3301,2024-12-30 10:52:00,High,LH,71.34,0.13000000000000966,0.0018255862940599332,Up,0.0005
3302,2024-12-30 11:01:00,Low,HL,71.21,-0.13000000000000966,-0.0018222596019065174,Down,0.0005
3303,2024-12-30 11:12:00,High,HH,71.4,0.19000000000001194,0.0026681645836259538,Up,0.0005
3304,2024-12-30 11:29:00,Low,LL,70.96,-0.44000000000001194,-0.006162464985994598,Down,0.0005
3305,2024-12-30 11:30:00,High,LH,71.0,0.04000000000000625,0.0005636978579481866,Up,0.0005
3306,2024-12-30 11:33:00,Low,LL,70.91,-0.09000000000000341,-0.001267605633802904,Down,0.0005
3307,2024-12-30 11:53:00,High,HH,71.29,0.38000000000000966,0.005358905655055812,Up,0.0005
3308,2024-12-30 11:57:00,Low,HL,71.21,-0.0800000000000125,-0.0011221770234256523,Down,0.0005
3309,2024-12-30 12:03:00,High,HH,71.43,0.22000000000001307,0.003089453728409186,Up,0.0005
3310,2024-12-30 12:06:00,Low,HL,71.39,-0.04000000000000625,-0.0005599888002241205,Down,0.0005
3311,2024-12-30 12:10:00,High,HH,71.54,0.15000000000000568,0.0021011346126909025,Up,0.0005
3312,2024-12-30 12:23:00,Low,HL,71.43,-0.10999999999999943,-0.0015376013419066137,Down,0.0005
3313,2024-12-30 12:29:00,High,LH,71.5,0.06999999999999318,0.0009799804003918222,Up,0.0005
3314,2024-12-30 12:52:00,Low,LL,71.25,-0.25,-0.0034965034965035446,Down,0.0005
3315,2024-12-30 12:59:00,High,LH,71.3,0.04999999999999716,0.00070175438596487,Up,0.0005
3316,2024-12-30 13:01:00,Low,HL,71.26,-0.03999999999999204,-0.0005610098176717093,Down,0.0005
3317,2024-12-30 13:05:00,High,HH,71.33,0.06999999999999318,0.0009823182711197198,Up,0.0005
3318,2024-12-30 13:10:00,Low,LL,71.25,-0.0799999999999983,-0.0011215477358754722,Down,0.0005
3319,2024-12-30 13:14:00,High,HH,71.37,0.12000000000000455,0.0016842105263159546,Up,0.0005
3320,2024-12-30 13:40:00,Low,LL,71.06,-0.3100000000000023,-0.0043435617206109,Down,0.0005
3321,2024-12-30 13:44:00,High,LH,71.12,0.060000000000002274,0.0008443568815086344,Up,0.0005
3322,2024-12-30 13:53:00,Low,LL,71.05,-0.07000000000000739,-0.0009842519685040463,Down,0.0005
3323,2024-12-30 14:02:00,High,LH,71.09,0.04000000000000625,0.0005629838142153787,Up,0.0005
3324,2024-12-30 14:19:00,Low,LL,70.84,-0.25,-0.003516669011112694,Down,0.0005
3325,2024-12-30 14:21:00,High,LH,70.88,0.03999999999999204,0.0005646527385656519,Up,0.0005
3326,2024-12-30 14:22:00,Low,LL,70.79,-0.0899999999999892,-0.0012697516930021413,Down,0.0005
3327,2024-12-30 14:30:00,High,HH,71.07,0.2799999999999869,0.00395536092668447,Up,0.0005
3328,2024-12-30 14:46:00,Low,HL,70.88,-0.18999999999999773,-0.0026734205712677372,Down,0.0005
3329,2024-12-30 15:28:00,High,HH,71.26,0.38000000000000966,0.005361173814898645,Up,0.0005
3330,2024-12-30 15:47:00,Low,HL,71.11,-0.15000000000000568,-0.0021049677238282882,Down,0.0005
3331,2024-12-30 15:54:00,High,LH,71.17,0.060000000000002274,0.0008437631837998616,Up,0.0005
3332,2024-12-30 16:01:00,Low,HL,71.12,-0.04999999999999716,-0.000702543206407169,Down,0.0005
3333,2024-12-30 16:35:00,High,HH,71.18,0.060000000000002274,0.0008436445444319762,Up,0.0005
3334,2024-12-30 16:51:00,Low,LL,71.11,-0.07000000000000739,-0.0009834223096376604,Down,0.0005
3335,2024-12-30 16:58:00,High,LH,71.15,0.04000000000000625,0.0005625087891998337,Up,0.0005
3336,2024-12-30 18:13:00,Low,LL,71.09,-0.060000000000002274,-0.0008432888264230387,Down,0.0005
3337,2024-12-30 19:23:00,High,HH,71.24,0.14999999999999147,0.0021100014066675055,Up,0.0005
3338,2024-12-30 19:35:00,Low,HL,71.2,-0.03999999999999204,-0.0005614823133069935,Down,0.0005
3339,2024-12-30 20:06:00,High,HH,71.4,0.20000000000000284,0.002808988764045006,Up,0.0005
3340,2024-12-30 20:09:00,Low,HL,71.34,-0.060000000000002274,-0.0008403361344537785,Down,0.0005
3341,2024-12-30 20:10:00,High,LH,71.39,0.04999999999999716,0.0007008690776562077,Up,0.0005
3342,2024-12-30 20:25:00,Low,LL,71.31,-0.0799999999999983,-0.0011206051267684813,Down,0.0005
3343,2024-12-30 20:48:00,High,HH,71.58,0.269999999999996,0.003786285233487563,Up,0.0005
3344,2024-12-30 21:21:00,Low,HL,71.38,-0.20000000000000284,-0.0027940765576977,Down,0.0005
3345,2024-12-30 21:31:00,High,LH,71.44,0.060000000000002274,0.0008405715886803389,Up,0.0005
3346,2024-12-30 21:36:00,Low,HL,71.39,-0.04999999999999716,-0.0006998880179170941,Down,0.0005
3347,2024-12-30 21:40:00,High,HH,71.45,0.060000000000002274,0.000840453845076361,Up,0.0005
3348,2024-12-30 21:54:00,Low,HL,71.39,-0.060000000000002274,-0.0008397480755774067,Down,0.0005
3349,2024-12-30 21:57:00,High,LH,71.43,0.04000000000000625,0.0005603025633842407,Up,0.0005
3350,2024-12-30 22:04:00,Low,LL,71.33,-0.10000000000000853,-0.001399972000560079,Down,0.0005
3351,2024-12-30 22:23:00,High,HH,71.43,0.10000000000000853,0.0014019346698443957,Up,0.0005
3352,2024-12-30 22:30:00,Low,HL,71.34,-0.09000000000000341,-0.0012599748005039935,Down,0.0005
3353,2024-12-30 22:41:00,High,LH,71.41,0.06999999999999318,0.0009812167087186463,Up,0.0005
3354,2024-12-30 23:00:00,Low,HL,71.34,-0.06999999999999318,-0.0009802548662651844,Down,0.0005
3355,2024-12-30 23:08:00,High,HH,71.42,0.0799999999999983,0.0011213905242499767,Up,0.0005
3356,2024-12-30 23:20:00,Low,HL,71.37,-0.04999999999999716,-0.0007000840100811478,Down,0.0005
3357,2024-12-30 23:29:00,High,HH,71.63,0.2599999999999909,0.0036429872495444826,Up,0.0005
3358,2024-12-30 23:32:00,Low,HL,71.57,-0.060000000000002274,-0.0008376378612313662,Down,0.0005
3359,2024-12-30 23:47:00,High,HH,71.66,0.09000000000000341,0.001257510129942796,Up,0.0005
3360,2024-12-31 00:12:00,Low,HL,71.58,-0.0799999999999983,-0.0011163829193413521,Down,0.0005
3361,2024-12-31 00:18:00,High,LH,71.64,0.060000000000002274,0.0008382229673093988,Up,0.0005
3362,2024-12-31 00:31:00,Low,LL,71.57,-0.07000000000000739,-0.0009771077610274403,Down,0.0005
3363,2024-12-31 00:52:00,High,HH,71.66,0.09000000000000341,0.001257510129942796,Up,0.0005
3364,2024-12-31 01:00:00,Low,HL,71.59,-0.06999999999999318,-0.000976835054423586,Down,0.0005
3365,2024-12-31 01:06:00,High,HH,71.68,0.09000000000000341,0.0012571588210643636,Up,0.0005
3366,2024-12-31 01:07:00,Low,HL,71.63,-0.05000000000001137,-0.0006975446428573173,Down,0.0005
3367,2024-12-31 01:21:00,High,HH,71.7,0.07000000000000739,0.000977244171436631,Up,0.0005
3368,2024-12-31 01:36:00,Low,HL,71.64,-0.060000000000002274,-0.0008368200836820217,Down,0.0005
3369,2024-12-31 01:53:00,High,HH,71.73,0.09000000000000341,0.0012562814070351536,Up,0.0005
3370,2024-12-31 02:04:00,Low,LL,71.63,-0.10000000000000853,-0.0013941168269901993,Down,0.0005
3371,2024-12-31 02:09:00,High,LH,71.68,0.05000000000001137,0.0006980315510263235,Up,0.0005
3372,2024-12-31 02:49:00,Low,LL,71.56,-0.12000000000000455,-0.0016741071428572063,Down,0.0005
3373,2024-12-31 02:56:00,High,LH,71.6,0.03999999999999204,0.0005589714924538747,Up,0.0005
3374,2024-12-31 03:17:00,Low,LL,71.48,-0.11999999999999034,-0.0016759776536311444,Down,0.0005
3375,2024-12-31 03:23:00,High,LH,71.53,0.04999999999999716,0.00069949636261879,Up,0.0005
3376,2024-12-31 03:34:00,Low,LL,71.4,-0.12999999999999545,-0.0018174192646441822,Down,0.0005
3377,2024-12-31 03:44:00,High,HH,71.61,0.20999999999999375,0.002941176470588225,Up,0.0005
3378,2024-12-31 03:46:00,Low,HL,71.56,-0.04999999999999716,-0.0006982265046781011,Down,0.0005
3379,2024-12-31 03:47:00,High,LH,71.6,0.03999999999999204,0.0005589714924538747,Up,0.0005
3380,2024-12-31 03:49:00,Low,LL,71.49,-0.10999999999999943,-0.0015363128491620026,Down,0.0005
3381,2024-12-31 03:53:00,High,LH,71.55,0.060000000000002274,0.0008392782207302663,Up,0.0005
3382,2024-12-31 03:56:00,Low,HL,71.51,-0.03999999999999204,-0.0005590496156532287,Down,0.0005
3383,2024-12-31 04:00:00,High,HH,71.64,0.12999999999999545,0.0018179275625787028,Up,0.0005
3384,2024-12-31 04:02:00,Low,LL,71.48,-0.1599999999999966,-0.002233389168062483,Down,0.0005
3385,2024-12-31 04:03:00,High,LH,71.52,0.03999999999999204,0.0005595970900951208,Up,0.0005
3386,2024-12-31 04:06:00,Low,LL,71.43,-0.0899999999999892,-0.001258389261744819,Down,0.0005
3387,2024-12-31 04:07:00,High,LH,71.47,0.03999999999999204,0.0005599888002238984,Up,0.0005
3388,2024-12-31 04:14:00,Low,LL,71.41,-0.060000000000002274,-0.0008395130824122576,Down,0.0005
3389,2024-12-31 04:21:00,High,LH,71.45,0.04000000000000625,0.0005601456378658831,Up,0.0005
3390,2024-12-31 04:28:00,Low,LL,71.38,-0.07000000000000739,-0.0009797060881736597,Down,0.0005
3391,2024-12-31 04:33:00,High,LH,71.44,0.060000000000002274,0.0008405715886803389,Up,0.0005
3392,2024-12-31 04:39:00,Low,LL,71.37,-0.06999999999999318,-0.0009798432250839317,Down,0.0005
3393,2024-12-31 04:44:00,High,HH,71.47,0.09999999999999432,0.0014011489421323908,Up,0.0005
3394,2024-12-31 04:55:00,Low,HL,71.38,-0.09000000000000341,-0.001259269623618331,Down,0.0005
3395,2024-12-31 04:57:00,High,LH,71.43,0.05000000000001137,0.0007004763239004674,Up,0.0005
3396,2024-12-31 05:04:00,Low,LL,71.36,-0.07000000000000739,-0.0009799804003920443,Down,0.0005
3397,2024-12-31 05:18:00,High,HH,71.53,0.1700000000000017,0.002382286995515681,Up,0.0005
3398,2024-12-31 05:19:00,Low,HL,71.49,-0.04000000000000625,-0.000559205927582962,Down,0.0005
3399,2024-12-31 05:26:00,High,HH,71.53,0.04000000000000625,0.0005595188138201035,Up,0.0005
3400,2024-12-31 05:28:00,Low,LL,71.48,-0.04999999999999716,-0.0006990074094784804,Down,0.0005
3401,2024-12-31 05:40:00,High,HH,71.6,0.11999999999999034,0.0016787912702853625,Up,0.0005
3402,2024-12-31 05:54:00,Low,LL,71.41,-0.18999999999999773,-0.002653631284916136,Down,0.0005
3403,2024-12-31 06:02:00,High,LH,71.59,0.18000000000000682,0.002520655370396474,Up,0.0005
3404,2024-12-31 06:06:00,Low,HL,71.54,-0.04999999999999716,-0.0006984215672579674,Down,0.0005
3405,2024-12-31 06:12:00,High,HH,71.65,0.10999999999999943,0.0015376013419066137,Up,0.0005
3406,2024-12-31 06:28:00,Low,LL,71.45,-0.20000000000000284,-0.002791346824843055,Down,0.0005
3407,2024-12-31 06:40:00,High,LH,71.56,0.10999999999999943,0.0015395381385583384,Up,0.0005
3408,2024-12-31 06:44:00,Low,HL,71.49,-0.07000000000000739,-0.0009782001117943917,Down,0.0005
3409,2024-12-31 06:57:00,High,HH,71.62,0.13000000000000966,0.001818436144915614,Up,0.0005
3410,2024-12-31 07:04:00,Low,HL,71.54,-0.0799999999999983,-0.0011170064227868925,Down,0.0005
3411,2024-12-31 07:12:00,High,HH,71.7,0.1599999999999966,0.002236511042773115,Up,0.0005
3412,2024-12-31 07:16:00,Low,HL,71.59,-0.10999999999999943,-0.0015341701534170582,Down,0.0005
3413,2024-12-31 07:19:00,High,LH,71.63,0.03999999999999204,0.0005587372538062851,Up,0.0005
3414,2024-12-31 07:33:00,Low,LL,71.2,-0.4299999999999926,-0.006003071338824384,Down,0.0005
3415,2024-12-31 07:35:00,High,LH,71.29,0.09000000000000341,0.001264044943820375,Up,0.0005
3416,2024-12-31 07:38:00,Low,LL,71.19,-0.10000000000000853,-0.001402721279281871,Down,0.0005
3417,2024-12-31 07:39:00,High,LH,71.26,0.07000000000000739,0.000983284169125076,Up,0.0005
3418,2024-12-31 07:45:00,Low,LL,71.17,-0.09000000000000341,-0.001262980634296973,Down,0.0005
3419,2024-12-31 07:49:00,High,LH,71.22,0.04999999999999716,0.000702543206407169,Up,0.0005
3420,2024-12-31 07:53:00,Low,LL,71.1,-0.12000000000000455,-0.0016849199663017123,Down,0.0005
3421,2024-12-31 07:54:00,High,LH,71.15,0.05000000000001137,0.0007032348804503208,Up,0.0005
3422,2024-12-31 08:01:00,Low,LL,70.95,-0.20000000000000284,-0.0028109627547435734,Down,0.0005
3423,2024-12-31 08:02:00,High,LH,71.0,0.04999999999999716,0.000704721634954053,Up,0.0005
3424,2024-12-31 08:04:00,Low,HL,70.96,-0.04000000000000625,-0.0005633802816902289,Down,0.0005
3425,2024-12-31 08:05:00,High,HH,71.01,0.05000000000001137,0.0007046223224353998,Up,0.0005
3426,2024-12-31 08:09:00,Low,LL,70.92,-0.09000000000000341,-0.0012674271229404788,Down,0.0005
3427,2024-12-31 08:10:00,High,LH,70.98,0.060000000000002274,0.0008460236886633776,Up,0.0005
3428,2024-12-31 08:12:00,Low,LL,70.89,-0.09000000000000341,-0.001267962806424383,Down,0.0005
3429,2024-12-31 08:15:00,High,LH,70.94,0.04999999999999716,0.0007053180984624152,Up,0.0005
3430,2024-12-31 08:18:00,Low,HL,70.9,-0.03999999999999204,-0.0005638567803776251,Down,0.0005
3431,2024-12-31 08:27:00,High,HH,71.06,0.1599999999999966,0.0022566995768686926,Up,0.0005
3432,2024-12-31 08:30:00,Low,HL,70.98,-0.0799999999999983,-0.0011258091753447719,Down,0.0005
3433,2024-12-31 08:37:00,High,HH,71.09,0.10999999999999943,0.0015497323189630485,Up,0.0005
3434,2024-12-31 08:40:00,Low,HL,71.03,-0.060000000000002274,-0.000844000562667091,Down,0.0005
3435,2024-12-31 08:41:00,High,LH,71.07,0.03999999999999204,0.000563142334224942,Up,0.0005
3436,2024-12-31 08:51:00,Low,LL,70.99,-0.0799999999999983,-0.0011256507668495619,Down,0.0005
3437,2024-12-31 09:11:00,High,HH,71.51,0.5200000000000102,0.00732497534864085,Up,0.0005
3438,2024-12-31 09:12:00,Low,HL,71.47,-0.04000000000000625,-0.0005593623269474213,Down,0.0005
3439,2024-12-31 09:15:00,High,HH,71.52,0.04999999999999716,0.0006995942353433815,Up,0.0005
3440,2024-12-31 09:18:00,Low,LL,71.35,-0.1700000000000017,-0.002376957494407139,Down,0.0005
3441,2024-12-31 09:32:00,High,HH,71.57,0.21999999999999886,0.003083391730903884,Up,0.0005
3442,2024-12-31 09:41:00,Low,HL,71.44,-0.12999999999999545,-0.001816403521028298,Down,0.0005
3443,2024-12-31 09:43:00,High,LH,71.52,0.0799999999999983,0.0011198208286673506,Up,0.0005
3444,2024-12-31 09:51:00,Low,LL,71.3,-0.21999999999999886,-0.0030760626398209645,Down,0.0005
3445,2024-12-31 09:59:00,High,HH,71.56,0.2600000000000051,0.0036465638148668322,Up,0.0005
3446,2024-12-31 10:05:00,Low,HL,71.36,-0.20000000000000284,-0.0027948574622694844,Down,0.0005
3447,2024-12-31 10:10:00,High,LH,71.49,0.12999999999999545,0.0018217488789236125,Up,0.0005
3448,2024-12-31 10:11:00,Low,HL,71.42,-0.06999999999999318,-0.0009791579241851256,Down,0.0005
3449,2024-12-31 10:19:00,High,HH,71.65,0.23000000000000398,0.0032203864463735687,Up,0.0005
3450,2024-12-31 10:26:00,Low,HL,71.53,-0.12000000000000455,-0.001674808094905833,Down,0.0005
3451,2024-12-31 10:30:00,High,LH,71.64,0.10999999999999943,0.0015378163008528123,Up,0.0005
3452,2024-12-31 10:34:00,Low,LL,71.52,-0.12000000000000455,-0.0016750418760469454,Down,0.0005
3453,2024-12-31 10:44:00,High,HH,71.65,0.13000000000000966,0.0018176733780761456,Up,0.0005
3454,2024-12-31 10:48:00,Low,HL,71.57,-0.0800000000000125,-0.001116538729937333,Down,0.0005
3455,2024-12-31 10:57:00,High,HH,71.7,0.13000000000000966,0.001816403521028409,Up,0.0005
3456,2024-12-31 11:01:00,Low,HL,71.6,-0.10000000000000853,-0.0013947001394701841,Down,0.0005
3457,2024-12-31 11:09:00,High,HH,71.77,0.1700000000000017,0.0023743016759776303,Up,0.0005
3458,2024-12-31 11:12:00,Low,HL,71.7,-0.06999999999999318,-0.0009753378849099992,Down,0.0005
3459,2024-12-31 11:17:00,High,HH,71.81,0.10999999999999943,0.0015341701534170582,Up,0.0005
3460,2024-12-31 11:24:00,Low,HL,71.74,-0.07000000000000739,-0.0009747945968529015,Down,0.0005
3461,2024-12-31 11:36:00,High,HH,71.81,0.07000000000000739,0.0009757457485364274,Up,0.0005
3462,2024-12-31 11:47:00,Low,LL,71.68,-0.12999999999999545,-0.0018103328227265791,Down,0.0005
3463,2024-12-31 11:50:00,High,HH,71.81,0.12999999999999545,0.0018136160714286031,Up,0.0005
3464,2024-12-31 12:02:00,Low,LL,71.65,-0.1599999999999966,-0.0022281019356634735,Down,0.0005
3465,2024-12-31 12:07:00,High,LH,71.7,0.04999999999999716,0.0006978367062107083,Up,0.0005
3466,2024-12-31 12:11:00,Low,HL,71.66,-0.04000000000000625,-0.0005578800557880514,Down,0.0005
3467,2024-12-31 12:19:00,High,HH,71.79,0.13000000000000966,0.0018141222439298499,Up,0.0005
3468,2024-12-31 12:23:00,Low,HL,71.74,-0.05000000000001137,-0.0006964758322888231,Down,0.0005
3469,2024-12-31 12:26:00,High,HH,71.83,0.09000000000000341,0.0012545302481181686,Up,0.0005
3470,2024-12-31 12:30:00,Low,HL,71.75,-0.0799999999999983,-0.0011137407768341268,Down,0.0005
3471,2024-12-31 12:44:00,High,LH,71.82,0.06999999999999318,0.0009756097560975618,Up,0.0005
3472,2024-12-31 12:48:00,Low,HL,71.76,-0.05999999999998806,-0.0008354218880533004,Down,0.0005
3473,2024-12-31 13:24:00,High,HH,72.0,0.23999999999999488,0.0033444816053511683,Up,0.0005
3474,2024-12-31 13:42:00,Low,HL,71.77,-0.23000000000000398,-0.0031944444444444997,Down,0.0005
3475,2024-12-31 13:50:00,High,LH,71.82,0.04999999999999716,0.0006966699177928248,Up,0.0005
3476,2024-12-31 13:53:00,Low,HL,71.78,-0.03999999999999204,-0.000556947925368867,Down,0.0005
3477,2024-12-31 13:56:00,High,HH,71.88,0.09999999999999432,0.0013931457230424993,Up,0.0005
3478,2024-12-31 14:09:00,Low,HL,71.78,-0.09999999999999432,-0.0013912075681691283,Down,0.0005
3479,2024-12-31 14:14:00,High,LH,71.85,0.06999999999999318,0.0009752020061297717,Up,0.0005
3480,2024-12-31 14:15:00,Low,HL,71.81,-0.03999999999999204,-0.0005567153792622737,Down,0.0005
3481,2024-12-31 14:22:00,High,HH,71.91,0.09999999999999432,0.0013925637097895738,Up,0.0005
3482,2024-12-31 14:26:00,Low,LL,71.77,-0.14000000000000057,-0.0019468780419970022,Down,0.0005
3483,2024-12-31 14:27:00,High,LH,71.81,0.04000000000000625,0.0005573359342343487,Up,0.0005
3484,2024-12-31 14:28:00,Low,LL,71.69,-0.12000000000000455,-0.0016710764517476884,Down,0.0005
3485,2024-12-31 14:44:00,High,HH,71.85,0.1599999999999966,0.0022318314967220143,Up,0.0005
3486,2024-12-31 14:47:00,Low,HL,71.81,-0.03999999999999204,-0.0005567153792622737,Down,0.0005
3487,2024-12-31 14:58:00,High,HH,71.93,0.12000000000000455,0.0016710764517477994,Up,0.0005
3488,2024-12-31 15:15:00,Low,HL,71.84,-0.09000000000000341,-0.0012512164604476794,Down,0.0005
3489,2024-12-31 15:26:00,High,LH,71.88,0.03999999999999204,0.000556792873051215,Up,0.0005
3490,2024-12-31 16:20:00,Low,LL,71.75,-0.12999999999999545,-0.0018085698386198779,Down,0.0005
3491,2024-12-31 16:29:00,High,LH,71.79,0.04000000000000625,0.0005574912891987971,Up,0.0005
3492,2024-12-31 16:30:00,Low,HL,71.75,-0.04000000000000625,-0.0005571806658309919,Down,0.0005
3493,2024-12-31 16:43:00,High,HH,71.85,0.09999999999999432,0.0013937282229963266,Up,0.0005
3494,2024-12-31 16:47:00,Low,HL,71.8,-0.04999999999999716,-0.0006958942240778976,Down,0.0005
3495,2024-12-31 16:59:00,High,HH,71.87,0.07000000000000739,0.0009749303621171546,Up,0.0005
