transition_type,from_leg_id,to_leg_id,from_datetime,to_datetime,from_label,to_label,from_price,to_price,lvn_price_min,lvn_price_max,lvn_price_center,lvn_volume,lvn_volume_pct,price_change,pct_change,time_delta_minutes
HL_to_HH,4,5,2024-12-01 18:10:00,2024-12-01 18:20:00,HL,HH,68.17,68.33,68.24000000000001,68.27600000000001,68.25800000000001,16194.0,0.0052523641963516,0.1599999999999966,0.0023470734927386,10.0
HL_to_HH,6,7,2024-12-01 18:22:00,2024-12-01 18:24:00,HL,HH,68.26,68.33,68.312,68.348,68.33,23572.0,0.0076453457352353,0.0699999999999931,0.0010254907705828,2.0
HL_to_HH,10,11,2024-12-01 18:40:00,2024-12-01 18:43:00,HL,HH,68.21,68.37,68.24000000000001,68.27600000000001,68.25800000000001,16194.0,0.0052523641963516,0.1600000000000108,0.0023456971118605,3.0
HL_to_HH,18,19,2024-12-01 20:38:00,2024-12-01 21:04:00,HL,HH,68.07,68.32,68.132,68.168,68.15,16084.0,0.0052166867811608,0.25,0.0036726898780667,26.0
HL_to_HH,20,21,2024-12-01 21:06:00,2024-12-01 21:08:00,HL,HH,68.27,68.35,68.312,68.348,68.33,23572.0,0.0076453457352353,0.0799999999999983,0.0011718177823347,2.0
HL_to_HH,22,23,2024-12-01 21:09:00,2024-12-01 21:14:00,HL,HH,68.31,68.41,68.384,68.42,68.402,22930.0,0.0074371193665766,0.0999999999999943,0.0014639145073926,5.0
HL_to_HH,26,27,2024-12-01 21:25:00,2024-12-01 21:31:00,HL,HH,68.31,68.48,68.384,68.42,68.402,22930.0,0.0074371193665766,0.1700000000000017,0.0024886546625677,6.0
HL_to_HH,36,37,2024-12-02 00:34:00,2024-12-02 00:54:00,HL,HH,68.3,68.42,68.384,68.42,68.402,22930.0,0.0074371193665766,0.1200000000000045,0.0017569546120059,20.0
HL_to_HH,38,39,2024-12-02 00:59:00,2024-12-02 01:17:00,HL,HH,68.38,68.54,68.384,68.42,68.402,22930.0,0.0074371193665766,0.1600000000000108,0.0023398654577362,18.0
HL_to_HH,48,49,2024-12-02 02:19:00,2024-12-02 02:38:00,HL,HH,68.54,68.63,68.6,68.636,68.618,35737.0,0.0115909435151919,0.0899999999999892,0.0013131018383423,19.0
HL_to_HH,54,55,2024-12-02 03:18:00,2024-12-02 03:22:00,HL,HH,68.52,68.58,68.528,68.56400000000001,68.546,40129.0,0.0130154454017163,0.0600000000000022,0.0008756567425569,4.0
HL_to_HH,56,57,2024-12-02 03:23:00,2024-12-02 03:30:00,HL,HH,68.52,68.74,68.672,68.708,68.69,32116.0,0.0104165078751407,0.2199999999999988,0.0032107413893753,7.0
HL_to_HH,64,65,2024-12-02 03:58:00,2024-12-02 04:03:00,HL,HH,68.54,68.75,68.672,68.708,68.69,32116.0,0.0104165078751407,0.2099999999999937,0.003063904289466,5.0
HL_to_HH,68,69,2024-12-02 04:19:00,2024-12-02 04:28:00,HL,HH,68.51,68.65,68.492,68.528,68.51,23472.0,0.0076129117214255,0.1400000000000005,0.0020434972996643,9.0
HL_to_HH,70,71,2024-12-02 04:32:00,2024-12-02 04:35:00,HL,HH,68.58,68.66,68.6,68.636,68.618,35737.0,0.0115909435151919,0.0799999999999983,0.0011665208515601,3.0
HL_to_HH,74,75,2024-12-02 04:42:00,2024-12-02 04:45:00,HL,HH,68.57,68.67,68.6,68.636,68.618,35737.0,0.0115909435151919,0.1000000000000085,0.0014583637159109,3.0
HL_to_HH,76,77,2024-12-02 04:46:00,2024-12-02 04:50:00,HL,HH,68.6,68.7,68.672,68.708,68.69,32116.0,0.0104165078751407,0.1000000000000085,0.0014577259475219,4.0
HL_to_HH,78,79,2024-12-02 04:54:00,2024-12-02 04:58:00,HL,HH,68.63,68.72,68.672,68.708,68.69,32116.0,0.0104165078751407,0.0900000000000034,0.0013113798630337,4.0
HL_to_HH,80,81,2024-12-02 05:00:00,2024-12-02 05:06:00,HL,HH,68.66,68.78,68.672,68.708,68.69,32116.0,0.0104165078751407,0.1200000000000045,0.0017477424992717,6.0
HL_to_HH,88,89,2024-12-02 05:56:00,2024-12-02 06:03:00,HL,HH,68.62,68.74,68.672,68.708,68.69,32116.0,0.0104165078751407,0.1199999999999903,0.0017487612940831,7.0
HL_to_HH,92,93,2024-12-02 06:19:00,2024-12-02 06:24:00,HL,HH,68.64,68.74,68.672,68.708,68.69,32116.0,0.0104165078751407,0.0999999999999943,0.0014568764568763,5.0
HL_to_HH,94,95,2024-12-02 06:29:00,2024-12-02 06:58:00,HL,HH,68.67,68.85,68.672,68.708,68.69,32116.0,0.0104165078751407,0.1799999999999926,0.0026212319790299,29.0
HL_to_HH,96,97,2024-12-02 07:06:00,2024-12-02 07:19:00,HL,HH,68.78,68.94,68.852,68.888,68.87,34524.0,0.0111975189276796,0.1599999999999966,0.0023262576330327,13.0
HL_to_HH,102,103,2024-12-02 08:13:00,2024-12-02 08:25:00,HL,HH,68.75,68.95,68.744,68.78,68.762,33877.0,0.0109876708583304,0.2000000000000028,0.0029090909090909,12.0
HL_to_HH,104,105,2024-12-02 08:27:00,2024-12-02 08:30:00,HL,HH,68.91,68.98,68.96000000000001,68.99600000000001,68.97800000000001,23114.0,0.0074967979519866,0.0700000000000073,0.0010158177332753,3.0
HL_to_HH,106,107,2024-12-02 08:31:00,2024-12-02 08:35:00,HL,HH,68.94,69.04,68.96000000000001,68.99600000000001,68.97800000000001,23114.0,0.0074967979519866,0.1000000000000085,0.0014505366985786,4.0
HL_to_HH,110,111,2024-12-02 08:45:00,2024-12-02 08:50:00,HL,HH,68.98,69.08,69.032,69.068,69.05,20312.0,0.0065879968850373,0.0999999999999943,0.0014496955639315,5.0
HL_to_HH,114,115,2024-12-02 09:09:00,2024-12-02 09:10:00,HL,HH,68.99,69.07,69.032,69.068,69.05,20312.0,0.0065879968850373,0.0799999999999983,0.001159588346137,1.0
HL_to_HH,118,119,2024-12-02 09:25:00,2024-12-02 09:30:00,HL,HH,68.78,68.89,68.852,68.888,68.87,34524.0,0.0111975189276796,0.1099999999999994,0.00159930212271,5.0
HL_to_HH,128,129,2024-12-02 10:00:00,2024-12-02 10:05:00,HL,HH,68.21,68.41,68.24000000000001,68.27600000000001,68.25800000000001,16194.0,0.0052523641963516,0.2000000000000028,0.0029321213898256,5.0
HL_to_HH,132,133,2024-12-02 10:17:00,2024-12-02 10:24:00,HL,HH,68.16,68.55,68.24000000000001,68.27600000000001,68.25800000000001,16194.0,0.0052523641963516,0.3900000000000005,0.0057218309859154,7.0
HL_to_HH,134,135,2024-12-02 10:25:00,2024-12-02 10:29:00,HL,HH,68.51,68.74,68.492,68.528,68.51,23472.0,0.0076129117214255,0.2299999999999897,0.0033571741351625,4.0
HL_to_HH,152,153,2024-12-02 12:27:00,2024-12-02 12:32:00,HL,HH,67.79,67.95,67.772,67.808,67.79,3016.0,0.0009782098565021,0.1599999999999966,0.0023602301224368,5.0
HL_to_HH,154,155,2024-12-02 12:33:00,2024-12-02 12:37:00,HL,HH,67.9,67.99,67.952,67.988,67.97,12689.0,0.0041155520123197,0.0899999999999892,0.001325478645066,4.0
HL_to_HH,156,157,2024-12-02 12:39:00,2024-12-02 12:45:00,HL,HH,67.95,68.06,67.952,67.988,67.97,12689.0,0.0041155520123197,0.1099999999999994,0.0016188373804266,6.0
HL_to_HH,168,169,2024-12-02 13:49:00,2024-12-02 13:51:00,HL,HH,67.87,67.96,67.88,67.916,67.898,8796.0,0.0028528958547059,0.0899999999999892,0.0013260645351405,2.0
HL_to_HH,170,171,2024-12-02 13:54:00,2024-12-02 13:57:00,HL,HH,67.91,68.0,67.952,67.988,67.97,12689.0,0.0041155520123197,0.0900000000000034,0.0013252834634074,3.0
HL_to_HH,172,173,2024-12-02 13:59:00,2024-12-02 14:01:00,HL,HH,67.93,68.0,67.952,67.988,67.97,12689.0,0.0041155520123197,0.0699999999999931,0.001030472545267,2.0
HL_to_HH,176,177,2024-12-02 14:28:00,2024-12-02 14:37:00,HL,HH,68.04,68.16,68.132,68.168,68.15,16084.0,0.0052166867811608,0.1199999999999903,0.001763668430335,9.0
HL_to_HH,180,181,2024-12-02 15:59:00,2024-12-02 16:31:00,HL,HH,68.03,68.19,68.132,68.168,68.15,16084.0,0.0052166867811608,0.1599999999999966,0.0023519035719534,32.0
HL_to_HH,182,183,2024-12-02 18:45:00,2024-12-02 20:00:00,HL,HH,68.1,68.2,68.132,68.168,68.15,16084.0,0.0052166867811608,0.1000000000000085,0.0014684287812043,75.0
HL_to_HH,184,185,2024-12-02 20:01:00,2024-12-02 20:22:00,HL,HH,68.16,68.24,68.20400000000001,68.24000000000001,68.22200000000001,17960.0,0.0058251488802318,0.0799999999999983,0.0011737089201877,21.0
HL_to_HH,194,195,2024-12-02 21:12:00,2024-12-02 21:17:00,HL,HH,67.97,68.07,67.952,67.988,67.97,12689.0,0.0041155520123197,0.0999999999999943,0.001471237310578,5.0
HL_to_HH,198,199,2024-12-02 21:44:00,2024-12-02 21:50:00,HL,HH,67.92,67.99,67.952,67.988,67.97,12689.0,0.0041155520123197,0.0699999999999931,0.0010306242638398,6.0
HL_to_HH,200,201,2024-12-02 22:03:00,2024-12-02 22:08:00,HL,HH,67.94,68.03,67.952,67.988,67.97,12689.0,0.0041155520123197,0.0900000000000034,0.0013246982631733,5.0
HL_to_HH,202,203,2024-12-02 22:19:00,2024-12-02 22:52:00,HL,HH,67.95,68.17,67.952,67.988,67.97,12689.0,0.0041155520123197,0.2199999999999988,0.0032376747608535,33.0
HL_to_HH,204,205,2024-12-02 22:57:00,2024-12-02 23:12:00,HL,HH,68.13,68.2,68.132,68.168,68.15,16084.0,0.0052166867811608,0.0700000000000073,0.001027447526787,15.0
HL_to_HH,206,207,2024-12-02 23:25:00,2024-12-02 23:33:00,HL,HH,68.15,68.22,68.132,68.168,68.15,16084.0,0.0052166867811608,0.0699999999999931,0.0010271460014672,8.0
HL_to_HH,212,213,2024-12-03 00:32:00,2024-12-03 01:23:00,HL,HH,68.14,68.35,68.132,68.168,68.15,16084.0,0.0052166867811608,0.2099999999999937,0.0030818902260052,51.0
HL_to_HH,214,215,2024-12-03 01:33:00,2024-12-03 01:50:00,HL,HH,68.29,68.38,68.312,68.348,68.33,23572.0,0.0076453457352353,0.0899999999999892,0.0013179089178501,17.0
HL_to_HH,216,217,2024-12-03 02:00:00,2024-12-03 02:07:00,HL,HH,68.3,68.4,68.312,68.348,68.33,23572.0,0.0076453457352353,0.1000000000000085,0.0014641288433383,7.0
HL_to_HH,220,221,2024-12-03 02:48:00,2024-12-03 02:49:00,HL,HH,68.36,68.41,68.384,68.42,68.402,22930.0,0.0074371193665766,0.0499999999999971,0.0007314218841427,1.0
HL_to_HH,224,225,2024-12-03 03:13:00,2024-12-03 03:26:00,HL,HH,68.5,68.6,68.492,68.528,68.51,23472.0,0.0076129117214255,0.0999999999999943,0.0014598540145984,13.0
HL_to_HH,226,227,2024-12-03 03:28:00,2024-12-03 03:40:00,HL,HH,68.56,68.69,68.672,68.708,68.69,32116.0,0.0104165078751407,0.1299999999999954,0.0018961493582263,12.0
HL_to_HH,228,229,2024-12-03 03:42:00,2024-12-03 04:00:00,HL,HH,68.64,68.88,68.672,68.708,68.69,32116.0,0.0104165078751407,0.2399999999999948,0.0034965034965033,18.0
HL_to_HH,232,233,2024-12-03 04:16:00,2024-12-03 04:19:00,HL,HH,68.74,68.83,68.744,68.78,68.762,33877.0,0.0109876708583304,0.0900000000000034,0.0013092813500146,3.0
HL_to_HH,234,235,2024-12-03 04:21:00,2024-12-03 04:30:00,HL,HH,68.78,68.91,68.852,68.888,68.87,34524.0,0.0111975189276796,0.1299999999999954,0.0018900843268392,9.0
HL_to_HH,238,239,2024-12-03 04:45:00,2024-12-03 04:57:00,HL,HH,68.84,68.93,68.852,68.888,68.87,34524.0,0.0111975189276796,0.0900000000000034,0.0013073794305635,12.0
HL_to_HH,242,243,2024-12-03 05:30:00,2024-12-03 05:39:00,HL,HH,68.76,68.88,68.744,68.78,68.762,33877.0,0.0109876708583304,0.1199999999999903,0.00174520069808,9.0
HL_to_HH,248,249,2024-12-03 06:14:00,2024-12-03 06:33:00,HL,HH,68.7,68.92,68.744,68.78,68.762,33877.0,0.0109876708583304,0.2199999999999988,0.003202328966521,19.0
HL_to_HH,252,253,2024-12-03 06:45:00,2024-12-03 06:48:00,HL,HH,68.85,68.92,68.852,68.888,68.87,34524.0,0.0111975189276796,0.0700000000000073,0.0010167029774874,3.0
HL_to_HH,256,257,2024-12-03 07:27:00,2024-12-03 07:41:00,HL,HH,68.93,69.25,69.032,69.068,69.05,20312.0,0.0065879968850373,0.3199999999999932,0.004642390831278,14.0
HL_to_HH,258,259,2024-12-03 07:46:00,2024-12-03 07:55:00,HL,HH,69.18,69.31,69.212,69.248,69.23,22789.0,0.0073913874071049,0.1299999999999954,0.001879155825383,9.0
HL_to_HH,260,261,2024-12-03 08:00:00,2024-12-03 08:12:00,HL,HH,69.23,69.44,69.212,69.248,69.23,22789.0,0.0073913874071049,0.2099999999999937,0.0030333670374114,12.0
HL_to_HH,266,267,2024-12-03 08:33:00,2024-12-03 08:45:00,HL,HH,69.13,69.31,69.212,69.248,69.23,22789.0,0.0073913874071049,0.1800000000000068,0.0026037899609432,12.0
HL_to_HH,268,269,2024-12-03 08:47:00,2024-12-03 08:51:00,HL,HH,69.22,69.34,69.212,69.248,69.23,22789.0,0.0073913874071049,0.1200000000000045,0.0017336030049119,4.0
HL_to_HH,272,273,2024-12-03 09:00:00,2024-12-03 09:03:00,HL,HH,69.18,69.32,69.212,69.248,69.23,22789.0,0.0073913874071049,0.1399999999999863,0.0020237062734893,3.0
HL_to_HH,276,277,2024-12-03 09:15:00,2024-12-03 09:20:00,HL,HH,69.12,69.19,69.104,69.14,69.122,22184.0,0.0071951616235559,0.0699999999999931,0.0010127314814813,5.0
HL_to_HH,288,289,2024-12-03 09:58:00,2024-12-03 10:00:00,HL,HH,68.93,69.02,68.96000000000001,68.99600000000001,68.97800000000001,23114.0,0.0074967979519866,0.0899999999999892,0.0013056724212967,2.0
HL_to_HH,292,293,2024-12-03 10:14:00,2024-12-03 10:20:00,HL,HH,69.08,69.49,69.104,69.14,69.122,22184.0,0.0071951616235559,0.4099999999999966,0.0059351476548927,6.0
HL_to_HH,294,295,2024-12-03 10:24:00,2024-12-03 10:38:00,HL,HH,69.33,69.64,69.464,69.5,69.482,32312.0,0.0104800785422078,0.3100000000000023,0.0044713688158084,14.0
HL_to_HH,296,297,2024-12-03 10:40:00,2024-12-03 10:43:00,HL,HH,69.57,69.64,69.572,69.608,69.59,34880.0,0.0113129840168423,0.0700000000000073,0.0010061808250683,3.0
HL_to_HH,302,303,2024-12-03 11:00:00,2024-12-03 11:03:00,HL,HH,69.67,69.75,69.716,69.752,69.734,36590.0,0.0118676056529891,0.0799999999999983,0.0011482704176832,3.0
HL_to_HH,308,309,2024-12-03 11:22:00,2024-12-03 11:27:00,HL,HH,69.72,69.86,69.824,69.86,69.842,18489.0,0.0059967248132854,0.1400000000000005,0.002008032128514,5.0
HL_to_HH,310,311,2024-12-03 11:28:00,2024-12-03 11:42:00,HL,HH,69.79,70.07,69.824,69.86,69.842,18489.0,0.0059967248132854,0.2799999999999869,0.0040120361083246,14.0
HL_to_HH,316,317,2024-12-03 12:05:00,2024-12-03 12:10:00,HL,HH,70.04,70.16,70.112,70.148,70.13,35045.0,0.0113665001396284,0.1199999999999903,0.0017133066818959,5.0
HL_to_HH,318,319,2024-12-03 12:16:00,2024-12-03 12:24:00,HL,HH,70.09,70.19,70.112,70.148,70.13,35045.0,0.0113665001396284,0.0999999999999943,0.001426737052361,8.0
HL_to_HH,320,321,2024-12-03 12:25:00,2024-12-03 12:32:00,HL,HH,70.15,70.2,70.148,70.184,70.166,56442.0,0.0183064060745015,0.0499999999999971,0.0007127583749109,7.0
HL_to_HH,334,335,2024-12-03 13:23:00,2024-12-03 13:25:00,HL,HH,69.89,69.93,69.896,69.932,69.914,44186.0,0.014331293341978,0.0400000000000062,0.000572327943912,2.0
HL_to_HH,340,341,2024-12-03 13:41:00,2024-12-03 13:49:00,HL,HH,69.92,70.12,69.932,69.968,69.95,25259.0,0.0081925075482058,0.2000000000000028,0.0028604118993136,8.0
HL_to_HH,346,347,2024-12-03 14:01:00,2024-12-03 14:08:00,HL,HH,70.04,70.16,70.112,70.148,70.13,35045.0,0.0113665001396284,0.1199999999999903,0.0017133066818959,7.0
HL_to_HH,354,355,2024-12-03 14:53:00,2024-12-03 15:15:00,HL,HH,70.0,70.08,70.004,70.04,70.022,35100.0,0.0113843388472237,0.0799999999999983,0.0011428571428571,22.0
HL_to_HH,364,365,2024-12-03 16:53:00,2024-12-03 16:59:00,HL,HH,69.91,69.97,69.932,69.968,69.95,25259.0,0.0081925075482058,0.0600000000000022,0.0008582463166928,6.0
HL_to_HH,366,367,2024-12-03 18:00:00,2024-12-03 18:44:00,HL,HH,69.91,70.08,69.932,69.968,69.95,25259.0,0.0081925075482058,0.1700000000000017,0.0024316978972964,44.0
HL_to_HH,374,375,2024-12-03 20:30:00,2024-12-03 20:38:00,HL,HH,69.96,70.01,69.968,70.004,69.986,44884.0,0.0145576827583701,0.0500000000000113,0.0007146941109206,8.0
HL_to_HH,378,379,2024-12-03 20:58:00,2024-12-03 21:06:00,HL,HH,69.89,69.97,69.932,69.968,69.95,25259.0,0.0081925075482058,0.0799999999999983,0.0011446558878236,8.0
HL_to_HH,380,381,2024-12-03 21:12:00,2024-12-03 21:36:00,HL,HH,69.9,70.01,69.932,69.968,69.95,25259.0,0.0081925075482058,0.1099999999999994,0.0015736766809728,24.0
HL_to_HH,382,383,2024-12-03 21:42:00,2024-12-03 21:45:00,HL,HH,69.97,70.04,70.004,70.04,70.022,35100.0,0.0113843388472237,0.0700000000000073,0.0010004287551808,3.0
HL_to_HH,390,391,2024-12-03 22:52:00,2024-12-03 23:08:00,HL,HH,69.96,70.01,69.968,70.004,69.986,44884.0,0.0145576827583701,0.0500000000000113,0.0007146941109206,16.0
HL_to_HH,392,393,2024-12-03 23:11:00,2024-12-04 00:06:00,HL,HH,69.97,70.13,70.112,70.148,70.13,35045.0,0.0113665001396284,0.1599999999999966,0.0022866942975561,55.0
HL_to_HH,394,395,2024-12-04 00:10:00,2024-12-04 00:19:00,HL,HH,70.09,70.13,70.112,70.148,70.13,35045.0,0.0113665001396284,0.039999999999992,0.0005706948209442,9.0
HL_to_HH,398,399,2024-12-04 00:49:00,2024-12-04 01:09:00,HL,HH,70.08,70.17,70.112,70.148,70.13,35045.0,0.0113665001396284,0.0900000000000034,0.0012842465753424,20.0
HL_to_HH,400,401,2024-12-04 01:19:00,2024-12-04 01:24:00,HL,HH,70.12,70.17,70.112,70.148,70.13,35045.0,0.0113665001396284,0.0499999999999971,0.0007130633200227,5.0
HL_to_HH,406,407,2024-12-04 02:02:00,2024-12-04 02:10:00,HL,HH,70.11,70.2,70.112,70.148,70.13,35045.0,0.0113665001396284,0.0900000000000034,0.0012836970474967,8.0
HL_to_HH,416,417,2024-12-04 03:23:00,2024-12-04 03:30:00,HL,HH,70.0,70.14,70.112,70.148,70.13,35045.0,0.0113665001396284,0.1400000000000005,0.002,7.0
HL_to_HH,428,429,2024-12-04 04:30:00,2024-12-04 04:31:00,HL,HH,70.03,70.08,70.03999999999999,70.076,70.05799999999999,56131.0,0.0182055362915532,0.0499999999999971,0.0007139797229758,1.0
HL_to_HH,430,431,2024-12-04 04:37:00,2024-12-04 05:06:00,HL,HH,70.04,70.5,70.472,70.508,70.49,27649.0,0.0089676804782589,0.4599999999999937,0.0065676756139347,29.0
HL_to_HH,438,439,2024-12-04 05:29:00,2024-12-04 05:33:00,HL,HH,70.32,70.48,70.43599999999999,70.472,70.454,32672.0,0.0105968409919229,0.1600000000000108,0.0022753128555177,4.0
HL_to_HH,442,443,2024-12-04 05:44:00,2024-12-04 05:47:00,HL,HH,70.39,70.43,70.4,70.436,70.418,48502.0,0.015731145378007,0.0400000000000062,0.0005682625372922,3.0
HL_to_HH,454,455,2024-12-04 06:39:00,2024-12-04 06:44:00,HL,HH,70.05,70.12,70.076,70.112,70.094,38912.0,0.0126207234536516,0.0700000000000073,0.0009992862241257,5.0
HL_to_HH,456,457,2024-12-04 06:49:00,2024-12-04 06:57:00,HL,HH,70.05,70.15,70.112,70.148,70.13,35045.0,0.0113665001396284,0.1000000000000085,0.0014275517487509,8.0
HL_to_HH,464,465,2024-12-04 07:32:00,2024-12-04 07:38:00,HL,HH,69.97,70.06,70.004,70.04,70.022,35100.0,0.0113843388472237,0.0900000000000034,0.0012862655423753,6.0
HL_to_HH,466,467,2024-12-04 07:43:00,2024-12-04 07:51:00,HL,HH,70.0,70.11,70.004,70.04,70.022,35100.0,0.0113843388472237,0.1099999999999994,0.0015714285714285,8.0
HL_to_HH,476,477,2024-12-04 08:44:00,2024-12-04 08:48:00,HL,HH,70.19,70.27,70.184,70.22,70.202,40910.0,0.0132687550495705,0.0799999999999983,0.0011397634990739,4.0
HL_to_HH,478,479,2024-12-04 08:55:00,2024-12-04 08:57:00,HL,HH,70.22,70.27,70.22,70.256,70.238,56931.0,0.0184650084020312,0.0499999999999971,0.0007120478496154,2.0
HL_to_HH,484,485,2024-12-04 09:17:00,2024-12-04 09:26:00,HL,HH,70.15,70.3,70.184,70.22,70.202,40910.0,0.0132687550495705,0.1499999999999914,0.0021382751247325,9.0
HL_to_HH,486,487,2024-12-04 09:27:00,2024-12-04 09:29:00,HL,HH,70.26,70.33,70.292,70.328,70.31,38597.0,0.0125185563101509,0.0699999999999931,0.0009962994591516,2.0
HL_to_HH,490,491,2024-12-04 09:44:00,2024-12-04 09:47:00,HL,HH,70.18,70.29,70.184,70.22,70.202,40910.0,0.0132687550495705,0.1099999999999994,0.0015673981191222,3.0
HL_to_HH,512,513,2024-12-04 11:37:00,2024-12-04 11:45:00,HL,HH,69.48,69.64,69.464,69.5,69.482,32312.0,0.0104800785422078,0.1599999999999966,0.0023028209556705,8.0
HL_to_HH,518,519,2024-12-04 12:15:00,2024-12-04 12:17:00,HL,HH,69.28,69.37,69.284,69.32000000000001,69.302,38490.0,0.0124838519153744,0.0900000000000034,0.0012990762124711,2.0
HL_to_HH,524,525,2024-12-04 12:42:00,2024-12-04 12:47:00,HL,HH,69.33,69.53,69.464,69.5,69.482,32312.0,0.0104800785422078,0.2000000000000028,0.0028847540747152,5.0
HL_to_HH,526,527,2024-12-04 12:49:00,2024-12-04 12:52:00,HL,HH,69.49,69.53,69.5,69.536,69.518,46165.0,0.0149731624752731,0.0400000000000062,0.000575622391711,3.0
HL_to_HH,542,543,2024-12-04 13:51:00,2024-12-04 14:01:00,HL,HH,68.57,68.65,68.6,68.636,68.618,35737.0,0.0115909435151919,0.0800000000000125,0.0011666909727288,10.0
HL_to_HH,544,545,2024-12-04 14:02:00,2024-12-04 14:07:00,HL,HH,68.6,68.85,68.672,68.708,68.69,32116.0,0.0104165078751407,0.25,0.0036443148688045,5.0
HL_to_HH,546,547,2024-12-04 14:09:00,2024-12-04 14:18:00,HL,HH,68.8,68.9,68.852,68.888,68.87,34524.0,0.0111975189276796,0.1000000000000085,0.0014534883720931,9.0
HL_to_HH,550,551,2024-12-04 14:35:00,2024-12-04 14:54:00,HL,HH,68.55,68.78,68.672,68.708,68.69,32116.0,0.0104165078751407,0.2300000000000039,0.0033552151714077,19.0
HL_to_HH,552,553,2024-12-04 14:56:00,2024-12-04 15:20:00,HL,HH,68.74,68.94,68.744,68.78,68.762,33877.0,0.0109876708583304,0.2000000000000028,0.0029095141111434,24.0
HL_to_HH,560,561,2024-12-04 18:03:00,2024-12-04 19:00:00,HL,HH,68.66,68.76,68.672,68.708,68.69,32116.0,0.0104165078751407,0.1000000000000085,0.0014564520827267,57.0
HL_to_HH,562,563,2024-12-04 19:13:00,2024-12-04 19:40:00,HL,HH,68.71,68.8,68.744,68.78,68.762,33877.0,0.0109876708583304,0.0900000000000034,0.0013098530053849,27.0
HL_to_HH,568,569,2024-12-04 20:48:00,2024-12-04 21:00:00,HL,HH,68.63,68.7,68.672,68.708,68.69,32116.0,0.0104165078751407,0.0700000000000073,0.0010199621156929,12.0
HL_to_HH,572,573,2024-12-04 21:13:00,2024-12-04 21:23:00,HL,HH,68.59,68.69,68.672,68.708,68.69,32116.0,0.0104165078751407,0.0999999999999943,0.0014579384749962,10.0
HL_to_HH,578,579,2024-12-04 23:19:00,2024-12-04 23:26:00,HL,HH,68.59,68.63,68.6,68.636,68.618,35737.0,0.0115909435151919,0.039999999999992,0.0005831753899985,7.0
HL_to_HH,594,595,2024-12-05 03:08:00,2024-12-05 03:09:00,HL,HH,68.51,68.57,68.492,68.528,68.51,23472.0,0.0076129117214255,0.059999999999988,0.0008757845569988,1.0
HL_to_HH,596,597,2024-12-05 03:11:00,2024-12-05 03:15:00,HL,HH,68.51,68.64,68.492,68.528,68.51,23472.0,0.0076129117214255,0.1299999999999954,0.0018975332068309,4.0
HL_to_HH,598,599,2024-12-05 03:18:00,2024-12-05 03:34:00,HL,HH,68.59,68.77,68.672,68.708,68.69,32116.0,0.0104165078751407,0.1799999999999926,0.0026242892549932,16.0
HL_to_HH,600,601,2024-12-05 03:36:00,2024-12-05 03:38:00,HL,HH,68.71,68.8,68.744,68.78,68.762,33877.0,0.0109876708583304,0.0900000000000034,0.0013098530053849,2.0
HL_to_HH,602,603,2024-12-05 03:39:00,2024-12-05 03:42:00,HL,HH,68.75,68.81,68.744,68.78,68.762,33877.0,0.0109876708583304,0.0600000000000022,0.0008727272727273,3.0
HL_to_HH,614,615,2024-12-05 04:34:00,2024-12-05 04:45:00,HL,HH,68.67,68.99,68.96000000000001,68.99600000000001,68.97800000000001,23114.0,0.0074967979519866,0.3199999999999932,0.0046599679627201,11.0
HL_to_HH,622,623,2024-12-05 05:15:00,2024-12-05 05:24:00,HL,HH,68.74,68.91,68.744,68.78,68.762,33877.0,0.0109876708583304,0.1700000000000017,0.002473086994472,9.0
HL_to_HH,624,625,2024-12-05 05:33:00,2024-12-05 05:39:00,HL,HH,68.77,68.95,68.924,68.96000000000001,68.94200000000001,34114.0,0.0110645394710596,0.1800000000000068,0.0026174203867965,6.0
HL_to_HH,628,629,2024-12-05 06:01:00,2024-12-05 06:06:00,HL,HH,68.79,68.92,68.852,68.888,68.87,34524.0,0.0111975189276796,0.1299999999999954,0.0018898095653436,5.0
HL_to_HH,630,631,2024-12-05 06:10:00,2024-12-05 06:21:00,HL,HH,68.87,69.01,68.96000000000001,68.99600000000001,68.97800000000001,23114.0,0.0074967979519866,0.1400000000000005,0.0020328154493973,11.0
HL_to_HH,632,633,2024-12-05 06:28:00,2024-12-05 06:33:00,HL,HH,68.96,69.06,69.032,69.068,69.05,20312.0,0.0065879968850373,0.1000000000000085,0.0014501160092807,5.0
HL_to_HH,642,643,2024-12-05 06:59:00,2024-12-05 07:00:00,HL,HH,68.08,68.18,68.132,68.168,68.15,16084.0,0.0052166867811608,0.1000000000000085,0.0014688601645125,1.0
HL_to_HH,646,647,2024-12-05 07:04:00,2024-12-05 07:10:00,HL,HH,68.03,68.31,68.132,68.168,68.15,16084.0,0.0052166867811608,0.2800000000000011,0.0041158312509186,6.0
HL_to_HH,648,649,2024-12-05 07:12:00,2024-12-05 07:18:00,HL,HH,68.25,68.64,68.24000000000001,68.27600000000001,68.25800000000001,16194.0,0.0052523641963516,0.3900000000000005,0.0057142857142857,6.0
HL_to_HH,650,651,2024-12-05 07:24:00,2024-12-05 07:27:00,HL,HH,68.55,68.76,68.672,68.708,68.69,32116.0,0.0104165078751407,0.2100000000000079,0.0030634573304157,3.0
HL_to_HH,652,653,2024-12-05 07:28:00,2024-12-05 07:29:00,HL,HH,68.69,68.76,68.672,68.708,68.69,32116.0,0.0104165078751407,0.0700000000000073,0.0010190711894018,1.0
HL_to_HH,662,663,2024-12-05 08:08:00,2024-12-05 08:13:00,HL,HH,68.66,68.7,68.672,68.708,68.69,32116.0,0.0104165078751407,0.0400000000000062,0.0005825808330905,5.0
HL_to_HH,666,667,2024-12-05 08:30:00,2024-12-05 08:35:00,HL,HH,68.51,68.71,68.492,68.528,68.51,23472.0,0.0076129117214255,0.1999999999999886,0.002919281856663,5.0
HL_to_HH,668,669,2024-12-05 08:39:00,2024-12-05 08:56:00,HL,HH,68.67,69.13,69.032,69.068,69.05,20312.0,0.0065879968850373,0.4599999999999937,0.0066987039464103,17.0
HL_to_HH,676,677,2024-12-05 09:20:00,2024-12-05 09:23:00,HL,HH,68.8,68.93,68.852,68.888,68.87,34524.0,0.0111975189276796,0.1300000000000096,0.0018895348837211,3.0
HL_to_HH,678,679,2024-12-05 09:26:00,2024-12-05 09:33:00,HL,HH,68.82,68.96,68.924,68.96000000000001,68.94200000000001,34114.0,0.0110645394710596,0.1400000000000005,0.002034292356873,7.0
HL_to_HH,680,681,2024-12-05 09:35:00,2024-12-05 09:37:00,HL,HH,68.87,68.99,68.96000000000001,68.99600000000001,68.97800000000001,23114.0,0.0074967979519866,0.1199999999999903,0.0017424132423404,2.0
HL_to_HH,684,685,2024-12-05 09:56:00,2024-12-05 09:57:00,HL,HH,69.03,69.1,69.032,69.068,69.05,20312.0,0.0065879968850373,0.0699999999999931,0.0010140518615093,1.0
HL_to_HH,696,697,2024-12-05 10:47:00,2024-12-05 10:55:00,HL,HH,68.63,68.92,68.672,68.708,68.69,32116.0,0.0104165078751407,0.2900000000000062,0.0042255573364418,8.0
HL_to_HH,708,709,2024-12-05 11:45:00,2024-12-05 11:49:00,HL,HH,68.41,68.56,68.492,68.528,68.51,23472.0,0.0076129117214255,0.1500000000000056,0.0021926618915364,4.0
HL_to_HH,710,711,2024-12-05 11:50:00,2024-12-05 11:55:00,HL,HH,68.47,68.6,68.492,68.528,68.51,23472.0,0.0076129117214255,0.1299999999999954,0.0018986417409083,5.0
HL_to_HH,724,725,2024-12-05 13:12:00,2024-12-05 13:18:00,HL,HH,68.28,68.42,68.384,68.42,68.402,22930.0,0.0074371193665766,0.1400000000000005,0.0020503807850029,6.0
HL_to_HH,726,727,2024-12-05 13:20:00,2024-12-05 13:23:00,HL,HH,68.38,68.47,68.384,68.42,68.402,22930.0,0.0074371193665766,0.0900000000000034,0.0013161743199765,3.0
HL_to_HH,728,729,2024-12-05 13:26:00,2024-12-05 13:34:00,HL,HH,68.41,68.49,68.456,68.492,68.474,23533.0,0.0076326964698495,0.0799999999999983,0.0011694196754861,8.0
HL_to_HH,730,731,2024-12-05 13:36:00,2024-12-05 13:42:00,HL,HH,68.43,68.7,68.492,68.528,68.51,23472.0,0.0076129117214255,0.269999999999996,0.0039456378781235,6.0
HL_to_HH,738,739,2024-12-05 14:56:00,2024-12-05 15:10:00,HL,HH,68.52,68.68,68.6,68.636,68.618,35737.0,0.0115909435151919,0.1600000000000108,0.0023350846468186,14.0
HL_to_HH,750,751,2024-12-05 18:32:00,2024-12-05 18:43:00,HL,HH,68.38,68.45,68.384,68.42,68.402,22930.0,0.0074371193665766,0.0700000000000073,0.0010236911377596,11.0
HL_to_HH,752,753,2024-12-05 18:48:00,2024-12-05 19:02:00,HL,HH,68.41,68.48,68.456,68.492,68.474,23533.0,0.0076326964698495,0.0700000000000073,0.0010232422160503,14.0
HL_to_HH,760,761,2024-12-05 21:17:00,2024-12-05 21:44:00,HL,HH,68.06,68.22,68.132,68.168,68.15,16084.0,0.0052166867811608,0.1599999999999966,0.0023508668821627,27.0
HL_to_HH,762,763,2024-12-05 21:55:00,2024-12-05 22:02:00,HL,HH,68.16,68.29,68.24000000000001,68.27600000000001,68.25800000000001,16194.0,0.0052523641963516,0.1300000000000096,0.0019072769953052,7.0
HL_to_HH,764,765,2024-12-05 22:12:00,2024-12-05 22:14:00,HL,HH,68.25,68.29,68.24000000000001,68.27600000000001,68.25800000000001,16194.0,0.0052523641963516,0.0400000000000062,0.0005860805860806,2.0
HL_to_HH,768,769,2024-12-05 22:43:00,2024-12-05 22:52:00,HL,HH,68.26,68.34,68.312,68.348,68.33,23572.0,0.0076453457352353,0.0799999999999983,0.0011719894520949,9.0
HL_to_HH,772,773,2024-12-05 23:53:00,2024-12-05 23:59:00,HL,HH,68.3,68.35,68.312,68.348,68.33,23572.0,0.0076453457352353,0.0499999999999971,0.000732064421669,6.0
HL_to_HH,774,775,2024-12-06 00:02:00,2024-12-06 00:03:00,HL,HH,68.31,68.36,68.312,68.348,68.33,23572.0,0.0076453457352353,0.0499999999999971,0.0007319572536963,1.0
HL_to_HH,778,779,2024-12-06 00:46:00,2024-12-06 01:20:00,HL,HH,68.27,68.4,68.312,68.348,68.33,23572.0,0.0076453457352353,0.1300000000000096,0.0019042038962941,34.0
HL_to_HH,788,789,2024-12-06 03:07:00,2024-12-06 03:17:00,HL,HH,68.17,68.28,68.24000000000001,68.27600000000001,68.25800000000001,16194.0,0.0052523641963516,0.1099999999999994,0.0016136130262578,10.0
HL_to_HH,790,791,2024-12-06 03:22:00,2024-12-06 03:33:00,HL,HH,68.22,68.37,68.24000000000001,68.27600000000001,68.25800000000001,16194.0,0.0052523641963516,0.1500000000000056,0.0021987686895339,11.0
HL_to_HH,814,815,2024-12-06 05:17:00,2024-12-06 05:21:00,HL,HH,67.87,67.98,67.88,67.916,67.898,8796.0,0.0028528958547059,0.1099999999999994,0.0016207455429497,4.0
HL_to_HH,822,823,2024-12-06 06:11:00,2024-12-06 06:12:00,HL,HH,67.61,67.66,67.628,67.664,67.646,7865.0,0.0025509351861371,0.0499999999999971,0.000739535571661,1.0
HL_to_HH,826,827,2024-12-06 06:22:00,2024-12-06 06:38:00,HL,HH,67.59,67.74,67.664,67.7,67.682,3315.0,0.0010751875577933,0.1499999999999914,0.0022192632046158,16.0
HL_to_HH,830,831,2024-12-06 07:01:00,2024-12-06 07:03:00,HL,HH,67.58,67.62,67.592,67.628,67.61,9480.0,0.0030747445091647,0.0400000000000062,0.000591891092039,2.0
HL_to_HH,832,833,2024-12-06 07:07:00,2024-12-06 07:13:00,HL,HH,67.58,67.62,67.592,67.628,67.61,9480.0,0.0030747445091647,0.0400000000000062,0.000591891092039,6.0
HL_to_HH,834,835,2024-12-06 07:15:00,2024-12-06 07:28:00,HL,HH,67.58,67.82,67.772,67.808,67.79,3016.0,0.0009782098565021,0.2399999999999948,0.0035513465522343,13.0
HL_to_HH,836,837,2024-12-06 07:33:00,2024-12-06 07:38:00,HL,HH,67.73,67.83,67.772,67.808,67.79,3016.0,0.0009782098565021,0.0999999999999943,0.0014764506127269,5.0
HL_to_HH,838,839,2024-12-06 07:41:00,2024-12-06 07:42:00,HL,HH,67.79,67.83,67.772,67.808,67.79,3016.0,0.0009782098565021,0.039999999999992,0.000590057530609,1.0
HL_to_HH,842,843,2024-12-06 08:10:00,2024-12-06 08:22:00,HL,HH,67.57,67.71,67.664,67.7,67.682,3315.0,0.0010751875577933,0.1400000000000005,0.0020719254106851,12.0
HL_to_HH,844,845,2024-12-06 08:27:00,2024-12-06 08:28:00,HL,HH,67.64,67.72,67.664,67.7,67.682,3315.0,0.0010751875577933,0.0799999999999983,0.0011827321111768,1.0
HL_to_HH,848,849,2024-12-06 08:37:00,2024-12-06 08:38:00,HL,HH,67.62,67.7,67.664,67.7,67.682,3315.0,0.0010751875577933,0.0799999999999983,0.0011830819284235,1.0
HL_to_HH,852,853,2024-12-06 08:53:00,2024-12-06 08:54:00,HL,HH,67.52,67.65,67.52000000000001,67.55600000000001,67.53800000000001,2817.0,0.0009136661690207,0.1300000000000096,0.0019253554502371,1.0
HL_to_HH,868,869,2024-12-06 09:46:00,2024-12-06 09:50:00,HL,HH,67.41,67.47,67.412,67.44800000000001,67.43,8760.0,0.0028412196097344,0.0600000000000022,0.0008900756564307,4.0
HL_to_HH,884,885,2024-12-06 10:42:00,2024-12-06 10:45:00,HL,HH,67.08,67.22,67.08800000000001,67.12400000000001,67.10600000000001,5926.0,0.001922039658366,0.1400000000000005,0.0020870602265952,3.0
HL_to_HH,886,887,2024-12-06 10:47:00,2024-12-06 11:01:00,HL,HH,67.16,67.39,67.232,67.268,67.25,3567.0,0.0011569212725939,0.2300000000000039,0.0034246575342467,14.0
HL_to_HH,896,897,2024-12-06 11:39:00,2024-12-06 11:48:00,HL,HH,67.26,67.38,67.268,67.304,67.286,4305.0,0.0013962842945099,0.1199999999999903,0.0017841213202496,9.0
HL_to_HH,898,899,2024-12-06 11:50:00,2024-12-06 12:01:00,HL,HH,67.33,67.46,67.34,67.376,67.358,8327.0,0.0027007803299382,0.1299999999999954,0.0019307886529036,11.0
HL_to_HH,900,901,2024-12-06 12:04:00,2024-12-06 12:05:00,HL,HH,67.41,67.49,67.412,67.44800000000001,67.43,8760.0,0.0028412196097344,0.0799999999999983,0.0011867675419077,1.0
HL_to_HH,904,905,2024-12-06 12:18:00,2024-12-06 12:23:00,HL,HH,67.43,67.51,67.48400000000001,67.52000000000001,67.50200000000001,7329.0,0.0023770888721169,0.0799999999999983,0.0011864155420435,5.0
HL_to_HH,910,911,2024-12-06 12:52:00,2024-12-06 12:56:00,HL,HH,67.4,67.47,67.412,67.44800000000001,67.43,8760.0,0.0028412196097344,0.0699999999999931,0.0010385756676556,4.0
HL_to_HH,912,913,2024-12-06 12:59:00,2024-12-06 13:08:00,HL,HH,67.43,67.5,67.412,67.44800000000001,67.43,8760.0,0.0028412196097344,0.0699999999999931,0.001038113599288,9.0
HL_to_HH,914,915,2024-12-06 13:10:00,2024-12-06 13:13:00,HL,HH,67.44,67.5,67.44800000000001,67.48400000000001,67.46600000000001,12716.0,0.0041243091960483,0.0600000000000022,0.0008896797153026,3.0
HL_to_HH,916,917,2024-12-06 13:14:00,2024-12-06 13:16:00,HL,HH,67.46,67.5,67.44800000000001,67.48400000000001,67.46600000000001,12716.0,0.0041243091960483,0.0400000000000062,0.0005929439667953,2.0
HL_to_HH,920,921,2024-12-06 13:33:00,2024-12-06 13:48:00,HL,HH,67.46,67.66,67.52000000000001,67.55600000000001,67.53800000000001,2817.0,0.0009136661690207,0.2000000000000028,0.0029647198339757,15.0
HL_to_HH,922,923,2024-12-06 13:52:00,2024-12-06 13:55:00,HL,HH,67.61,67.66,67.628,67.664,67.646,7865.0,0.0025509351861371,0.0499999999999971,0.000739535571661,3.0
HL_to_HH,936,937,2024-12-06 15:36:00,2024-12-06 15:55:00,HL,HH,67.08,67.19,67.08800000000001,67.12400000000001,67.10600000000001,5926.0,0.001922039658366,0.1099999999999994,0.0016398330351818,19.0
HL_to_HH,942,943,2024-12-08 18:12:00,2024-12-08 18:59:00,HL,HH,67.13,67.33,67.232,67.268,67.25,3567.0,0.0011569212725939,0.2000000000000028,0.002979293907344,47.0
HL_to_HH,944,945,2024-12-08 19:10:00,2024-12-08 19:21:00,HL,HH,67.24,67.34,67.232,67.268,67.25,3567.0,0.0011569212725939,0.1000000000000085,0.0014872099940512,11.0
HL_to_HH,948,949,2024-12-08 20:17:00,2024-12-08 20:25:00,HL,HH,67.34,67.47,67.34,67.376,67.358,8327.0,0.0027007803299382,0.1299999999999954,0.0019305019305018,8.0
HL_to_HH,950,951,2024-12-08 20:33:00,2024-12-08 20:53:00,HL,HH,67.39,67.53,67.48400000000001,67.52000000000001,67.50200000000001,7329.0,0.0023770888721169,0.1400000000000005,0.0020774595637333,20.0
HL_to_HH,952,953,2024-12-08 20:58:00,2024-12-08 21:01:00,HL,HH,67.49,67.58,67.52000000000001,67.55600000000001,67.53800000000001,2817.0,0.0009136661690207,0.0900000000000034,0.0013335308934656,3.0
HL_to_HH,954,955,2024-12-08 21:16:00,2024-12-08 21:30:00,HL,HH,67.51,67.58,67.52000000000001,67.55600000000001,67.53800000000001,2817.0,0.0009136661690207,0.0699999999999931,0.0010368834246776,14.0
HL_to_HH,960,961,2024-12-08 22:36:00,2024-12-08 22:44:00,HL,HH,67.44,67.52,67.48400000000001,67.52000000000001,67.50200000000001,7329.0,0.0023770888721169,0.0799999999999983,0.0011862396204032,8.0
HL_to_HH,962,963,2024-12-08 22:51:00,2024-12-08 22:55:00,HL,HH,67.48,67.52,67.48400000000001,67.52000000000001,67.50200000000001,7329.0,0.0023770888721169,0.039999999999992,0.0005927682276227,4.0
HL_to_HH,966,967,2024-12-08 23:41:00,2024-12-09 00:24:00,HL,HH,67.45,67.63,67.52000000000001,67.55600000000001,67.53800000000001,2817.0,0.0009136661690207,0.1799999999999926,0.0026686434395848,43.0
HL_to_HH,968,969,2024-12-09 00:49:00,2024-12-09 01:11:00,HL,HH,67.56,67.63,67.556,67.592,67.574,7994.0,0.0025927750639517,0.0699999999999931,0.0010361160449969,22.0
HL_to_HH,970,971,2024-12-09 01:29:00,2024-12-09 01:59:00,HL,HH,67.57,67.63,67.556,67.592,67.574,7994.0,0.0025927750639517,0.0600000000000022,0.0008879680331508,30.0
HL_to_HH,974,975,2024-12-09 03:05:00,2024-12-09 03:22:00,HL,HH,67.87,68.2,67.88,67.916,67.898,8796.0,0.0028528958547059,0.3299999999999983,0.0048622366288493,17.0
HL_to_HH,976,977,2024-12-09 03:23:00,2024-12-09 03:26:00,HL,HH,68.15,68.23,68.132,68.168,68.15,16084.0,0.0052166867811608,0.0799999999999983,0.001173881144534,3.0
HL_to_HH,984,985,2024-12-09 03:56:00,2024-12-09 03:58:00,HL,HH,68.16,68.2,68.168,68.20400000000001,68.186,24820.0,0.008050122227581,0.0400000000000062,0.0005868544600939,2.0
HL_to_HH,990,991,2024-12-09 04:19:00,2024-12-09 04:25:00,HL,HH,67.97,68.05,67.952,67.988,67.97,12689.0,0.0041155520123197,0.0799999999999983,0.0011769898484625,6.0
HL_to_HH,992,993,2024-12-09 04:28:00,2024-12-09 04:34:00,HL,HH,67.98,68.05,67.988,68.024,68.006,18935.0,0.0061413805148769,0.0699999999999931,0.0010297146219475,6.0
HL_to_HH,998,999,2024-12-09 05:05:00,2024-12-09 05:10:00,HL,HH,68.01,68.14,68.024,68.06,68.042,20101.0,0.0065195611158987,0.1299999999999954,0.0019114836053519,5.0
HL_to_HH,1002,1003,2024-12-09 05:23:00,2024-12-09 05:26:00,HL,HH,68.05,68.13,68.06,68.096,68.078,24044.0,0.0077984342804173,0.0799999999999983,0.0011756061719323,3.0
HL_to_HH,1020,1021,2024-12-09 07:37:00,2024-12-09 07:40:00,HL,HH,68.03,68.13,68.024,68.06,68.042,20101.0,0.0065195611158987,0.0999999999999943,0.0014699397324708,3.0
HL_to_HH,1024,1025,2024-12-09 08:03:00,2024-12-09 08:05:00,HL,HH,68.08,68.12,68.096,68.132,68.114,25514.0,0.0082752142834207,0.0400000000000062,0.0005875440658049,2.0
HL_to_HH,1032,1033,2024-12-09 08:46:00,2024-12-09 08:53:00,HL,HH,68.12,68.37,68.132,68.168,68.15,16084.0,0.0052166867811608,0.25,0.0036699941280093,7.0
HL_to_HH,1046,1047,2024-12-09 09:56:00,2024-12-09 09:59:00,HL,HH,68.36,68.45,68.384,68.42,68.402,22930.0,0.0074371193665766,0.0900000000000034,0.001316559391457,3.0
HL_to_HH,1048,1049,2024-12-09 10:02:00,2024-12-09 10:15:00,HL,HH,68.4,68.71,68.384,68.42,68.402,22930.0,0.0074371193665766,0.309999999999988,0.0045321637426898,13.0
HL_to_HH,1050,1051,2024-12-09 10:18:00,2024-12-09 10:29:00,HL,HH,68.63,68.86,68.672,68.708,68.69,32116.0,0.0104165078751407,0.2300000000000039,0.0033513040944193,11.0
HL_to_HH,1052,1053,2024-12-09 10:38:00,2024-12-09 10:42:00,HL,HH,68.78,68.88,68.852,68.888,68.87,34524.0,0.0111975189276796,0.0999999999999943,0.0014539110206455,4.0
HL_to_HH,1064,1065,2024-12-09 11:25:00,2024-12-09 11:28:00,HL,HH,68.69,68.78,68.672,68.708,68.69,32116.0,0.0104165078751407,0.0900000000000034,0.0013102343863735,3.0
HL_to_HH,1074,1075,2024-12-09 12:52:00,2024-12-09 13:07:00,HL,HH,68.51,68.64,68.492,68.528,68.51,23472.0,0.0076129117214255,0.1299999999999954,0.0018975332068309,15.0
HL_to_HH,1080,1081,2024-12-09 13:37:00,2024-12-09 13:44:00,HL,HH,68.54,68.6,68.528,68.56400000000001,68.546,40129.0,0.0130154454017163,0.059999999999988,0.0008754012255616,7.0
HL_to_HH,1098,1099,2024-12-09 20:05:00,2024-12-09 20:20:00,HL,HH,68.25,68.36,68.24000000000001,68.27600000000001,68.25800000000001,16194.0,0.0052523641963516,0.1099999999999994,0.0016117216117215,15.0
HL_to_HH,1112,1113,2024-12-09 22:45:00,2024-12-09 22:51:00,HL,HH,68.09,68.13,68.096,68.132,68.114,25514.0,0.0082752142834207,0.039999999999992,0.0005874577764721,6.0
HL_to_HH,1122,1123,2024-12-10 01:31:00,2024-12-10 01:39:00,HL,HH,67.99,68.07,67.988,68.024,68.006,18935.0,0.0061413805148769,0.0799999999999983,0.0011766436240623,8.0
HL_to_HH,1126,1127,2024-12-10 02:02:00,2024-12-10 02:08:00,HL,HH,68.01,68.07,68.024,68.06,68.042,20101.0,0.0065195611158987,0.059999999999988,0.0008822232024701,6.0
HL_to_HH,1130,1131,2024-12-10 02:59:00,2024-12-10 03:18:00,HL,HH,68.06,68.26,68.132,68.168,68.15,16084.0,0.0052166867811608,0.2000000000000028,0.0029385836027036,19.0
HL_to_HH,1132,1133,2024-12-10 03:22:00,2024-12-10 03:23:00,HL,HH,68.21,68.31,68.24000000000001,68.27600000000001,68.25800000000001,16194.0,0.0052523641963516,0.1000000000000085,0.0014660606949128,1.0
HL_to_HH,1136,1137,2024-12-10 03:33:00,2024-12-10 03:43:00,HL,HH,68.18,68.35,68.24000000000001,68.27600000000001,68.25800000000001,16194.0,0.0052523641963516,0.1699999999999875,0.0024933998239951,10.0
HL_to_HH,1144,1145,2024-12-10 04:15:00,2024-12-10 04:17:00,HL,HH,68.31,68.36,68.312,68.348,68.33,23572.0,0.0076453457352353,0.0499999999999971,0.0007319572536963,2.0
HL_to_HH,1146,1147,2024-12-10 04:20:00,2024-12-10 04:21:00,HL,HH,68.32,68.36,68.312,68.348,68.33,23572.0,0.0076453457352353,0.0400000000000062,0.0005854800936768,1.0
HL_to_HH,1152,1153,2024-12-10 05:18:00,2024-12-10 05:23:00,HL,HH,68.1,68.19,68.132,68.168,68.15,16084.0,0.0052166867811608,0.0900000000000034,0.0013215859030837,5.0
HL_to_HH,1158,1159,2024-12-10 06:07:00,2024-12-10 06:14:00,HL,HH,67.75,67.88,67.772,67.808,67.79,3016.0,0.0009782098565021,0.1299999999999954,0.0019188191881918,7.0
HL_to_HH,1160,1161,2024-12-10 06:15:00,2024-12-10 06:31:00,HL,HH,67.83,68.03,67.88,67.916,67.898,8796.0,0.0028528958547059,0.2000000000000028,0.0029485478401887,16.0
HL_to_HH,1168,1169,2024-12-10 07:06:00,2024-12-10 07:09:00,HL,HH,68.08,68.18,68.132,68.168,68.15,16084.0,0.0052166867811608,0.1000000000000085,0.0014688601645125,3.0
HL_to_HH,1172,1173,2024-12-10 07:55:00,2024-12-10 08:01:00,HL,HH,68.11,68.27,68.132,68.168,68.15,16084.0,0.0052166867811608,0.1599999999999966,0.0023491410952869,6.0
HL_to_HH,1178,1179,2024-12-10 08:30:00,2024-12-10 08:40:00,HL,HH,68.08,68.23,68.132,68.168,68.15,16084.0,0.0052166867811608,0.1500000000000056,0.0022032902467685,10.0
HL_to_HH,1180,1181,2024-12-10 08:42:00,2024-12-10 08:48:00,HL,HH,68.16,68.29,68.24000000000001,68.27600000000001,68.25800000000001,16194.0,0.0052523641963516,0.1300000000000096,0.0019072769953052,6.0
HL_to_HH,1182,1183,2024-12-10 08:50:00,2024-12-10 08:54:00,HL,HH,68.23,68.33,68.24000000000001,68.27600000000001,68.25800000000001,16194.0,0.0052523641963516,0.0999999999999943,0.0014656309541256,4.0
HL_to_HH,1184,1185,2024-12-10 08:55:00,2024-12-10 09:04:00,HL,HH,68.24,68.59,68.24000000000001,68.27600000000001,68.25800000000001,16194.0,0.0052523641963516,0.3500000000000085,0.0051289566236811,9.0
HL_to_HH,1198,1199,2024-12-10 09:44:00,2024-12-10 09:46:00,HL,HH,68.39,68.51,68.384,68.42,68.402,22930.0,0.0074371193665766,0.1200000000000045,0.0017546424915924,2.0
HL_to_HH,1200,1201,2024-12-10 09:51:00,2024-12-10 09:52:00,HL,HH,68.47,68.54,68.492,68.528,68.51,23472.0,0.0076129117214255,0.0700000000000073,0.0010223455527968,1.0
HL_to_HH,1204,1205,2024-12-10 10:04:00,2024-12-10 10:13:00,HL,HH,68.36,68.52,68.384,68.42,68.402,22930.0,0.0074371193665766,0.1599999999999966,0.0023405500292568,9.0
HL_to_HH,1206,1207,2024-12-10 10:24:00,2024-12-10 10:34:00,HL,HH,68.37,68.7,68.384,68.42,68.402,22930.0,0.0074371193665766,0.3299999999999983,0.0048266783677051,10.0
HL_to_HH,1208,1209,2024-12-10 10:37:00,2024-12-10 10:44:00,HL,HH,68.65,68.77,68.672,68.708,68.69,32116.0,0.0104165078751407,0.1199999999999903,0.0017479970866713,7.0
HL_to_HH,1210,1211,2024-12-10 10:45:00,2024-12-10 10:49:00,HL,HH,68.73,68.89,68.744,68.78,68.762,33877.0,0.0109876708583304,0.1599999999999966,0.002327949949076,4.0
HL_to_HH,1212,1213,2024-12-10 10:53:00,2024-12-10 10:59:00,HL,HH,68.83,68.9,68.852,68.888,68.87,34524.0,0.0111975189276796,0.0700000000000073,0.0010169984018597,6.0
HL_to_HH,1216,1217,2024-12-10 11:08:00,2024-12-10 11:15:00,HL,HH,68.93,69.04,68.96000000000001,68.99600000000001,68.97800000000001,23114.0,0.0074967979519866,0.1099999999999994,0.0015958218482519,7.0
HL_to_HH,1220,1221,2024-12-10 11:29:00,2024-12-10 11:34:00,HL,HH,68.86,69.0,68.96000000000001,68.99600000000001,68.97800000000001,23114.0,0.0074967979519866,0.1400000000000005,0.0020331106593087,5.0
HL_to_HH,1222,1223,2024-12-10 11:35:00,2024-12-10 11:49:00,HL,HH,68.95,69.05,69.032,69.068,69.05,20312.0,0.0065879968850373,0.0999999999999943,0.0014503263234226,14.0
HL_to_HH,1228,1229,2024-12-10 12:10:00,2024-12-10 12:14:00,HL,HH,68.91,68.97,68.924,68.96000000000001,68.94200000000001,34114.0,0.0110645394710596,0.0600000000000022,0.0008707009142359,4.0
HL_to_HH,1234,1235,2024-12-10 12:51:00,2024-12-10 12:58:00,HL,HH,68.82,68.94,68.852,68.888,68.87,34524.0,0.0111975189276796,0.1200000000000045,0.001743679163034,7.0
HL_to_HH,1242,1243,2024-12-10 14:00:00,2024-12-10 14:03:00,HL,HH,68.72,68.8,68.744,68.78,68.762,33877.0,0.0109876708583304,0.0799999999999983,0.0011641443538998,3.0
HL_to_HH,1250,1251,2024-12-10 15:30:00,2024-12-10 15:41:00,HL,HH,68.35,68.45,68.384,68.42,68.402,22930.0,0.0074371193665766,0.1000000000000085,0.0014630577907828,11.0
HL_to_HH,1254,1255,2024-12-10 16:29:00,2024-12-10 16:31:00,HL,HH,68.35,68.46,68.384,68.42,68.402,22930.0,0.0074371193665766,0.1099999999999994,0.001609363569861,2.0
HL_to_HH,1256,1257,2024-12-10 16:32:00,2024-12-10 16:49:00,HL,HH,68.42,68.49,68.456,68.492,68.474,23533.0,0.0076326964698495,0.0699999999999931,0.0010230926629639,17.0
HL_to_HH,1258,1259,2024-12-10 18:06:00,2024-12-10 18:42:00,HL,HH,68.44,68.54,68.492,68.528,68.51,23472.0,0.0076129117214255,0.1000000000000085,0.0014611338398597,36.0
HL_to_HH,1260,1261,2024-12-10 19:02:00,2024-12-10 19:34:00,HL,HH,68.49,68.57,68.492,68.528,68.51,23472.0,0.0076129117214255,0.0799999999999983,0.0011680537304716,32.0
HL_to_HH,1262,1263,2024-12-10 19:47:00,2024-12-10 20:39:00,HL,HH,68.53,68.88,68.672,68.708,68.69,32116.0,0.0104165078751407,0.3499999999999943,0.0051072522982633,52.0
HL_to_HH,1264,1265,2024-12-10 20:41:00,2024-12-10 20:50:00,HL,HH,68.84,68.9,68.852,68.888,68.87,34524.0,0.0111975189276796,0.0600000000000022,0.0008715862870425,9.0
HL_to_HH,1266,1267,2024-12-10 21:00:00,2024-12-10 21:15:00,HL,HH,68.86,69.02,68.96000000000001,68.99600000000001,68.97800000000001,23114.0,0.0074967979519866,0.1599999999999966,0.00232355503921,15.0
HL_to_HH,1268,1269,2024-12-10 21:18:00,2024-12-10 21:30:00,HL,HH,68.98,69.06,69.032,69.068,69.05,20312.0,0.0065879968850373,0.0799999999999983,0.0011597564511451,12.0
HL_to_HH,1276,1277,2024-12-10 23:03:00,2024-12-10 23:09:00,HL,HH,68.97,69.02,68.96000000000001,68.99600000000001,68.97800000000001,23114.0,0.0074967979519866,0.0499999999999971,0.0007249528780628,6.0
HL_to_HH,1280,1281,2024-12-11 00:59:00,2024-12-11 01:08:00,HL,HH,69.05,69.1,69.032,69.068,69.05,20312.0,0.0065879968850373,0.0499999999999971,0.000724112961622,9.0
HL_to_HH,1284,1285,2024-12-11 01:37:00,2024-12-11 01:58:00,HL,HH,69.03,69.15,69.032,69.068,69.05,20312.0,0.0065879968850373,0.1200000000000045,0.0017383746197305,21.0
HL_to_HH,1304,1305,2024-12-11 03:51:00,2024-12-11 03:59:00,HL,HH,68.78,68.94,68.852,68.888,68.87,34524.0,0.0111975189276796,0.1599999999999966,0.0023262576330327,8.0
HL_to_HH,1306,1307,2024-12-11 04:03:00,2024-12-11 04:19:00,HL,HH,68.89,69.17,69.032,69.068,69.05,20312.0,0.0065879968850373,0.2800000000000011,0.0040644505733777,16.0
HL_to_HH,1308,1309,2024-12-11 04:21:00,2024-12-11 04:40:00,HL,HH,69.12,69.36,69.104,69.14,69.122,22184.0,0.0071951616235559,0.2399999999999948,0.003472222222222,19.0
HL_to_HH,1318,1319,2024-12-11 06:00:00,2024-12-11 06:04:00,HL,HH,69.24,69.34,69.284,69.32000000000001,69.302,38490.0,0.0124838519153744,0.1000000000000085,0.0014442518775275,4.0
HL_to_HH,1324,1325,2024-12-11 06:50:00,2024-12-11 06:53:00,HL,HH,69.44,69.48,69.428,69.464,69.446,53516.0,0.0173573868304281,0.0400000000000062,0.0005760368663594,3.0
HL_to_HH,1332,1333,2024-12-11 07:32:00,2024-12-11 07:41:00,HL,HH,69.53,69.59,69.572,69.608,69.59,34880.0,0.0113129840168423,0.0600000000000022,0.0008629368617862,9.0
HL_to_HH,1338,1339,2024-12-11 08:18:00,2024-12-11 08:27:00,HL,HH,69.38,69.52,69.464,69.5,69.482,32312.0,0.0104800785422078,0.1400000000000005,0.0020178725857595,9.0
HL_to_HH,1344,1345,2024-12-11 08:47:00,2024-12-11 08:50:00,HL,HH,69.43,69.52,69.464,69.5,69.482,32312.0,0.0104800785422078,0.0899999999999892,0.0012962696240816,3.0
HL_to_HH,1356,1357,2024-12-11 09:19:00,2024-12-11 09:22:00,HL,HH,69.4,69.51,69.464,69.5,69.482,32312.0,0.0104800785422078,0.1099999999999994,0.0015850144092219,3.0
HL_to_HH,1362,1363,2024-12-11 09:46:00,2024-12-11 09:47:00,HL,HH,69.33,69.38,69.356,69.392,69.374,44032.0,0.014281344960711,0.0499999999999971,0.0007211885186786,1.0
HL_to_HH,1364,1365,2024-12-11 09:52:00,2024-12-11 09:57:00,HL,HH,69.33,69.51,69.464,69.5,69.482,32312.0,0.0104800785422078,0.1800000000000068,0.0025962786672437,5.0
HL_to_HH,1366,1367,2024-12-11 10:01:00,2024-12-11 10:07:00,HL,HH,69.43,69.54,69.464,69.5,69.482,32312.0,0.0104800785422078,0.1099999999999994,0.0015843295405444,6.0
HL_to_HH,1368,1369,2024-12-11 10:10:00,2024-12-11 10:15:00,HL,HH,69.47,69.65,69.464,69.5,69.482,32312.0,0.0104800785422078,0.1800000000000068,0.0025910464948899,5.0
HL_to_HH,1378,1379,2024-12-11 11:08:00,2024-12-11 11:15:00,HL,HH,69.46,69.71,69.644,69.68,69.662,26844.0,0.0087065866670904,0.25,0.0035991937805932,7.0
HL_to_HH,1382,1383,2024-12-11 11:23:00,2024-12-11 11:24:00,HL,HH,69.64,69.68,69.644,69.68,69.662,26844.0,0.0087065866670904,0.0400000000000062,0.0005743825387709,1.0
HL_to_HH,1384,1385,2024-12-11 11:26:00,2024-12-11 11:27:00,HL,HH,69.64,69.69,69.644,69.68,69.662,26844.0,0.0087065866670904,0.0499999999999971,0.0007179781734634,1.0
HL_to_HH,1388,1389,2024-12-11 11:35:00,2024-12-11 11:43:00,HL,HH,69.6,69.9,69.824,69.86,69.842,18489.0,0.0059967248132854,0.3000000000000113,0.0043103448275862,8.0
HL_to_HH,1390,1391,2024-12-11 11:44:00,2024-12-11 11:51:00,HL,HH,69.85,70.04,69.932,69.968,69.95,25259.0,0.0081925075482058,0.1900000000000119,0.0027201145311384,7.0
HL_to_HH,1394,1395,2024-12-11 12:08:00,2024-12-11 12:15:00,HL,HH,69.9,69.97,69.932,69.968,69.95,25259.0,0.0081925075482058,0.0699999999999931,0.0010014306151644,7.0
HL_to_HH,1396,1397,2024-12-11 12:20:00,2024-12-11 12:24:00,HL,HH,69.92,69.97,69.932,69.968,69.95,25259.0,0.0081925075482058,0.0499999999999971,0.0007151029748282,4.0
HL_to_HH,1398,1399,2024-12-11 12:26:00,2024-12-11 12:27:00,HL,HH,69.93,69.98,69.932,69.968,69.95,25259.0,0.0081925075482058,0.0499999999999971,0.0007150007150007,1.0
HL_to_HH,1402,1403,2024-12-11 12:44:00,2024-12-11 12:48:00,HL,HH,69.99,70.05,70.004,70.04,70.022,35100.0,0.0113843388472237,0.0600000000000022,0.0008572653236176,4.0
HL_to_HH,1408,1409,2024-12-11 13:24:00,2024-12-11 13:52:00,HL,HH,69.84,70.22,69.824,69.86,69.842,18489.0,0.0059967248132854,0.3799999999999954,0.0054410080183275,28.0
HL_to_HH,1410,1411,2024-12-11 13:58:00,2024-12-11 14:08:00,HL,HH,70.12,70.23,70.112,70.148,70.13,35045.0,0.0113665001396284,0.1099999999999994,0.0015687393040502,10.0
HL_to_HH,1412,1413,2024-12-11 14:13:00,2024-12-11 14:21:00,HL,HH,70.18,70.43,70.364,70.4,70.382,38388.0,0.0124507692212885,0.25,0.0035622684525504,8.0
HL_to_HH,1420,1421,2024-12-11 14:53:00,2024-12-11 14:58:00,HL,HH,70.38,70.47,70.43599999999999,70.472,70.454,32672.0,0.0105968409919229,0.0900000000000034,0.0012787723785165,5.0
HL_to_HH,1422,1423,2024-12-11 15:04:00,2024-12-11 15:14:00,HL,HH,70.43,70.52,70.472,70.508,70.49,27649.0,0.0089676804782589,0.0899999999999892,0.001277864546358,10.0
HL_to_HH,1424,1425,2024-12-11 15:15:00,2024-12-11 15:20:00,HL,HH,70.46,70.53,70.472,70.508,70.49,27649.0,0.0089676804782589,0.0700000000000073,0.0009934714731762,5.0
HL_to_HH,1432,1433,2024-12-11 19:19:00,2024-12-11 19:34:00,HL,HH,70.33,70.39,70.364,70.4,70.382,38388.0,0.0124507692212885,0.0600000000000022,0.0008531210009954,15.0
HL_to_HH,1434,1435,2024-12-11 19:36:00,2024-12-11 19:58:00,HL,HH,70.33,70.41,70.364,70.4,70.382,38388.0,0.0124507692212885,0.0799999999999983,0.0011374946679936,22.0
HL_to_HH,1440,1441,2024-12-11 20:19:00,2024-12-11 20:24:00,HL,HH,70.3,70.34,70.292,70.328,70.31,38597.0,0.0125185563101509,0.0400000000000062,0.0005689900426744,5.0
HL_to_HH,1444,1445,2024-12-11 21:09:00,2024-12-11 21:14:00,HL,HH,70.18,70.26,70.184,70.22,70.202,40910.0,0.0132687550495705,0.0799999999999983,0.0011399259048161,5.0
HL_to_HH,1446,1447,2024-12-11 21:26:00,2024-12-11 22:29:00,HL,HH,70.19,70.36,70.292,70.328,70.31,38597.0,0.0125185563101509,0.1700000000000017,0.0024219974355321,63.0
HL_to_HH,1450,1451,2024-12-11 23:10:00,2024-12-12 00:01:00,HL,HH,70.24,70.35,70.292,70.328,70.31,38597.0,0.0125185563101509,0.1099999999999994,0.0015660592255124,51.0
HL_to_HH,1452,1453,2024-12-12 00:08:00,2024-12-12 00:35:00,HL,HH,70.31,70.47,70.43599999999999,70.472,70.454,32672.0,0.0105968409919229,0.1599999999999966,0.0022756364670744,27.0
HL_to_HH,1454,1455,2024-12-12 00:40:00,2024-12-12 00:43:00,HL,HH,70.42,70.48,70.43599999999999,70.472,70.454,32672.0,0.0105968409919229,0.0600000000000022,0.0008520306731043,3.0
HL_to_HH,1456,1457,2024-12-12 00:46:00,2024-12-12 00:54:00,HL,HH,70.44,70.51,70.472,70.508,70.49,27649.0,0.0089676804782589,0.0700000000000073,0.00099375354912,8.0
HL_to_HH,1464,1465,2024-12-12 02:02:00,2024-12-12 02:15:00,HL,HH,70.34,70.45,70.364,70.4,70.382,38388.0,0.0124507692212885,0.1099999999999994,0.0015638328120557,13.0
HL_to_HH,1470,1471,2024-12-12 03:02:00,2024-12-12 03:10:00,HL,HH,70.45,70.54,70.472,70.508,70.49,27649.0,0.0089676804782589,0.0900000000000034,0.001277501774308,8.0
HL_to_HH,1472,1473,2024-12-12 03:17:00,2024-12-12 03:27:00,HL,HH,70.49,70.57,70.544,70.58,70.562,22352.0,0.0072496507667563,0.0799999999999983,0.001134912753582,10.0
HL_to_HH,1476,1477,2024-12-12 03:48:00,2024-12-12 04:00:00,HL,HH,70.55,70.71,70.652,70.688,70.67,17524.0,0.0056837365800213,0.1599999999999966,0.0022678951098511,12.0
HL_to_HH,1480,1481,2024-12-12 04:20:00,2024-12-12 04:34:00,HL,HH,70.49,70.61,70.544,70.58,70.562,22352.0,0.0072496507667563,0.1200000000000045,0.0017023691303732,14.0
HL_to_HH,1498,1499,2024-12-12 06:27:00,2024-12-12 06:36:00,HL,HH,70.19,70.33,70.292,70.328,70.31,38597.0,0.0125185563101509,0.1400000000000005,0.0019945861233794,9.0
HL_to_HH,1500,1501,2024-12-12 06:38:00,2024-12-12 06:42:00,HL,HH,70.29,70.38,70.292,70.328,70.31,38597.0,0.0125185563101509,0.0899999999999892,0.0012804097311138,4.0
HL_to_HH,1502,1503,2024-12-12 06:46:00,2024-12-12 07:03:00,HL,HH,70.32,70.49,70.472,70.508,70.49,27649.0,0.0089676804782589,0.1700000000000017,0.0024175199089875,17.0
HL_to_HH,1506,1507,2024-12-12 07:17:00,2024-12-12 07:22:00,HL,HH,70.33,70.42,70.364,70.4,70.382,38388.0,0.0124507692212885,0.0900000000000034,0.001279681501493,5.0
HL_to_HH,1508,1509,2024-12-12 07:30:00,2024-12-12 07:37:00,HL,HH,70.34,70.55,70.472,70.508,70.49,27649.0,0.0089676804782589,0.2099999999999937,0.0029854990048334,7.0
HL_to_HH,1532,1533,2024-12-12 09:49:00,2024-12-12 09:51:00,HL,HH,69.73,69.82,69.752,69.788,69.77,26486.0,0.0085904728976515,0.0899999999999892,0.0012906926717337,2.0
HL_to_HH,1542,1543,2024-12-12 10:25:00,2024-12-12 10:30:00,HL,HH,69.32,69.43,69.392,69.428,69.41,33539.0,0.0108780438916535,0.1100000000000136,0.001586843623774,5.0
HL_to_HH,1544,1545,2024-12-12 10:32:00,2024-12-12 10:37:00,HL,HH,69.35,69.47,69.392,69.428,69.41,33539.0,0.0108780438916535,0.1200000000000045,0.0017303532804615,5.0
HL_to_HH,1548,1549,2024-12-12 10:44:00,2024-12-12 10:48:00,HL,HH,69.26,69.41,69.392,69.428,69.41,33539.0,0.0108780438916535,0.1499999999999914,0.0021657522379439,4.0
HL_to_HH,1558,1559,2024-12-12 11:31:00,2024-12-12 11:45:00,HL,HH,69.21,69.57,69.212,69.248,69.23,22789.0,0.0073913874071049,0.3599999999999994,0.0052015604681403,14.0
HL_to_HH,1560,1561,2024-12-12 11:49:00,2024-12-12 11:55:00,HL,HH,69.46,69.69,69.644,69.68,69.662,26844.0,0.0087065866670904,0.2300000000000039,0.0033112582781458,6.0
HL_to_HH,1562,1563,2024-12-12 11:57:00,2024-12-12 12:05:00,HL,HH,69.63,70.07,69.824,69.86,69.842,18489.0,0.0059967248132854,0.4399999999999977,0.0063191153238546,8.0
HL_to_HH,1564,1565,2024-12-12 12:06:00,2024-12-12 12:17:00,HL,HH,70.03,70.49,70.472,70.508,70.49,27649.0,0.0089676804782589,0.4599999999999937,0.0065686134513778,11.0
HL_to_HH,1570,1571,2024-12-12 12:41:00,2024-12-12 12:42:00,HL,HH,70.32,70.36,70.328,70.364,70.346,46106.0,0.0149540264071253,0.0400000000000062,0.0005688282138796,1.0
HL_to_HH,1572,1573,2024-12-12 12:45:00,2024-12-12 12:48:00,HL,HH,70.32,70.37,70.328,70.364,70.346,46106.0,0.0149540264071253,0.0500000000000113,0.0007110352673493,3.0
HL_to_HH,1574,1575,2024-12-12 12:49:00,2024-12-12 12:51:00,HL,HH,70.32,70.4,70.364,70.4,70.382,38388.0,0.0124507692212885,0.0800000000000125,0.0011376564277589,2.0
HL_to_HH,1578,1579,2024-12-12 12:57:00,2024-12-12 13:11:00,HL,HH,70.23,70.49,70.472,70.508,70.49,27649.0,0.0089676804782589,0.2599999999999909,0.0037021216004555,14.0
HL_to_HH,1582,1583,2024-12-12 13:23:00,2024-12-12 13:31:00,HL,HH,70.31,70.42,70.364,70.4,70.382,38388.0,0.0124507692212885,0.1099999999999994,0.0015645000711135,8.0
HL_to_HH,1590,1591,2024-12-12 14:10:00,2024-12-12 14:11:00,HL,HH,70.15,70.2,70.148,70.184,70.166,56442.0,0.0183064060745015,0.0499999999999971,0.0007127583749109,1.0
HL_to_HH,1594,1595,2024-12-12 14:17:00,2024-12-12 14:20:00,HL,HH,70.01,70.06,70.004,70.04,70.022,35100.0,0.0113843388472237,0.0499999999999971,0.0007141836880444,3.0
HL_to_HH,1596,1597,2024-12-12 14:21:00,2024-12-12 14:25:00,HL,HH,70.02,70.1,70.004,70.04,70.022,35100.0,0.0113843388472237,0.0799999999999983,0.0011425307055126,4.0
HL_to_HH,1600,1601,2024-12-12 14:37:00,2024-12-12 14:55:00,HL,HH,70.11,70.26,70.112,70.148,70.13,35045.0,0.0113665001396284,0.1500000000000056,0.0021394950791613,18.0
HL_to_HH,1602,1603,2024-12-12 15:00:00,2024-12-12 15:28:00,HL,HH,70.18,70.27,70.184,70.22,70.202,40910.0,0.0132687550495705,0.0899999999999892,0.0012824166429179,28.0
HL_to_HH,1612,1613,2024-12-12 18:54:00,2024-12-12 19:02:00,HL,HH,69.91,69.96,69.932,69.968,69.95,25259.0,0.0081925075482058,0.0499999999999971,0.0007152052639107,8.0
HL_to_HH,1616,1617,2024-12-12 20:04:00,2024-12-12 20:11:00,HL,HH,69.93,70.02,69.932,69.968,69.95,25259.0,0.0081925075482058,0.0899999999999892,0.0012870012870012,7.0
HL_to_HH,1622,1623,2024-12-12 21:25:00,2024-12-12 21:44:00,HL,HH,69.98,70.08,70.004,70.04,70.022,35100.0,0.0113843388472237,0.0999999999999943,0.001428979708488,19.0
HL_to_HH,1628,1629,2024-12-12 23:00:00,2024-12-12 23:11:00,HL,HH,70.01,70.14,70.112,70.148,70.13,35045.0,0.0113665001396284,0.1299999999999954,0.0018568775889158,11.0
HL_to_HH,1630,1631,2024-12-12 23:19:00,2024-12-12 23:50:00,HL,HH,70.07,70.14,70.112,70.148,70.13,35045.0,0.0113665001396284,0.0700000000000073,0.000999000999001,31.0
HL_to_HH,1634,1635,2024-12-13 00:38:00,2024-12-13 01:24:00,HL,HH,70.02,70.11,70.004,70.04,70.022,35100.0,0.0113843388472237,0.0900000000000034,0.0012853470437017,46.0
HL_to_HH,1636,1637,2024-12-13 01:37:00,2024-12-13 01:59:00,HL,HH,70.03,70.14,70.112,70.148,70.13,35045.0,0.0113665001396284,0.1099999999999994,0.0015707553905468,22.0
HL_to_HH,1640,1641,2024-12-13 02:16:00,2024-12-13 02:49:00,HL,HH,70.07,70.35,70.112,70.148,70.13,35045.0,0.0113665001396284,0.2800000000000011,0.003996003996004,33.0
HL_to_HH,1642,1643,2024-12-13 02:53:00,2024-12-13 02:58:00,HL,HH,70.31,70.35,70.292,70.328,70.31,38597.0,0.0125185563101509,0.039999999999992,0.0005689091167684,5.0
HL_to_HH,1650,1651,2024-12-13 03:35:00,2024-12-13 03:37:00,HL,HH,70.17,70.22,70.184,70.22,70.202,40910.0,0.0132687550495705,0.0499999999999971,0.0007125552230298,2.0
HL_to_HH,1660,1661,2024-12-13 04:17:00,2024-12-13 04:34:00,HL,HH,70.1,70.36,70.112,70.148,70.13,35045.0,0.0113665001396284,0.2600000000000051,0.0037089871611983,17.0
HL_to_HH,1662,1663,2024-12-13 04:39:00,2024-12-13 04:52:00,HL,HH,70.3,70.46,70.43599999999999,70.472,70.454,32672.0,0.0105968409919229,0.1599999999999966,0.0022759601706969,13.0
HL_to_HH,1664,1665,2024-12-13 04:57:00,2024-12-13 05:20:00,HL,HH,70.36,70.65,70.544,70.58,70.562,22352.0,0.0072496507667563,0.2900000000000062,0.0041216600341102,23.0
HL_to_HH,1666,1667,2024-12-13 05:26:00,2024-12-13 05:40:00,HL,HH,70.58,70.66,70.58,70.616,70.598,30655.0,0.0099426469333802,0.0799999999999983,0.0011334655709831,14.0
HL_to_HH,1668,1669,2024-12-13 05:42:00,2024-12-13 05:50:00,HL,HH,70.61,70.77,70.724,70.76,70.742,15259.0,0.0049491061672304,0.1599999999999966,0.002265967993202,8.0
HL_to_HH,1670,1671,2024-12-13 05:53:00,2024-12-13 06:04:00,HL,HH,70.72,70.89,70.832,70.868,70.85,10199.0,0.0033079450684568,0.1700000000000017,0.0024038461538462,11.0
HL_to_HH,1672,1673,2024-12-13 06:09:00,2024-12-13 06:17:00,HL,HH,70.84,70.91,70.832,70.868,70.85,10199.0,0.0033079450684568,0.0699999999999931,0.00098814229249,8.0
HL_to_HH,1678,1679,2024-12-13 06:45:00,2024-12-13 06:56:00,HL,HH,70.64,70.72,70.652,70.688,70.67,17524.0,0.0056837365800213,0.0799999999999983,0.0011325028312569,11.0
HL_to_HH,1690,1691,2024-12-13 08:20:00,2024-12-13 08:28:00,HL,HH,70.25,70.44,70.364,70.4,70.382,38388.0,0.0124507692212885,0.1899999999999977,0.0027046263345196,8.0
HL_to_HH,1692,1693,2024-12-13 08:30:00,2024-12-13 08:44:00,HL,HH,70.37,70.51,70.472,70.508,70.49,27649.0,0.0089676804782589,0.1400000000000005,0.0019894841551797,14.0
HL_to_HH,1700,1701,2024-12-13 09:25:00,2024-12-13 09:31:00,HL,HH,70.46,70.67,70.652,70.688,70.67,17524.0,0.0056837365800213,0.2100000000000079,0.0029804144195288,6.0
HL_to_HH,1702,1703,2024-12-13 09:36:00,2024-12-13 09:47:00,HL,HH,70.5,70.71,70.652,70.688,70.67,17524.0,0.0056837365800213,0.2099999999999937,0.0029787234042553,11.0
HL_to_HH,1704,1705,2024-12-13 09:48:00,2024-12-13 09:53:00,HL,HH,70.66,70.78,70.75999999999999,70.79599999999999,70.77799999999999,14903.0,0.0048336410780676,0.1200000000000045,0.001698273422021,5.0
HL_to_HH,1708,1709,2024-12-13 10:07:00,2024-12-13 10:15:00,HL,HH,70.57,70.71,70.652,70.688,70.67,17524.0,0.0056837365800213,0.1400000000000005,0.0019838458268386,8.0
HL_to_HH,1714,1715,2024-12-13 10:45:00,2024-12-13 10:47:00,HL,HH,70.77,70.82,70.79599999999999,70.832,70.814,11246.0,0.0036475291930449,0.0499999999999971,0.0007065140596298,2.0
HL_to_HH,1718,1719,2024-12-13 11:02:00,2024-12-13 11:05:00,HL,HH,70.79,70.89,70.832,70.868,70.85,10199.0,0.0033079450684568,0.0999999999999943,0.0014126289023872,3.0
HL_to_HH,1722,1723,2024-12-13 11:25:00,2024-12-13 11:29:00,HL,HH,70.71,70.89,70.832,70.868,70.85,10199.0,0.0033079450684568,0.1800000000000068,0.0025456088247772,4.0
HL_to_HH,1724,1725,2024-12-13 11:32:00,2024-12-13 11:33:00,HL,HH,70.85,70.95,70.904,70.94,70.922,8958.0,0.0029054389570777,0.1000000000000085,0.0014114326040932,1.0
HL_to_HH,1726,1727,2024-12-13 11:35:00,2024-12-13 11:37:00,HL,HH,70.89,71.0,70.904,70.94,70.922,8958.0,0.0029054389570777,0.1099999999999994,0.0015516998166171,2.0
HL_to_HH,1728,1729,2024-12-13 11:48:00,2024-12-13 12:04:00,HL,HH,70.94,71.19,71.084,71.12,71.102,11322.0,0.0036721790435403,0.25,0.0035241048773611,16.0
HL_to_HH,1730,1731,2024-12-13 12:09:00,2024-12-13 12:13:00,HL,HH,71.12,71.22,71.192,71.228,71.21,12670.0,0.0041093895496958,0.0999999999999943,0.0014060742407198,4.0
HL_to_HH,1734,1735,2024-12-13 12:23:00,2024-12-13 12:34:00,HL,HH,71.09,71.27,71.084,71.12,71.102,11322.0,0.0036721790435403,0.1799999999999926,0.002532001688001,11.0
HL_to_HH,1746,1747,2024-12-13 13:49:00,2024-12-13 13:55:00,HL,HH,71.26,71.32,71.3,71.336,71.318,12715.0,0.0041239848559102,0.059999999999988,0.000841987089531,6.0
HL_to_HH,1752,1753,2024-12-13 14:13:00,2024-12-13 14:24:00,HL,HH,71.27,71.35,71.3,71.336,71.318,12715.0,0.0041239848559102,0.0799999999999983,0.0011224919320891,11.0
HL_to_HH,1754,1755,2024-12-13 14:30:00,2024-12-13 14:32:00,HL,HH,71.29,71.4,71.372,71.408,71.39,6599.0,0.0021403205713056,0.1099999999999994,0.0015429934072099,2.0
HL_to_HH,1760,1761,2024-12-13 15:35:00,2024-12-13 15:44:00,HL,HH,71.18,71.23,71.192,71.228,71.21,12670.0,0.0041093895496958,0.0499999999999971,0.0007024445068839,9.0
HL_to_HH,1772,1773,2024-12-15 18:18:00,2024-12-15 18:39:00,HL,HH,71.05,71.19,71.084,71.12,71.102,11322.0,0.0036721790435403,0.1400000000000005,0.0019704433497536,21.0
HL_to_HH,1792,1793,2024-12-15 22:34:00,2024-12-15 22:49:00,HL,HH,70.91,70.97,70.904,70.94,70.922,8958.0,0.0029054389570777,0.0600000000000022,0.0008461429981667,15.0
HL_to_HH,1794,1795,2024-12-15 23:06:00,2024-12-15 23:37:00,HL,HH,70.93,71.0,70.976,71.012,70.994,13729.0,0.0044528657559411,0.0699999999999931,0.0009868884816015,31.0
HL_to_HH,1802,1803,2024-12-16 01:26:00,2024-12-16 01:35:00,HL,HH,70.8,70.94,70.904,70.94,70.922,8958.0,0.0029054389570777,0.1400000000000005,0.0019774011299436,9.0
HL_to_HH,1806,1807,2024-12-16 02:03:00,2024-12-16 02:09:00,HL,HH,70.87,70.95,70.904,70.94,70.922,8958.0,0.0029054389570777,0.0799999999999983,0.0011288274305065,6.0
HL_to_HH,1808,1809,2024-12-16 02:12:00,2024-12-16 02:24:00,HL,HH,70.89,70.96,70.904,70.94,70.922,8958.0,0.0029054389570777,0.0699999999999931,0.0009874453378473,12.0
HL_to_HH,1810,1811,2024-12-16 02:26:00,2024-12-16 02:36:00,HL,HH,70.91,71.03,70.904,70.94,70.922,8958.0,0.0029054389570777,0.1200000000000045,0.0016922859963335,10.0
HL_to_HH,1814,1815,2024-12-16 03:00:00,2024-12-16 03:07:00,HL,HH,70.91,71.02,70.904,70.94,70.922,8958.0,0.0029054389570777,0.1099999999999994,0.0015512621633055,7.0
HL_to_HH,1816,1817,2024-12-16 03:17:00,2024-12-16 03:22:00,HL,HH,70.94,71.03,71.012,71.048,71.03,13672.0,0.0044343783680696,0.0900000000000034,0.0012686777558501,5.0
HL_to_HH,1820,1821,2024-12-16 03:36:00,2024-12-16 03:40:00,HL,HH,70.81,70.87,70.832,70.868,70.85,10199.0,0.0033079450684568,0.0600000000000022,0.0008473379466178,4.0
HL_to_HH,1832,1833,2024-12-16 04:23:00,2024-12-16 04:27:00,HL,HH,70.56,70.64,70.544,70.58,70.562,22352.0,0.0072496507667563,0.0799999999999983,0.0011337868480725,4.0
HL_to_HH,1834,1835,2024-12-16 04:31:00,2024-12-16 04:33:00,HL,HH,70.6,70.69,70.652,70.688,70.67,17524.0,0.0056837365800213,0.0900000000000034,0.0012747875354108,2.0
HL_to_HH,1842,1843,2024-12-16 05:02:00,2024-12-16 05:03:00,HL,HH,70.55,70.61,70.544,70.58,70.562,22352.0,0.0072496507667563,0.0600000000000022,0.0008504606661943,1.0
HL_to_HH,1844,1845,2024-12-16 05:06:00,2024-12-16 05:10:00,HL,HH,70.57,70.72,70.652,70.688,70.67,17524.0,0.0056837365800213,0.1500000000000056,0.0021255491001843,4.0
HL_to_HH,1854,1855,2024-12-16 07:09:00,2024-12-16 07:24:00,HL,HH,70.41,70.63,70.544,70.58,70.562,22352.0,0.0072496507667563,0.2199999999999988,0.0031245561709984,15.0
HL_to_HH,1856,1857,2024-12-16 07:25:00,2024-12-16 07:40:00,HL,HH,70.57,70.67,70.652,70.688,70.67,17524.0,0.0056837365800213,0.1000000000000085,0.0014170327334561,15.0
HL_to_HH,1860,1861,2024-12-16 07:54:00,2024-12-16 08:06:00,HL,HH,70.6,70.74,70.652,70.688,70.67,17524.0,0.0056837365800213,0.1400000000000005,0.0019830028328611,12.0
HL_to_HH,1862,1863,2024-12-16 08:10:00,2024-12-16 08:16:00,HL,HH,70.67,70.74,70.652,70.688,70.67,17524.0,0.0056837365800213,0.0699999999999931,0.0009905193151265,6.0
HL_to_HH,1864,1865,2024-12-16 08:23:00,2024-12-16 08:27:00,HL,HH,70.69,70.78,70.75999999999999,70.79599999999999,70.77799999999999,14903.0,0.0048336410780676,0.0900000000000034,0.0012731645211487,4.0
HL_to_HH,1868,1869,2024-12-16 08:48:00,2024-12-16 08:51:00,HL,HH,70.69,70.82,70.79599999999999,70.832,70.814,11246.0,0.0036475291930449,0.1299999999999954,0.0018390154194369,3.0
HL_to_HH,1870,1871,2024-12-16 08:53:00,2024-12-16 08:55:00,HL,HH,70.78,70.82,70.79599999999999,70.832,70.814,11246.0,0.0036475291930449,0.039999999999992,0.0005651313930488,2.0
HL_to_HH,1874,1875,2024-12-16 09:03:00,2024-12-16 09:04:00,HL,HH,70.84,70.9,70.832,70.868,70.85,10199.0,0.0033079450684568,0.0600000000000022,0.0008469791078486,1.0
HL_to_HH,1878,1879,2024-12-16 09:08:00,2024-12-16 09:21:00,HL,HH,70.86,71.1,70.904,70.94,70.922,8958.0,0.0029054389570777,0.2399999999999948,0.0033869602032174,13.0
HL_to_HH,1884,1885,2024-12-16 09:37:00,2024-12-16 09:41:00,HL,HH,70.95,71.07,71.048,71.084,71.066,11841.0,0.003840511575213,0.1199999999999903,0.00169133192389,4.0
HL_to_HH,1890,1891,2024-12-16 10:22:00,2024-12-16 10:24:00,HL,HH,71.0,71.1,71.048,71.084,71.066,11841.0,0.003840511575213,0.0999999999999943,0.0014084507042253,2.0
HL_to_HH,1892,1893,2024-12-16 10:26:00,2024-12-16 10:30:00,HL,HH,71.06,71.17,71.084,71.12,71.102,11322.0,0.0036721790435403,0.1099999999999994,0.001547987616099,4.0
HL_to_HH,1908,1909,2024-12-16 11:43:00,2024-12-16 11:45:00,HL,HH,70.51,70.59,70.544,70.58,70.562,22352.0,0.0072496507667563,0.0799999999999983,0.001134590838179,2.0
HL_to_HH,1910,1911,2024-12-16 11:47:00,2024-12-16 11:53:00,HL,HH,70.55,70.66,70.544,70.58,70.562,22352.0,0.0072496507667563,0.1099999999999994,0.0015591778880226,6.0
HL_to_HH,1916,1917,2024-12-16 12:27:00,2024-12-16 12:34:00,HL,HH,70.85,71.02,70.904,70.94,70.922,8958.0,0.0029054389570777,0.1700000000000017,0.0023994354269583,7.0
HL_to_HH,1930,1931,2024-12-16 14:18:00,2024-12-16 14:25:00,HL,HH,70.65,70.77,70.724,70.76,70.742,15259.0,0.0049491061672304,0.1199999999999903,0.0016985138004244,7.0
HL_to_HH,1936,1937,2024-12-16 14:39:00,2024-12-16 14:42:00,HL,HH,70.67,70.72,70.652,70.688,70.67,17524.0,0.0056837365800213,0.0499999999999971,0.0007075137965188,3.0
HL_to_HH,1940,1941,2024-12-16 15:24:00,2024-12-16 15:31:00,HL,HH,70.54,70.6,70.544,70.58,70.562,22352.0,0.0072496507667563,0.059999999999988,0.0008505812305072,7.0
HL_to_HH,1942,1943,2024-12-16 15:39:00,2024-12-16 15:54:00,HL,HH,70.56,70.62,70.544,70.58,70.562,22352.0,0.0072496507667563,0.0600000000000022,0.0008503401360544,15.0
HL_to_HH,1952,1953,2024-12-16 19:41:00,2024-12-16 20:01:00,HL,HH,70.2,70.34,70.292,70.328,70.31,38597.0,0.0125185563101509,0.1400000000000005,0.001994301994302,20.0
HL_to_HH,1958,1959,2024-12-16 20:37:00,2024-12-16 20:51:00,HL,HH,70.17,70.32,70.292,70.328,70.31,38597.0,0.0125185563101509,0.1499999999999914,0.0021376656690892,14.0
HL_to_HH,1960,1961,2024-12-16 20:54:00,2024-12-16 21:06:00,HL,HH,70.27,70.34,70.292,70.328,70.31,38597.0,0.0125185563101509,0.0700000000000073,0.0009961576775296,12.0
HL_to_HH,1970,1971,2024-12-16 23:45:00,2024-12-16 23:49:00,HL,HH,70.21,70.25,70.22,70.256,70.238,56931.0,0.0184650084020312,0.0400000000000062,0.000569719413189,4.0
HL_to_HH,1974,1975,2024-12-17 01:02:00,2024-12-17 01:26:00,HL,HH,70.4,70.49,70.472,70.508,70.49,27649.0,0.0089676804782589,0.0899999999999892,0.001278409090909,24.0
HL_to_HH,1976,1977,2024-12-17 01:29:00,2024-12-17 01:44:00,HL,HH,70.44,70.51,70.472,70.508,70.49,27649.0,0.0089676804782589,0.0700000000000073,0.00099375354912,15.0
HL_to_HH,1982,1983,2024-12-17 03:09:00,2024-12-17 03:15:00,HL,HH,70.03,70.11,70.076,70.112,70.094,38912.0,0.0126207234536516,0.0799999999999983,0.0011423675567614,6.0
HL_to_HH,1994,1995,2024-12-17 03:55:00,2024-12-17 03:56:00,HL,HH,69.63,69.71,69.644,69.68,69.662,26844.0,0.0087065866670904,0.0799999999999983,0.0011489300588827,1.0
HL_to_HH,1998,1999,2024-12-17 04:08:00,2024-12-17 04:18:00,HL,HH,69.62,69.77,69.752,69.788,69.77,26486.0,0.0085904728976515,0.1499999999999914,0.0021545532892845,10.0
HL_to_HH,2004,2005,2024-12-17 04:42:00,2024-12-17 04:51:00,HL,HH,69.83,69.9,69.824,69.86,69.842,18489.0,0.0059967248132854,0.0700000000000073,0.0010024344837462,9.0
HL_to_HH,2012,2013,2024-12-17 05:40:00,2024-12-17 05:43:00,HL,HH,69.65,69.71,69.644,69.68,69.662,26844.0,0.0087065866670904,0.059999999999988,0.0008614501076811,3.0
HL_to_HH,2020,2021,2024-12-17 06:34:00,2024-12-17 06:40:00,HL,HH,69.69,69.76,69.716,69.752,69.734,36590.0,0.0118676056529891,0.0700000000000073,0.0010044482709141,6.0
HL_to_HH,2032,2033,2024-12-17 08:01:00,2024-12-17 08:06:00,HL,HH,69.46,69.67,69.644,69.68,69.662,26844.0,0.0087065866670904,0.2100000000000079,0.0030233227756983,5.0
HL_to_HH,2036,2037,2024-12-17 08:41:00,2024-12-17 08:46:00,HL,HH,69.53,69.68,69.644,69.68,69.662,26844.0,0.0087065866670904,0.1500000000000056,0.0021573421544658,5.0
HL_to_HH,2040,2041,2024-12-17 09:08:00,2024-12-17 09:09:00,HL,HH,69.56,69.63,69.572,69.608,69.59,34880.0,0.0113129840168423,0.0699999999999931,0.0010063254744103,1.0
HL_to_HH,2044,2045,2024-12-17 09:22:00,2024-12-17 09:26:00,HL,HH,69.49,69.64,69.572,69.608,69.59,34880.0,0.0113129840168423,0.1500000000000056,0.0021585839689164,4.0
HL_to_HH,2070,2071,2024-12-17 11:03:00,2024-12-17 11:15:00,HL,HH,68.94,69.18,69.032,69.068,69.05,20312.0,0.0065879968850373,0.2400000000000091,0.0034812880765884,12.0
HL_to_HH,2072,2073,2024-12-17 11:17:00,2024-12-17 11:22:00,HL,HH,69.12,69.2,69.104,69.14,69.122,22184.0,0.0071951616235559,0.0799999999999983,0.0011574074074074,5.0
HL_to_HH,2074,2075,2024-12-17 11:23:00,2024-12-17 11:24:00,HL,HH,69.16,69.2,69.176,69.212,69.194,26749.0,0.0086757743539712,0.0400000000000062,0.0005783689994216,1.0
HL_to_HH,2078,2079,2024-12-17 11:35:00,2024-12-17 11:37:00,HL,HH,69.11,69.2,69.104,69.14,69.122,22184.0,0.0071951616235559,0.0900000000000034,0.0013022717407031,2.0
HL_to_HH,2080,2081,2024-12-17 11:42:00,2024-12-17 11:47:00,HL,HH,69.14,69.23,69.212,69.248,69.23,22789.0,0.0073913874071049,0.0900000000000034,0.0013017066820943,5.0
HL_to_HH,2084,2085,2024-12-17 12:04:00,2024-12-17 12:09:00,HL,HH,69.17,69.26,69.212,69.248,69.23,22789.0,0.0073913874071049,0.0900000000000034,0.001301142113633,5.0
HL_to_HH,2088,2089,2024-12-17 12:27:00,2024-12-17 12:34:00,HL,HH,69.29,69.38,69.284,69.32000000000001,69.302,38490.0,0.0124838519153744,0.0899999999999892,0.0012988887285321,7.0
HL_to_HH,2090,2091,2024-12-17 12:35:00,2024-12-17 12:39:00,HL,HH,69.33,69.4,69.356,69.392,69.374,44032.0,0.014281344960711,0.0700000000000073,0.0010096639261503,4.0
HL_to_HH,2092,2093,2024-12-17 12:44:00,2024-12-17 12:48:00,HL,HH,69.35,69.52,69.464,69.5,69.482,32312.0,0.0104800785422078,0.1700000000000017,0.0024513338139871,4.0
HL_to_HH,2094,2095,2024-12-17 12:56:00,2024-12-17 13:07:00,HL,HH,69.46,69.54,69.464,69.5,69.482,32312.0,0.0104800785422078,0.0800000000000125,0.0011517420097899,11.0
HL_to_HH,2100,2101,2024-12-17 13:50:00,2024-12-17 14:05:00,HL,HH,69.45,69.75,69.644,69.68,69.662,26844.0,0.0087065866670904,0.2999999999999971,0.0043196544276458,15.0
HL_to_HH,2106,2107,2024-12-17 14:31:00,2024-12-17 14:45:00,HL,HH,69.59,69.77,69.752,69.788,69.77,26486.0,0.0085904728976515,0.1799999999999926,0.002586578531398,14.0
HL_to_HH,2108,2109,2024-12-17 14:52:00,2024-12-17 15:03:00,HL,HH,69.73,69.79,69.752,69.788,69.77,26486.0,0.0085904728976515,0.0600000000000022,0.0008604617811558,11.0
HL_to_HH,2110,2111,2024-12-17 15:05:00,2024-12-17 15:34:00,HL,HH,69.74,69.83,69.752,69.788,69.77,26486.0,0.0085904728976515,0.0900000000000034,0.0012905075996558,29.0
HL_to_HH,2116,2117,2024-12-17 16:33:00,2024-12-17 16:38:00,HL,HH,69.83,69.88,69.824,69.86,69.842,18489.0,0.0059967248132854,0.0499999999999971,0.0007160246312472,5.0
HL_to_HH,2126,2127,2024-12-17 20:46:00,2024-12-17 20:52:00,HL,HH,69.83,69.87,69.824,69.86,69.842,18489.0,0.0059967248132854,0.0400000000000062,0.0005728197049978,6.0
HL_to_HH,2134,2135,2024-12-17 22:44:00,2024-12-17 23:02:00,HL,HH,69.66,69.71,69.644,69.68,69.662,26844.0,0.0087065866670904,0.0499999999999971,0.0007177720356015,18.0
HL_to_HH,2138,2139,2024-12-17 23:49:00,2024-12-17 23:53:00,HL,HH,69.7,69.77,69.752,69.788,69.77,26486.0,0.0085904728976515,0.0699999999999931,0.0010043041606886,4.0
HL_to_HH,2140,2141,2024-12-18 00:05:00,2024-12-18 00:22:00,HL,HH,69.7,69.78,69.752,69.788,69.77,26486.0,0.0085904728976515,0.0799999999999983,0.0011477761836442,17.0
HL_to_HH,2146,2147,2024-12-18 01:46:00,2024-12-18 03:07:00,HL,HH,69.66,70.15,69.824,69.86,69.842,18489.0,0.0059967248132854,0.4900000000000091,0.0070341659488948,81.0
HL_to_HH,2152,2153,2024-12-18 03:59:00,2024-12-18 04:01:00,HL,HH,70.07,70.24,70.112,70.148,70.13,35045.0,0.0113665001396284,0.1700000000000017,0.0024261452832881,2.0
HL_to_HH,2166,2167,2024-12-18 05:05:00,2024-12-18 05:29:00,HL,HH,70.1,70.28,70.112,70.148,70.13,35045.0,0.0113665001396284,0.1800000000000068,0.0025677603423681,24.0
HL_to_HH,2172,2173,2024-12-18 06:12:00,2024-12-18 06:33:00,HL,HH,70.05,70.15,70.112,70.148,70.13,35045.0,0.0113665001396284,0.1000000000000085,0.0014275517487509,21.0
HL_to_HH,2174,2175,2024-12-18 06:38:00,2024-12-18 06:50:00,HL,HH,70.09,70.19,70.112,70.148,70.13,35045.0,0.0113665001396284,0.0999999999999943,0.001426737052361,12.0
HL_to_HH,2178,2179,2024-12-18 07:10:00,2024-12-18 07:25:00,HL,HH,70.13,70.27,70.112,70.148,70.13,35045.0,0.0113665001396284,0.1400000000000005,0.0019962925994581,15.0
HL_to_HH,2180,2181,2024-12-18 07:34:00,2024-12-18 07:51:00,HL,HH,70.21,70.42,70.364,70.4,70.382,38388.0,0.0124507692212885,0.2100000000000079,0.0029910269192423,17.0
HL_to_HH,2186,2187,2024-12-18 08:26:00,2024-12-18 08:30:00,HL,HH,70.27,70.37,70.292,70.328,70.31,38597.0,0.0125185563101509,0.1000000000000085,0.0014230823964709,4.0
HL_to_HH,2192,2193,2024-12-18 08:53:00,2024-12-18 08:55:00,HL,HH,70.22,70.31,70.292,70.328,70.31,38597.0,0.0125185563101509,0.0900000000000034,0.0012816861293079,2.0
HL_to_HH,2196,2197,2024-12-18 09:14:00,2024-12-18 09:19:00,HL,HH,70.18,70.24,70.184,70.22,70.202,40910.0,0.0132687550495705,0.059999999999988,0.0008549444286118,5.0
HL_to_HH,2200,2201,2024-12-18 09:30:00,2024-12-18 09:37:00,HL,HH,70.08,70.47,70.43599999999999,70.472,70.454,32672.0,0.0105968409919229,0.3900000000000005,0.0055650684931507,7.0
HL_to_HH,2202,2203,2024-12-18 09:39:00,2024-12-18 09:41:00,HL,HH,70.39,70.5,70.472,70.508,70.49,27649.0,0.0089676804782589,0.1099999999999994,0.0015627219775535,2.0
HL_to_HH,2210,2211,2024-12-18 10:28:00,2024-12-18 10:31:00,HL,HH,70.32,70.44,70.364,70.4,70.382,38388.0,0.0124507692212885,0.1200000000000045,0.0017064846416383,3.0
HL_to_HH,2212,2213,2024-12-18 10:33:00,2024-12-18 10:35:00,HL,HH,70.38,70.47,70.43599999999999,70.472,70.454,32672.0,0.0105968409919229,0.0900000000000034,0.0012787723785165,2.0
HL_to_HH,2218,2219,2024-12-18 10:48:00,2024-12-18 10:56:00,HL,HH,70.5,70.58,70.544,70.58,70.562,22352.0,0.0072496507667563,0.0799999999999983,0.0011347517730495,8.0
HL_to_HH,2222,2223,2024-12-18 11:14:00,2024-12-18 11:18:00,HL,HH,70.73,70.78,70.75999999999999,70.79599999999999,70.77799999999999,14903.0,0.0048336410780676,0.0499999999999971,0.0007069136151562,4.0
HL_to_HH,2224,2225,2024-12-18 11:20:00,2024-12-18 11:23:00,HL,HH,70.74,70.78,70.75999999999999,70.79599999999999,70.77799999999999,14903.0,0.0048336410780676,0.0400000000000062,0.0005654509471304,3.0
HL_to_HH,2230,2231,2024-12-18 11:35:00,2024-12-18 11:38:00,HL,HH,70.65,70.75,70.724,70.76,70.742,15259.0,0.0049491061672304,0.0999999999999943,0.0014154281670204,3.0
HL_to_HH,2238,2239,2024-12-18 12:17:00,2024-12-18 12:23:00,HL,HH,70.51,70.56,70.508,70.544,70.526,35675.0,0.0115708344266298,0.0499999999999971,0.0007091192738617,6.0
HL_to_HH,2244,2245,2024-12-18 13:19:00,2024-12-18 13:22:00,HL,HH,70.3,70.39,70.364,70.4,70.382,38388.0,0.0124507692212885,0.0900000000000034,0.001280227596017,3.0
HL_to_HH,2246,2247,2024-12-18 13:24:00,2024-12-18 13:34:00,HL,HH,70.32,70.43,70.364,70.4,70.382,38388.0,0.0124507692212885,0.1100000000000136,0.0015642775881685,10.0
HL_to_HH,2264,2265,2024-12-18 15:58:00,2024-12-18 16:13:00,HL,HH,69.43,69.55,69.464,69.5,69.482,32312.0,0.0104800785422078,0.1199999999999903,0.0017283594987755,15.0
HL_to_HH,2270,2271,2024-12-18 16:55:00,2024-12-18 18:00:00,HL,HH,69.44,69.52,69.464,69.5,69.482,32312.0,0.0104800785422078,0.0799999999999983,0.0011520737327188,65.0
HL_to_HH,2272,2273,2024-12-18 18:19:00,2024-12-18 18:33:00,HL,HH,69.46,69.52,69.464,69.5,69.482,32312.0,0.0104800785422078,0.0600000000000022,0.0008638065073423,14.0
HL_to_HH,2278,2279,2024-12-18 19:55:00,2024-12-18 20:06:00,HL,HH,69.44,69.65,69.464,69.5,69.482,32312.0,0.0104800785422078,0.2100000000000079,0.0030241935483872,11.0
HL_to_HH,2280,2281,2024-12-18 20:08:00,2024-12-18 20:24:00,HL,HH,69.57,69.68,69.644,69.68,69.662,26844.0,0.0087065866670904,0.1100000000000136,0.001581141296536,16.0
HL_to_HH,2286,2287,2024-12-18 22:03:00,2024-12-18 22:34:00,HL,HH,69.58,69.72,69.644,69.68,69.662,26844.0,0.0087065866670904,0.1400000000000005,0.0020120724346075,31.0
HL_to_HH,2288,2289,2024-12-18 22:44:00,2024-12-18 22:46:00,HL,HH,69.68,69.72,69.68,69.71600000000001,69.69800000000001,41583.0,0.0134870359625101,0.039999999999992,0.0005740528128586,2.0
HL_to_HH,2294,2295,2024-12-19 01:01:00,2024-12-19 01:54:00,HL,HH,69.52,69.78,69.752,69.788,69.77,26486.0,0.0085904728976515,0.2600000000000051,0.0037399309551209,53.0
HL_to_HH,2302,2303,2024-12-19 02:46:00,2024-12-19 02:47:00,HL,HH,69.53,69.57,69.536,69.572,69.554,38461.0,0.0124744460513696,0.039999999999992,0.0005752912411907,1.0
HL_to_HH,2310,2311,2024-12-19 03:23:00,2024-12-19 03:26:00,HL,HH,69.39,69.46,69.392,69.428,69.41,33539.0,0.0108780438916535,0.0699999999999931,0.0010087908920592,3.0
HL_to_HH,2312,2313,2024-12-19 03:31:00,2024-12-19 03:34:00,HL,HH,69.41,69.62,69.464,69.5,69.482,32312.0,0.0104800785422078,0.2100000000000079,0.0030255006483217,3.0
HL_to_HH,2314,2315,2024-12-19 03:38:00,2024-12-19 03:43:00,HL,HH,69.58,69.63,69.572,69.608,69.59,34880.0,0.0113129840168423,0.0499999999999971,0.0007185972980741,5.0
HL_to_HH,2318,2319,2024-12-19 03:55:00,2024-12-19 04:13:00,HL,HH,69.58,69.98,69.824,69.86,69.842,18489.0,0.0059967248132854,0.4000000000000057,0.0057487783845933,18.0
HL_to_HH,2330,2331,2024-12-19 05:08:00,2024-12-19 05:29:00,HL,HH,69.92,70.14,69.932,69.968,69.95,25259.0,0.0081925075482058,0.2199999999999988,0.0031464530892448,21.0
HL_to_HH,2340,2341,2024-12-19 06:43:00,2024-12-19 06:47:00,HL,HH,69.83,69.91,69.824,69.86,69.842,18489.0,0.0059967248132854,0.0799999999999983,0.0011456394099955,4.0
HL_to_HH,2344,2345,2024-12-19 07:11:00,2024-12-19 07:13:00,HL,HH,69.81,69.88,69.824,69.86,69.842,18489.0,0.0059967248132854,0.0699999999999931,0.0010027216731125,2.0
HL_to_HH,2350,2351,2024-12-19 07:55:00,2024-12-19 08:08:00,HL,HH,69.71,69.89,69.824,69.86,69.842,18489.0,0.0059967248132854,0.1800000000000068,0.0025821259503659,13.0
HL_to_HH,2352,2353,2024-12-19 08:11:00,2024-12-19 08:19:00,HL,HH,69.84,70.03,69.824,69.86,69.842,18489.0,0.0059967248132854,0.1899999999999977,0.0027205040091637,8.0
HL_to_HH,2354,2355,2024-12-19 08:20:00,2024-12-19 08:25:00,HL,HH,69.99,70.07,70.004,70.04,70.022,35100.0,0.0113843388472237,0.0799999999999983,0.0011430204314901,5.0
HL_to_HH,2356,2357,2024-12-19 08:28:00,2024-12-19 08:34:00,HL,HH,70.0,70.2,70.112,70.148,70.13,35045.0,0.0113665001396284,0.2000000000000028,0.0028571428571428,6.0
HL_to_HH,2358,2359,2024-12-19 08:35:00,2024-12-19 08:54:00,HL,HH,70.14,70.43,70.364,70.4,70.382,38388.0,0.0124507692212885,0.2900000000000062,0.0041345879669234,19.0
HL_to_HH,2360,2361,2024-12-19 08:59:00,2024-12-19 09:01:00,HL,HH,70.38,70.51,70.472,70.508,70.49,27649.0,0.0089676804782589,0.1300000000000096,0.0018471156578574,2.0
HL_to_HH,2370,2371,2024-12-19 09:35:00,2024-12-19 09:36:00,HL,HH,70.36,70.51,70.472,70.508,70.49,27649.0,0.0089676804782589,0.1500000000000056,0.0021318931210916,1.0
HL_to_HH,2388,2389,2024-12-19 10:29:00,2024-12-19 10:32:00,HL,HH,69.92,70.0,69.932,69.968,69.95,25259.0,0.0081925075482058,0.0799999999999983,0.0011441647597254,3.0
HL_to_HH,2402,2403,2024-12-19 11:24:00,2024-12-19 11:26:00,HL,HH,69.41,69.54,69.464,69.5,69.482,32312.0,0.0104800785422078,0.1300000000000096,0.0018729289727705,2.0
HL_to_HH,2404,2405,2024-12-19 11:29:00,2024-12-19 11:31:00,HL,HH,69.46,69.61,69.464,69.5,69.482,32312.0,0.0104800785422078,0.1500000000000056,0.0021595162683558,2.0
HL_to_HH,2410,2411,2024-12-19 11:49:00,2024-12-19 11:51:00,HL,HH,69.33,69.47,69.392,69.428,69.41,33539.0,0.0108780438916535,0.1400000000000005,0.0020193278523006,2.0
HL_to_HH,2414,2415,2024-12-19 12:07:00,2024-12-19 12:17:00,HL,HH,69.34,69.43,69.392,69.428,69.41,33539.0,0.0108780438916535,0.0900000000000034,0.0012979521199885,10.0
HL_to_HH,2418,2419,2024-12-19 12:31:00,2024-12-19 12:36:00,HL,HH,69.29,69.41,69.392,69.428,69.41,33539.0,0.0108780438916535,0.1199999999999903,0.0017318516380429,5.0
HL_to_HH,2422,2423,2024-12-19 13:06:00,2024-12-19 13:08:00,HL,HH,69.35,69.43,69.392,69.428,69.41,33539.0,0.0108780438916535,0.0800000000000125,0.001153568853641,2.0
HL_to_HH,2424,2425,2024-12-19 13:09:00,2024-12-19 13:12:00,HL,HH,69.37,69.5,69.464,69.5,69.482,32312.0,0.0104800785422078,0.1299999999999954,0.001874008937581,3.0
HL_to_HH,2434,2435,2024-12-19 14:18:00,2024-12-19 14:28:00,HL,HH,69.25,69.4,69.284,69.32000000000001,69.302,38490.0,0.0124838519153744,0.1500000000000056,0.0021660649819494,10.0
HL_to_HH,2448,2449,2024-12-19 16:52:00,2024-12-19 18:17:00,HL,HH,69.19,69.27,69.212,69.248,69.23,22789.0,0.0073913874071049,0.0799999999999983,0.0011562364503541,85.0
HL_to_HH,2454,2455,2024-12-19 20:02:00,2024-12-19 20:05:00,HL,HH,69.07,69.12,69.068,69.104,69.086,26251.0,0.0085142529651986,0.0500000000000113,0.0007239032865211,3.0
HL_to_HH,2468,2469,2024-12-20 00:37:00,2024-12-20 01:23:00,HL,HH,68.92,69.16,69.032,69.068,69.05,20312.0,0.0065879968850373,0.2399999999999948,0.0034822983168891,46.0
HL_to_HH,2470,2471,2024-12-20 01:26:00,2024-12-20 01:40:00,HL,HH,69.12,69.19,69.104,69.14,69.122,22184.0,0.0071951616235559,0.0699999999999931,0.0010127314814813,14.0
HL_to_HH,2474,2475,2024-12-20 02:24:00,2024-12-20 02:27:00,HL,HH,69.05,69.09,69.032,69.068,69.05,20312.0,0.0065879968850373,0.0400000000000062,0.0005792903692976,3.0
HL_to_HH,2480,2481,2024-12-20 03:07:00,2024-12-20 03:12:00,HL,HH,68.95,69.0,68.96000000000001,68.99600000000001,68.97800000000001,23114.0,0.0074967979519866,0.0499999999999971,0.0007251631617113,5.0
HL_to_HH,2484,2485,2024-12-20 03:25:00,2024-12-20 03:36:00,HL,HH,68.98,69.16,69.032,69.068,69.05,20312.0,0.0065879968850373,0.1799999999999926,0.0026094520150767,11.0
HL_to_HH,2494,2495,2024-12-20 04:50:00,2024-12-20 04:52:00,HL,HH,68.75,68.81,68.744,68.78,68.762,33877.0,0.0109876708583304,0.0600000000000022,0.0008727272727273,2.0
HL_to_HH,2504,2505,2024-12-20 05:34:00,2024-12-20 05:37:00,HL,HH,68.67,68.75,68.672,68.708,68.69,32116.0,0.0104165078751407,0.0799999999999983,0.0011649919906799,3.0
HL_to_HH,2510,2511,2024-12-20 06:12:00,2024-12-20 06:16:00,HL,HH,68.6,68.65,68.6,68.636,68.618,35737.0,0.0115909435151919,0.0500000000000113,0.0007288629737611,4.0
HL_to_HH,2516,2517,2024-12-20 07:08:00,2024-12-20 07:23:00,HL,HH,68.62,68.74,68.672,68.708,68.69,32116.0,0.0104165078751407,0.1199999999999903,0.0017487612940831,15.0
HL_to_HH,2518,2519,2024-12-20 07:28:00,2024-12-20 07:53:00,HL,HH,68.68,69.09,69.032,69.068,69.05,20312.0,0.0065879968850373,0.4099999999999966,0.0059697146185206,25.0
HL_to_HH,2520,2521,2024-12-20 07:55:00,2024-12-20 07:57:00,HL,HH,69.05,69.13,69.032,69.068,69.05,20312.0,0.0065879968850373,0.0799999999999983,0.0011585807385952,2.0
HL_to_HH,2524,2525,2024-12-20 08:10:00,2024-12-20 08:18:00,HL,HH,69.06,69.16,69.104,69.14,69.122,22184.0,0.0071951616235559,0.0999999999999943,0.0014480162177814,8.0
HL_to_HH,2526,2527,2024-12-20 08:19:00,2024-12-20 08:21:00,HL,HH,69.1,69.17,69.104,69.14,69.122,22184.0,0.0071951616235559,0.0700000000000073,0.0010130246020261,2.0
HL_to_HH,2528,2529,2024-12-20 08:28:00,2024-12-20 08:32:00,HL,HH,69.12,69.17,69.104,69.14,69.122,22184.0,0.0071951616235559,0.0499999999999971,0.0007233796296295,4.0
HL_to_HH,2530,2531,2024-12-20 08:35:00,2024-12-20 08:36:00,HL,HH,69.13,69.17,69.14,69.176,69.158,25288.0,0.0082019134122106,0.0400000000000062,0.0005786199913206,1.0
HL_to_HH,2546,2547,2024-12-20 09:54:00,2024-12-20 09:56:00,HL,HH,68.58,68.63,68.6,68.636,68.618,35737.0,0.0115909435151919,0.0499999999999971,0.0007290755322251,2.0
HL_to_HH,2550,2551,2024-12-20 10:03:00,2024-12-20 10:12:00,HL,HH,68.6,68.81,68.672,68.708,68.69,32116.0,0.0104165078751407,0.2100000000000079,0.003061224489796,9.0
HL_to_HH,2552,2553,2024-12-20 10:14:00,2024-12-20 10:22:00,HL,HH,68.72,68.94,68.744,68.78,68.762,33877.0,0.0109876708583304,0.2199999999999988,0.0032013969732247,8.0
HL_to_HH,2554,2555,2024-12-20 10:23:00,2024-12-20 10:30:00,HL,HH,68.89,69.07,69.032,69.068,69.05,20312.0,0.0065879968850373,0.1799999999999926,0.0026128610828857,7.0
HL_to_HH,2556,2557,2024-12-20 10:51:00,2024-12-20 10:58:00,HL,HH,68.9,69.12,69.032,69.068,69.05,20312.0,0.0065879968850373,0.2199999999999988,0.0031930333817125,7.0
HL_to_HH,2558,2559,2024-12-20 11:03:00,2024-12-20 11:11:00,HL,HH,69.02,69.29,69.032,69.068,69.05,20312.0,0.0065879968850373,0.2700000000000102,0.0039119095914228,8.0
HL_to_HH,2560,2561,2024-12-20 11:14:00,2024-12-20 11:24:00,HL,HH,69.24,69.44,69.392,69.428,69.41,33539.0,0.0108780438916535,0.2000000000000028,0.002888503755055,10.0
HL_to_HH,2568,2569,2024-12-20 11:55:00,2024-12-20 11:58:00,HL,HH,69.27,69.35,69.284,69.32000000000001,69.302,38490.0,0.0124838519153744,0.0799999999999983,0.0011549011115923,3.0
HL_to_HH,2570,2571,2024-12-20 12:05:00,2024-12-20 12:21:00,HL,HH,69.29,69.57,69.464,69.5,69.482,32312.0,0.0104800785422078,0.2799999999999869,0.0040409871554334,16.0
HL_to_HH,2572,2573,2024-12-20 12:32:00,2024-12-20 12:43:00,HL,HH,69.52,69.65,69.572,69.608,69.59,34880.0,0.0113129840168423,0.1300000000000096,0.0018699654775604,11.0
HL_to_HH,2576,2577,2024-12-20 13:03:00,2024-12-20 13:05:00,HL,HH,69.58,69.63,69.572,69.608,69.59,34880.0,0.0113129840168423,0.0499999999999971,0.0007185972980741,2.0
HL_to_HH,2578,2579,2024-12-20 13:07:00,2024-12-20 13:16:00,HL,HH,69.59,69.7,69.644,69.68,69.662,26844.0,0.0087065866670904,0.1099999999999994,0.0015806868802987,9.0
HL_to_HH,2580,2581,2024-12-20 13:21:00,2024-12-20 13:29:00,HL,HH,69.61,69.7,69.644,69.68,69.662,26844.0,0.0087065866670904,0.0900000000000034,0.0012929176842408,8.0
HL_to_HH,2582,2583,2024-12-20 13:33:00,2024-12-20 13:49:00,HL,HH,69.65,69.82,69.752,69.788,69.77,26486.0,0.0085904728976515,0.1699999999999875,0.0024407753050967,16.0
HL_to_HH,2584,2585,2024-12-20 13:51:00,2024-12-20 13:54:00,HL,HH,69.75,69.83,69.752,69.788,69.77,26486.0,0.0085904728976515,0.0799999999999983,0.0011469534050179,3.0
HL_to_HH,2588,2589,2024-12-20 14:12:00,2024-12-20 14:17:00,HL,HH,69.46,69.55,69.464,69.5,69.482,32312.0,0.0104800785422078,0.0900000000000034,0.0012957097610135,5.0
HL_to_HH,2594,2595,2024-12-20 14:46:00,2024-12-20 14:59:00,HL,HH,69.39,69.5,69.464,69.5,69.482,32312.0,0.0104800785422078,0.1099999999999994,0.001585242830379,13.0
HL_to_HH,2598,2599,2024-12-20 15:10:00,2024-12-20 15:44:00,HL,HH,69.44,69.62,69.464,69.5,69.482,32312.0,0.0104800785422078,0.1800000000000068,0.0025921658986176,34.0
HL_to_HH,2606,2607,2024-12-22 18:12:00,2024-12-22 18:44:00,HL,HH,69.49,69.63,69.572,69.608,69.59,34880.0,0.0113129840168423,0.1400000000000005,0.0020146783709886,32.0
HL_to_HH,2608,2609,2024-12-22 18:55:00,2024-12-22 19:17:00,HL,HH,69.58,69.65,69.572,69.608,69.59,34880.0,0.0113129840168423,0.0700000000000073,0.0010060362173038,22.0
HL_to_HH,2610,2611,2024-12-22 19:23:00,2024-12-22 19:50:00,HL,HH,69.61,69.69,69.644,69.68,69.662,26844.0,0.0087065866670904,0.0799999999999983,0.0011492601637694,27.0
HL_to_HH,2612,2613,2024-12-22 19:58:00,2024-12-22 20:01:00,HL,HH,69.65,69.71,69.644,69.68,69.662,26844.0,0.0087065866670904,0.059999999999988,0.0008614501076811,3.0
HL_to_HH,2614,2615,2024-12-22 20:03:00,2024-12-22 20:29:00,HL,HH,69.66,69.8,69.752,69.788,69.77,26486.0,0.0085904728976515,0.1400000000000005,0.0020097616996841,26.0
HL_to_HH,2616,2617,2024-12-22 20:47:00,2024-12-22 20:56:00,HL,HH,69.75,69.87,69.824,69.86,69.842,18489.0,0.0059967248132854,0.1200000000000045,0.0017204301075268,9.0
HL_to_HH,2620,2621,2024-12-22 21:24:00,2024-12-22 21:45:00,HL,HH,69.82,69.91,69.824,69.86,69.842,18489.0,0.0059967248132854,0.0900000000000034,0.0012890289315383,21.0
HL_to_HH,2644,2645,2024-12-23 03:45:00,2024-12-23 03:51:00,HL,HH,69.63,69.81,69.752,69.788,69.77,26486.0,0.0085904728976515,0.1800000000000068,0.0025850926324861,6.0
HL_to_HH,2650,2651,2024-12-23 04:19:00,2024-12-23 04:28:00,HL,HH,69.83,69.91,69.824,69.86,69.842,18489.0,0.0059967248132854,0.0799999999999983,0.0011456394099955,9.0
HL_to_HH,2658,2659,2024-12-23 05:44:00,2024-12-23 05:46:00,HL,HH,69.28,69.33,69.284,69.32000000000001,69.302,38490.0,0.0124838519153744,0.0499999999999971,0.0007217090069284,2.0
HL_to_HH,2664,2665,2024-12-23 06:11:00,2024-12-23 06:14:00,HL,HH,69.24,69.3,69.248,69.284,69.266,45581.0,0.0147837478346241,0.0600000000000022,0.0008665511265164,3.0
HL_to_HH,2672,2673,2024-12-23 07:11:00,2024-12-23 07:13:00,HL,HH,69.24,69.3,69.248,69.284,69.266,45581.0,0.0147837478346241,0.0600000000000022,0.0008665511265164,2.0
HL_to_HH,2674,2675,2024-12-23 07:17:00,2024-12-23 07:28:00,HL,HH,69.26,69.4,69.284,69.32000000000001,69.302,38490.0,0.0124838519153744,0.1400000000000005,0.0020213687554144,11.0
HL_to_HH,2680,2681,2024-12-23 08:03:00,2024-12-23 08:08:00,HL,HH,69.08,69.14,69.104,69.14,69.122,22184.0,0.0071951616235559,0.0600000000000022,0.0008685581933989,5.0
HL_to_HH,2682,2683,2024-12-23 08:16:00,2024-12-23 08:23:00,HL,HH,69.1,69.23,69.104,69.14,69.122,22184.0,0.0071951616235559,0.1300000000000096,0.0018813314037628,7.0
HL_to_HH,2688,2689,2024-12-23 08:50:00,2024-12-23 08:55:00,HL,HH,69.05,69.16,69.032,69.068,69.05,20312.0,0.0065879968850373,0.1099999999999994,0.0015930485155684,5.0
HL_to_HH,2692,2693,2024-12-23 09:08:00,2024-12-23 09:17:00,HL,HH,69.06,69.31,69.104,69.14,69.122,22184.0,0.0071951616235559,0.25,0.0036200405444541,9.0
HL_to_HH,2694,2695,2024-12-23 09:18:00,2024-12-23 09:24:00,HL,HH,69.25,69.36,69.284,69.32000000000001,69.302,38490.0,0.0124838519153744,0.1099999999999994,0.0015884476534295,6.0
HL_to_HH,2696,2697,2024-12-23 09:27:00,2024-12-23 09:30:00,HL,HH,69.3,69.37,69.284,69.32000000000001,69.302,38490.0,0.0124838519153744,0.0700000000000073,0.0010101010101011,3.0
HL_to_HH,2712,2713,2024-12-23 11:06:00,2024-12-23 11:11:00,HL,HH,68.82,68.9,68.852,68.888,68.87,34524.0,0.0111975189276796,0.0800000000000125,0.0011624527753562,5.0
HL_to_HH,2720,2721,2024-12-23 11:32:00,2024-12-23 11:36:00,HL,HH,68.72,68.79,68.744,68.78,68.762,33877.0,0.0109876708583304,0.0700000000000073,0.0010186263096625,4.0
HL_to_HH,2724,2725,2024-12-23 12:11:00,2024-12-23 12:42:00,HL,HH,68.7,68.97,68.744,68.78,68.762,33877.0,0.0109876708583304,0.269999999999996,0.0039301310043666,31.0
HL_to_HH,2726,2727,2024-12-23 12:44:00,2024-12-23 13:05:00,HL,HH,68.93,69.12,69.032,69.068,69.05,20312.0,0.0065879968850373,0.1899999999999977,0.0027564195560714,21.0
HL_to_HH,2728,2729,2024-12-23 13:07:00,2024-12-23 13:15:00,HL,HH,69.06,69.15,69.104,69.14,69.122,22184.0,0.0071951616235559,0.0900000000000034,0.0013032145960034,8.0
HL_to_HH,2732,2733,2024-12-23 14:02:00,2024-12-23 14:04:00,HL,HH,69.4,69.44,69.392,69.428,69.41,33539.0,0.0108780438916535,0.039999999999992,0.0005763688760804,2.0
HL_to_HH,2750,2751,2024-12-23 15:44:00,2024-12-23 16:34:00,HL,HH,69.4,69.6,69.464,69.5,69.482,32312.0,0.0104800785422078,0.1999999999999886,0.0028818443804032,50.0
HL_to_HH,2752,2753,2024-12-23 16:38:00,2024-12-23 16:42:00,HL,HH,69.56,69.63,69.572,69.608,69.59,34880.0,0.0113129840168423,0.0699999999999931,0.0010063254744103,4.0
HL_to_HH,2762,2763,2024-12-23 19:43:00,2024-12-23 20:10:00,HL,HH,69.45,69.56,69.464,69.5,69.482,32312.0,0.0104800785422078,0.1099999999999994,0.0015838732901367,27.0
HL_to_HH,2780,2781,2024-12-23 23:29:00,2024-12-24 00:20:00,HL,HH,69.48,69.54,69.464,69.5,69.482,32312.0,0.0104800785422078,0.0600000000000022,0.0008635578583764,51.0
HL_to_HH,2782,2783,2024-12-24 00:24:00,2024-12-24 00:28:00,HL,HH,69.49,69.54,69.5,69.536,69.518,46165.0,0.0149731624752731,0.0500000000000113,0.000719527989639,4.0
HL_to_HH,2784,2785,2024-12-24 00:30:00,2024-12-24 00:46:00,HL,HH,69.5,69.59,69.572,69.608,69.59,34880.0,0.0113129840168423,0.0900000000000034,0.0012949640287769,16.0
HL_to_HH,2786,2787,2024-12-24 01:02:00,2024-12-24 01:26:00,HL,HH,69.5,69.59,69.572,69.608,69.59,34880.0,0.0113129840168423,0.0900000000000034,0.0012949640287769,24.0
HL_to_HH,2796,2797,2024-12-24 02:56:00,2024-12-24 03:12:00,HL,HH,69.59,69.82,69.752,69.788,69.77,26486.0,0.0085904728976515,0.2299999999999897,0.0033050725678975,16.0
HL_to_HH,2802,2803,2024-12-24 04:04:00,2024-12-24 04:09:00,HL,HH,69.73,69.78,69.752,69.788,69.77,26486.0,0.0085904728976515,0.0499999999999971,0.0007170514842964,5.0
HL_to_HH,2804,2805,2024-12-24 04:12:00,2024-12-24 04:26:00,HL,HH,69.74,69.82,69.752,69.788,69.77,26486.0,0.0085904728976515,0.0799999999999983,0.0011471178663606,14.0
HL_to_HH,2812,2813,2024-12-24 05:16:00,2024-12-24 05:24:00,HL,HH,69.63,69.81,69.752,69.788,69.77,26486.0,0.0085904728976515,0.1800000000000068,0.0025850926324861,8.0
HL_to_HH,2814,2815,2024-12-24 05:33:00,2024-12-24 05:37:00,HL,HH,69.76,69.81,69.752,69.788,69.77,26486.0,0.0085904728976515,0.0499999999999971,0.000716743119266,4.0
HL_to_HH,2816,2817,2024-12-24 05:46:00,2024-12-24 06:05:00,HL,HH,69.77,69.94,69.824,69.86,69.842,18489.0,0.0059967248132854,0.1700000000000017,0.0024365773254981,19.0
HL_to_HH,2818,2819,2024-12-24 06:11:00,2024-12-24 06:20:00,HL,HH,69.85,69.96,69.932,69.968,69.95,25259.0,0.0081925075482058,0.1099999999999994,0.0015748031496063,9.0
HL_to_HH,2826,2827,2024-12-24 07:14:00,2024-12-24 07:28:00,HL,HH,69.53,69.82,69.752,69.788,69.77,26486.0,0.0085904728976515,0.289999999999992,0.0041708614986335,14.0
HL_to_HH,2830,2831,2024-12-24 07:45:00,2024-12-24 07:54:00,HL,HH,69.72,69.82,69.752,69.788,69.77,26486.0,0.0085904728976515,0.0999999999999943,0.0014343086632242,9.0
HL_to_HH,2840,2841,2024-12-24 08:33:00,2024-12-24 08:36:00,HL,HH,69.76,69.88,69.824,69.86,69.842,18489.0,0.0059967248132854,0.1199999999999903,0.0017201834862383,3.0
HL_to_HH,2842,2843,2024-12-24 08:39:00,2024-12-24 08:46:00,HL,HH,69.84,69.92,69.824,69.86,69.842,18489.0,0.0059967248132854,0.0799999999999983,0.0011454753722794,7.0
HL_to_HH,2844,2845,2024-12-24 08:54:00,2024-12-24 09:04:00,HL,HH,69.84,70.26,69.824,69.86,69.842,18489.0,0.0059967248132854,0.4200000000000017,0.0060137457044673,10.0
HL_to_HH,2858,2859,2024-12-24 10:20:00,2024-12-24 10:34:00,HL,HH,70.25,70.41,70.364,70.4,70.382,38388.0,0.0124507692212885,0.1599999999999966,0.0022775800711742,14.0
HL_to_HH,2862,2863,2024-12-24 11:11:00,2024-12-24 11:22:00,HL,HH,70.14,70.33,70.292,70.328,70.31,38597.0,0.0125185563101509,0.1899999999999977,0.0027088679783289,11.0
HL_to_HH,2864,2865,2024-12-24 11:26:00,2024-12-24 11:33:00,HL,HH,70.28,70.35,70.292,70.328,70.31,38597.0,0.0125185563101509,0.0699999999999931,0.0009960159362549,7.0
HL_to_HH,2866,2867,2024-12-24 11:35:00,2024-12-24 11:50:00,HL,HH,70.3,70.36,70.292,70.328,70.31,38597.0,0.0125185563101509,0.0600000000000022,0.0008534850640113,15.0
HL_to_HH,2872,2873,2024-12-24 12:14:00,2024-12-24 12:16:00,HL,HH,70.12,70.19,70.112,70.148,70.13,35045.0,0.0113665001396284,0.0699999999999931,0.0009982886480317,2.0
HL_to_HH,2874,2875,2024-12-24 12:21:00,2024-12-24 12:24:00,HL,HH,70.13,70.22,70.112,70.148,70.13,35045.0,0.0113665001396284,0.0900000000000034,0.0012833309567945,3.0
HL_to_HH,2888,2889,2024-12-24 13:29:00,2024-12-24 13:41:00,HL,HH,70.05,70.23,70.112,70.148,70.13,35045.0,0.0113665001396284,0.1800000000000068,0.0025695931477516,12.0
HL_to_HH,2890,2891,2024-12-24 13:42:00,2024-12-25 18:02:00,HL,HH,70.16,70.28,70.184,70.22,70.202,40910.0,0.0132687550495705,0.1200000000000045,0.0017103762827823,1700.0
HL_to_HH,2894,2895,2024-12-25 18:15:00,2024-12-25 18:20:00,HL,HH,70.22,70.29,70.256,70.292,70.274,46051.0,0.0149361876995299,0.0700000000000073,0.0009968669894617,5.0
HL_to_HH,2900,2901,2024-12-25 19:33:00,2024-12-25 20:02:00,HL,HH,70.2,70.32,70.292,70.328,70.31,38597.0,0.0125185563101509,0.1199999999999903,0.0017094017094014,29.0
HL_to_HH,2902,2903,2024-12-25 20:08:00,2024-12-25 20:29:00,HL,HH,70.25,70.33,70.292,70.328,70.31,38597.0,0.0125185563101509,0.0799999999999983,0.0011387900355872,21.0
HL_to_HH,2922,2923,2024-12-26 02:00:00,2024-12-26 02:29:00,HL,HH,70.16,70.25,70.184,70.22,70.202,40910.0,0.0132687550495705,0.0900000000000034,0.0012827822120866,29.0
HL_to_HH,2926,2927,2024-12-26 03:04:00,2024-12-26 03:05:00,HL,HH,70.27,70.31,70.292,70.328,70.31,38597.0,0.0125185563101509,0.0400000000000062,0.0005692329585884,1.0
HL_to_HH,2930,2931,2024-12-26 03:31:00,2024-12-26 03:58:00,HL,HH,70.31,70.44,70.364,70.4,70.382,38388.0,0.0124507692212885,0.1299999999999954,0.0018489546294979,27.0
HL_to_HH,2932,2933,2024-12-26 03:59:00,2024-12-26 04:13:00,HL,HH,70.4,70.5,70.472,70.508,70.49,27649.0,0.0089676804782589,0.0999999999999943,0.0014204545454543,14.0
HL_to_HH,2934,2935,2024-12-26 04:27:00,2024-12-26 04:34:00,HL,HH,70.46,70.52,70.472,70.508,70.49,27649.0,0.0089676804782589,0.0600000000000022,0.0008515469770082,7.0
HL_to_HH,2936,2937,2024-12-26 04:45:00,2024-12-26 05:03:00,HL,HH,70.47,70.55,70.472,70.508,70.49,27649.0,0.0089676804782589,0.0799999999999983,0.0011352348517099,18.0
HL_to_HH,2940,2941,2024-12-26 05:47:00,2024-12-26 06:08:00,HL,HH,70.48,70.54,70.472,70.508,70.49,27649.0,0.0089676804782589,0.0600000000000022,0.0008513053348468,21.0
HL_to_HH,2948,2949,2024-12-26 07:28:00,2024-12-26 08:02:00,HL,HH,70.33,70.58,70.544,70.58,70.562,22352.0,0.0072496507667563,0.25,0.0035546708374805,34.0
HL_to_HH,2950,2951,2024-12-26 08:04:00,2024-12-26 08:11:00,HL,HH,70.54,70.64,70.544,70.58,70.562,22352.0,0.0072496507667563,0.0999999999999943,0.001417635384179,7.0
HL_to_HH,2952,2953,2024-12-26 08:14:00,2024-12-26 08:19:00,HL,HH,70.58,70.66,70.58,70.616,70.598,30655.0,0.0099426469333802,0.0799999999999983,0.0011334655709831,5.0
HL_to_HH,2954,2955,2024-12-26 08:22:00,2024-12-26 08:35:00,HL,HH,70.61,70.72,70.652,70.688,70.67,17524.0,0.0056837365800213,0.1099999999999994,0.0015578529953264,13.0
HL_to_HH,2960,2961,2024-12-26 09:14:00,2024-12-26 09:15:00,HL,HH,70.61,70.67,70.652,70.688,70.67,17524.0,0.0056837365800213,0.0600000000000022,0.0008497379974508,1.0
HL_to_HH,2962,2963,2024-12-26 09:17:00,2024-12-26 09:27:00,HL,HH,70.61,70.68,70.652,70.688,70.67,17524.0,0.0056837365800213,0.0700000000000073,0.000991360997026,10.0
HL_to_HH,2964,2965,2024-12-26 09:31:00,2024-12-26 09:34:00,HL,HH,70.62,70.7,70.652,70.688,70.67,17524.0,0.0056837365800213,0.0799999999999983,0.0011328235627301,3.0
HL_to_HH,2968,2969,2024-12-26 09:50:00,2024-12-26 09:51:00,HL,HH,70.61,70.65,70.616,70.652,70.634,31514.0,0.010221255112006,0.0400000000000062,0.0005664919983006,1.0
HL_to_HH,2978,2979,2024-12-26 10:58:00,2024-12-26 11:00:00,HL,HH,70.15,70.21,70.184,70.22,70.202,40910.0,0.0132687550495705,0.059999999999988,0.0008553100498929,2.0
HL_to_HH,2986,2987,2024-12-26 11:55:00,2024-12-26 12:00:00,HL,HH,69.95,70.03,69.932,69.968,69.95,25259.0,0.0081925075482058,0.0799999999999983,0.0011436740528949,5.0
HL_to_HH,2994,2995,2024-12-26 12:46:00,2024-12-26 13:00:00,HL,HH,69.87,69.93,69.86,69.896,69.878,31511.0,0.0102202820915917,0.0600000000000022,0.0008587376556461,14.0
HL_to_HH,2998,2999,2024-12-26 13:23:00,2024-12-26 13:25:00,HL,HH,69.69,69.74,69.716,69.752,69.734,36590.0,0.0118676056529891,0.0499999999999971,0.0007174630506527,2.0
HL_to_HH,3006,3007,2024-12-26 14:27:00,2024-12-26 14:28:00,HL,HH,69.42,69.69,69.644,69.68,69.662,26844.0,0.0087065866670904,0.269999999999996,0.0038893690579082,1.0
HL_to_HH,3014,3015,2024-12-26 15:12:00,2024-12-26 15:15:00,HL,HH,69.49,69.55,69.5,69.536,69.518,46165.0,0.0149731624752731,0.0600000000000022,0.0008634335875665,3.0
HL_to_HH,3022,3023,2024-12-26 18:16:00,2024-12-26 19:05:00,HL,HH,69.61,69.68,69.644,69.68,69.662,26844.0,0.0087065866670904,0.0700000000000073,0.0010056026432985,49.0
HL_to_HH,3028,3029,2024-12-26 20:39:00,2024-12-26 21:02:00,HL,HH,69.55,69.63,69.572,69.608,69.59,34880.0,0.0113129840168423,0.0799999999999983,0.0011502516175412,23.0
HL_to_HH,3032,3033,2024-12-26 21:13:00,2024-12-26 21:42:00,HL,HH,69.55,69.67,69.644,69.68,69.662,26844.0,0.0087065866670904,0.1200000000000045,0.0017253774263121,29.0
HL_to_HH,3050,3051,2024-12-27 02:06:00,2024-12-27 02:45:00,HL,HH,69.6,69.83,69.752,69.788,69.77,26486.0,0.0085904728976515,0.2300000000000039,0.0033045977011494,39.0
HL_to_HH,3052,3053,2024-12-27 02:49:00,2024-12-27 02:58:00,HL,HH,69.77,69.84,69.752,69.788,69.77,26486.0,0.0085904728976515,0.0700000000000073,0.0010032965457933,9.0
HL_to_HH,3056,3057,2024-12-27 03:19:00,2024-12-27 03:24:00,HL,HH,69.76,69.85,69.824,69.86,69.842,18489.0,0.0059967248132854,0.0899999999999892,0.0012901376146787,5.0
HL_to_HH,3060,3061,2024-12-27 03:35:00,2024-12-27 03:36:00,HL,HH,69.78,69.86,69.824,69.86,69.842,18489.0,0.0059967248132854,0.0799999999999983,0.001146460303812,1.0
HL_to_HH,3064,3065,2024-12-27 03:43:00,2024-12-27 03:47:00,HL,HH,69.8,69.88,69.824,69.86,69.842,18489.0,0.0059967248132854,0.0799999999999983,0.0011461318051575,4.0
HL_to_HH,3070,3071,2024-12-27 04:30:00,2024-12-27 04:38:00,HL,HH,69.77,69.87,69.824,69.86,69.842,18489.0,0.0059967248132854,0.1000000000000085,0.0014332807797048,8.0
HL_to_HH,3072,3073,2024-12-27 04:43:00,2024-12-27 04:55:00,HL,HH,69.8,69.95,69.824,69.86,69.842,18489.0,0.0059967248132854,0.1500000000000056,0.0021489971346706,12.0
HL_to_HH,3076,3077,2024-12-27 05:08:00,2024-12-27 05:29:00,HL,HH,69.82,69.98,69.824,69.86,69.842,18489.0,0.0059967248132854,0.1600000000000108,0.0022916069894014,21.0
HL_to_HH,3078,3079,2024-12-27 05:30:00,2024-12-27 06:09:00,HL,HH,69.87,70.24,69.932,69.968,69.95,25259.0,0.0081925075482058,0.3699999999999903,0.0052955488764847,39.0
HL_to_HH,3080,3081,2024-12-27 06:19:00,2024-12-27 06:28:00,HL,HH,70.17,70.3,70.184,70.22,70.202,40910.0,0.0132687550495705,0.1299999999999954,0.0018526435798773,9.0
HL_to_HH,3086,3087,2024-12-27 06:46:00,2024-12-27 06:52:00,HL,HH,70.21,70.25,70.22,70.256,70.238,56931.0,0.0184650084020312,0.0400000000000062,0.000569719413189,6.0
HL_to_HH,3090,3091,2024-12-27 07:18:00,2024-12-27 07:40:00,HL,HH,70.12,70.35,70.112,70.148,70.13,35045.0,0.0113665001396284,0.2299999999999897,0.0032800912721047,22.0
HL_to_HH,3092,3093,2024-12-27 07:45:00,2024-12-27 07:52:00,HL,HH,70.31,70.36,70.292,70.328,70.31,38597.0,0.0125185563101509,0.0499999999999971,0.0007111363959606,7.0
HL_to_HH,3098,3099,2024-12-27 08:15:00,2024-12-27 08:25:00,HL,HH,70.22,70.31,70.292,70.328,70.31,38597.0,0.0125185563101509,0.0900000000000034,0.0012816861293079,10.0
HL_to_HH,3110,3111,2024-12-27 09:08:00,2024-12-27 09:10:00,HL,HH,70.38,70.42,70.364,70.4,70.382,38388.0,0.0124507692212885,0.0400000000000062,0.0005683432793408,2.0
HL_to_HH,3114,3115,2024-12-27 09:24:00,2024-12-27 09:25:00,HL,HH,70.42,70.48,70.43599999999999,70.472,70.454,32672.0,0.0105968409919229,0.0600000000000022,0.0008520306731043,1.0
HL_to_HH,3116,3117,2024-12-27 09:26:00,2024-12-27 09:27:00,HL,HH,70.44,70.48,70.43599999999999,70.472,70.454,32672.0,0.0105968409919229,0.0400000000000062,0.0005678591709257,1.0
HL_to_HH,3120,3121,2024-12-27 09:46:00,2024-12-27 09:53:00,HL,HH,70.47,70.56,70.472,70.508,70.49,27649.0,0.0089676804782589,0.0900000000000034,0.0012771392081738,7.0
HL_to_HH,3132,3133,2024-12-27 10:42:00,2024-12-27 10:54:00,HL,HH,70.14,70.36,70.292,70.328,70.31,38597.0,0.0125185563101509,0.2199999999999988,0.0031365839749073,12.0
HL_to_HH,3134,3135,2024-12-27 11:04:00,2024-12-27 11:15:00,HL,HH,70.23,70.38,70.292,70.328,70.31,38597.0,0.0125185563101509,0.1499999999999914,0.002135839384878,11.0
HL_to_HH,3136,3137,2024-12-27 11:18:00,2024-12-27 11:27:00,HL,HH,70.28,70.49,70.472,70.508,70.49,27649.0,0.0089676804782589,0.2099999999999937,0.0029880478087649,9.0
HL_to_HH,3138,3139,2024-12-27 11:29:00,2024-12-27 11:31:00,HL,HH,70.42,70.51,70.472,70.508,70.49,27649.0,0.0089676804782589,0.0900000000000034,0.0012780460096564,2.0
HL_to_HH,3148,3149,2024-12-27 12:11:00,2024-12-27 12:13:00,HL,HH,70.18,70.23,70.184,70.22,70.202,40910.0,0.0132687550495705,0.0499999999999971,0.00071245369051,2.0
HL_to_HH,3154,3155,2024-12-27 12:44:00,2024-12-27 12:56:00,HL,HH,70.11,70.35,70.112,70.148,70.13,35045.0,0.0113665001396284,0.2399999999999948,0.003423192126658,12.0
HL_to_HH,3156,3157,2024-12-27 12:59:00,2024-12-27 13:03:00,HL,HH,70.27,70.4,70.364,70.4,70.382,38388.0,0.0124507692212885,0.1300000000000096,0.0018500071154121,4.0
HL_to_HH,3158,3159,2024-12-27 13:06:00,2024-12-27 13:14:00,HL,HH,70.36,70.53,70.472,70.508,70.49,27649.0,0.0089676804782589,0.1700000000000017,0.0024161455372371,8.0
HL_to_HH,3160,3161,2024-12-27 13:16:00,2024-12-27 13:20:00,HL,HH,70.49,70.6,70.544,70.58,70.562,22352.0,0.0072496507667563,0.1099999999999994,0.0015605050361753,4.0
HL_to_HH,3162,3163,2024-12-27 13:29:00,2024-12-27 13:36:00,HL,HH,70.52,70.63,70.544,70.58,70.562,22352.0,0.0072496507667563,0.1099999999999994,0.0015598411798072,7.0
HL_to_HH,3164,3165,2024-12-27 13:39:00,2024-12-27 13:44:00,HL,HH,70.59,70.64,70.58,70.616,70.598,30655.0,0.0099426469333802,0.0499999999999971,0.0007083156254426,5.0
HL_to_HH,3168,3169,2024-12-27 13:55:00,2024-12-27 13:59:00,HL,HH,70.61,70.65,70.616,70.652,70.634,31514.0,0.010221255112006,0.0400000000000062,0.0005664919983006,4.0
HL_to_HH,3176,3177,2024-12-27 16:05:00,2024-12-27 16:34:00,HL,HH,70.19,70.29,70.184,70.22,70.202,40910.0,0.0132687550495705,0.1000000000000085,0.0014247043738424,29.0
HL_to_HH,3182,3183,2024-12-29 18:23:00,2024-12-29 18:49:00,HL,HH,70.33,70.47,70.43599999999999,70.472,70.454,32672.0,0.0105968409919229,0.1400000000000005,0.001990615668989,26.0
HL_to_HH,3186,3187,2024-12-29 19:39:00,2024-12-29 19:54:00,HL,HH,70.39,70.48,70.43599999999999,70.472,70.454,32672.0,0.0105968409919229,0.0900000000000034,0.0012785907089074,15.0
HL_to_HH,3188,3189,2024-12-29 20:01:00,2024-12-29 20:08:00,HL,HH,70.44,70.55,70.472,70.508,70.49,27649.0,0.0089676804782589,0.1099999999999994,0.0015616127200455,7.0
HL_to_HH,3192,3193,2024-12-29 20:28:00,2024-12-29 20:30:00,HL,HH,70.5,70.57,70.544,70.58,70.562,22352.0,0.0072496507667563,0.0699999999999931,0.0009929078014183,2.0
HL_to_HH,3194,3195,2024-12-29 20:31:00,2024-12-29 20:49:00,HL,HH,70.53,70.71,70.652,70.688,70.67,17524.0,0.0056837365800213,0.1799999999999926,0.0025521054870267,18.0
HL_to_HH,3196,3197,2024-12-29 20:53:00,2024-12-29 21:00:00,HL,HH,70.66,70.74,70.652,70.688,70.67,17524.0,0.0056837365800213,0.0799999999999983,0.0011321822813472,7.0
HL_to_HH,3206,3207,2024-12-29 23:28:00,2024-12-30 00:19:00,HL,HH,70.61,70.72,70.652,70.688,70.67,17524.0,0.0056837365800213,0.1099999999999994,0.0015578529953264,51.0
HL_to_HH,3210,3211,2024-12-30 00:47:00,2024-12-30 01:14:00,HL,HH,70.62,70.67,70.652,70.688,70.67,17524.0,0.0056837365800213,0.0499999999999971,0.0007080147267062,27.0
HL_to_HH,3212,3213,2024-12-30 01:19:00,2024-12-30 01:34:00,HL,HH,70.63,70.67,70.652,70.688,70.67,17524.0,0.0056837365800213,0.0400000000000062,0.0005663315871442,15.0
HL_to_HH,3232,3233,2024-12-30 03:59:00,2024-12-30 04:25:00,HL,HH,70.23,70.68,70.652,70.688,70.67,17524.0,0.0056837365800213,0.4500000000000028,0.0064075181546348,26.0
HL_to_HH,3244,3245,2024-12-30 06:15:00,2024-12-30 06:23:00,HL,HH,70.46,70.57,70.544,70.58,70.562,22352.0,0.0072496507667563,0.1099999999999994,0.0015611694578483,8.0
HL_to_HH,3246,3247,2024-12-30 06:27:00,2024-12-30 06:41:00,HL,HH,70.51,70.67,70.652,70.688,70.67,17524.0,0.0056837365800213,0.1599999999999966,0.0022691816763578,14.0
HL_to_HH,3248,3249,2024-12-30 06:42:00,2024-12-30 06:53:00,HL,HH,70.59,70.72,70.652,70.688,70.67,17524.0,0.0056837365800213,0.1299999999999954,0.0018416206261508,11.0
HL_to_HH,3250,3251,2024-12-30 06:55:00,2024-12-30 07:16:00,HL,HH,70.68,70.96,70.904,70.94,70.922,8958.0,0.0029054389570777,0.2799999999999869,0.0039615166949629,21.0
HL_to_HH,3254,3255,2024-12-30 07:27:00,2024-12-30 07:36:00,HL,HH,70.87,70.98,70.904,70.94,70.922,8958.0,0.0029054389570777,0.1099999999999994,0.0015521377169465,9.0
HL_to_HH,3264,3265,2024-12-30 08:38:00,2024-12-30 08:50:00,HL,HH,70.94,71.01,70.976,71.012,70.994,13729.0,0.0044528657559411,0.0700000000000073,0.0009867493656612,12.0
HL_to_HH,3266,3267,2024-12-30 08:54:00,2024-12-30 08:56:00,HL,HH,70.97,71.05,71.012,71.048,71.03,13672.0,0.0044343783680696,0.0799999999999983,0.0011272368606454,2.0
HL_to_HH,3268,3269,2024-12-30 08:59:00,2024-12-30 09:03:00,HL,HH,70.97,71.11,71.084,71.12,71.102,11322.0,0.0036721790435403,0.1400000000000005,0.0019726645061293,4.0
HL_to_HH,3270,3271,2024-12-30 09:06:00,2024-12-30 09:09:00,HL,HH,71.05,71.19,71.084,71.12,71.102,11322.0,0.0036721790435403,0.1400000000000005,0.0019704433497536,3.0
HL_to_HH,3272,3273,2024-12-30 09:10:00,2024-12-30 09:12:00,HL,HH,71.15,71.19,71.15599999999999,71.192,71.17399999999999,14853.0,0.0048174240711628,0.039999999999992,0.0005621925509486,2.0
HL_to_HH,3274,3275,2024-12-30 09:13:00,2024-12-30 09:16:00,HL,HH,71.15,71.27,71.192,71.228,71.21,12670.0,0.0041093895496958,0.1199999999999903,0.0016865776528458,3.0
HL_to_HH,3276,3277,2024-12-30 09:19:00,2024-12-30 09:21:00,HL,HH,71.21,71.27,71.192,71.228,71.21,12670.0,0.0041093895496958,0.0600000000000022,0.000842578289566,2.0
HL_to_HH,3280,3281,2024-12-30 09:31:00,2024-12-30 09:32:00,HL,HH,71.14,71.2,71.15599999999999,71.192,71.17399999999999,14853.0,0.0048174240711628,0.0600000000000022,0.0008434073657577,1.0
HL_to_HH,3282,3283,2024-12-30 09:33:00,2024-12-30 09:36:00,HL,HH,71.16,71.24,71.192,71.228,71.21,12670.0,0.0041093895496958,0.0799999999999983,0.0011242270938729,3.0
HL_to_HH,3290,3291,2024-12-30 10:10:00,2024-12-30 10:14:00,HL,HH,71.07,71.17,71.084,71.12,71.102,11322.0,0.0036721790435403,0.1000000000000085,0.0014070634585621,4.0
HL_to_HH,3294,3295,2024-12-30 10:27:00,2024-12-30 10:32:00,HL,HH,71.18,71.33,71.192,71.228,71.21,12670.0,0.0041093895496958,0.1499999999999914,0.0021073335206518,5.0
HL_to_HH,3296,3297,2024-12-30 10:36:00,2024-12-30 10:40:00,HL,HH,71.22,71.42,71.372,71.408,71.39,6599.0,0.0021403205713056,0.2000000000000028,0.002808199943836,4.0
HL_to_HH,3302,3303,2024-12-30 11:01:00,2024-12-30 11:12:00,HL,HH,71.21,71.4,71.372,71.408,71.39,6599.0,0.0021403205713056,0.1900000000000119,0.0026681645836259,11.0
HL_to_HH,3308,3309,2024-12-30 11:57:00,2024-12-30 12:03:00,HL,HH,71.21,71.43,71.372,71.408,71.39,6599.0,0.0021403205713056,0.220000000000013,0.0030894537284091,6.0
HL_to_HH,3310,3311,2024-12-30 12:06:00,2024-12-30 12:10:00,HL,HH,71.39,71.54,71.444,71.48,71.462,3631.0,0.0011776790414321,0.1500000000000056,0.0021011346126909,4.0
HL_to_HH,3316,3317,2024-12-30 13:01:00,2024-12-30 13:05:00,HL,HH,71.26,71.33,71.3,71.336,71.318,12715.0,0.0041239848559102,0.0699999999999931,0.0009823182711197,4.0
HL_to_HH,3328,3329,2024-12-30 14:46:00,2024-12-30 15:28:00,HL,HH,70.88,71.26,70.904,70.94,70.922,8958.0,0.0029054389570777,0.3800000000000096,0.0053611738148986,42.0
HL_to_HH,3332,3333,2024-12-30 16:01:00,2024-12-30 16:35:00,HL,HH,71.12,71.18,71.15599999999999,71.192,71.17399999999999,14853.0,0.0048174240711628,0.0600000000000022,0.0008436445444319,34.0
HL_to_HH,3338,3339,2024-12-30 19:35:00,2024-12-30 20:06:00,HL,HH,71.2,71.4,71.372,71.408,71.39,6599.0,0.0021403205713056,0.2000000000000028,0.002808988764045,31.0
HL_to_HH,3346,3347,2024-12-30 21:36:00,2024-12-30 21:40:00,HL,HH,71.39,71.45,71.372,71.408,71.39,6599.0,0.0021403205713056,0.0600000000000022,0.0008404538450763,4.0
HL_to_HH,3354,3355,2024-12-30 23:00:00,2024-12-30 23:08:00,HL,HH,71.34,71.42,71.372,71.408,71.39,6599.0,0.0021403205713056,0.0799999999999983,0.0011213905242499,8.0
HL_to_HH,3356,3357,2024-12-30 23:20:00,2024-12-30 23:29:00,HL,HH,71.37,71.63,71.444,71.48,71.462,3631.0,0.0011776790414321,0.2599999999999909,0.0036429872495444,9.0
HL_to_HH,3358,3359,2024-12-30 23:32:00,2024-12-30 23:47:00,HL,HH,71.57,71.66,71.55199999999999,71.588,71.57,4017.0,0.0013028743347378,0.0900000000000034,0.0012575101299427,15.0
HL_to_HH,3364,3365,2024-12-31 01:00:00,2024-12-31 01:06:00,HL,HH,71.59,71.68,71.624,71.66,71.642,4407.0,0.0014293669885958,0.0900000000000034,0.0012571588210643,6.0
HL_to_HH,3366,3367,2024-12-31 01:07:00,2024-12-31 01:21:00,HL,HH,71.63,71.7,71.624,71.66,71.642,4407.0,0.0014293669885958,0.0700000000000073,0.0009772441714366,14.0
HL_to_HH,3368,3369,2024-12-31 01:36:00,2024-12-31 01:53:00,HL,HH,71.64,71.73,71.696,71.732,71.714,3688.0,0.0011961664293037,0.0900000000000034,0.0012562814070351,17.0
HL_to_HH,3382,3383,2024-12-31 03:56:00,2024-12-31 04:00:00,HL,HH,71.51,71.64,71.55199999999999,71.588,71.57,4017.0,0.0013028743347378,0.1299999999999954,0.0018179275625787,4.0
HL_to_HH,3398,3399,2024-12-31 05:19:00,2024-12-31 05:26:00,HL,HH,71.49,71.53,71.47999999999999,71.51599999999999,71.49799999999999,10069.0,0.0032657808505041,0.0400000000000062,0.0005595188138201,7.0
HL_to_HH,3404,3405,2024-12-31 06:06:00,2024-12-31 06:12:00,HL,HH,71.54,71.65,71.55199999999999,71.588,71.57,4017.0,0.0013028743347378,0.1099999999999994,0.0015376013419066,6.0
HL_to_HH,3408,3409,2024-12-31 06:44:00,2024-12-31 06:57:00,HL,HH,71.49,71.62,71.55199999999999,71.588,71.57,4017.0,0.0013028743347378,0.1300000000000096,0.0018184361449156,13.0
HL_to_HH,3410,3411,2024-12-31 07:04:00,2024-12-31 07:12:00,HL,HH,71.54,71.7,71.55199999999999,71.588,71.57,4017.0,0.0013028743347378,0.1599999999999966,0.0022365110427731,8.0
HL_to_HH,3424,3425,2024-12-31 08:04:00,2024-12-31 08:05:00,HL,HH,70.96,71.01,70.976,71.012,70.994,13729.0,0.0044528657559411,0.0500000000000113,0.0007046223224353,1.0
HL_to_HH,3430,3431,2024-12-31 08:18:00,2024-12-31 08:27:00,HL,HH,70.9,71.06,70.904,70.94,70.922,8958.0,0.0029054389570777,0.1599999999999966,0.0022566995768686,9.0
HL_to_HH,3432,3433,2024-12-31 08:30:00,2024-12-31 08:37:00,HL,HH,70.98,71.09,71.048,71.084,71.066,11841.0,0.003840511575213,0.1099999999999994,0.001549732318963,7.0
HL_to_HH,3438,3439,2024-12-31 09:12:00,2024-12-31 09:15:00,HL,HH,71.47,71.52,71.47999999999999,71.51599999999999,71.49799999999999,10069.0,0.0032657808505041,0.0499999999999971,0.0006995942353433,3.0
HL_to_HH,3448,3449,2024-12-31 10:11:00,2024-12-31 10:19:00,HL,HH,71.42,71.65,71.444,71.48,71.462,3631.0,0.0011776790414321,0.2300000000000039,0.0032203864463735,8.0
HL_to_HH,3454,3455,2024-12-31 10:48:00,2024-12-31 10:57:00,HL,HH,71.57,71.7,71.55199999999999,71.588,71.57,4017.0,0.0013028743347378,0.1300000000000096,0.0018164035210284,9.0
HL_to_HH,3456,3457,2024-12-31 11:01:00,2024-12-31 11:09:00,HL,HH,71.6,71.77,71.696,71.732,71.714,3688.0,0.0011961664293037,0.1700000000000017,0.0023743016759776,8.0
HL_to_HH,3458,3459,2024-12-31 11:12:00,2024-12-31 11:17:00,HL,HH,71.7,71.81,71.696,71.732,71.714,3688.0,0.0011961664293037,0.1099999999999994,0.001534170153417,5.0
HL_to_HH,3460,3461,2024-12-31 11:24:00,2024-12-31 11:36:00,HL,HH,71.74,71.81,71.732,71.768,71.75,5650.0,0.0018325217802511,0.0700000000000073,0.0009757457485364,12.0
HL_to_HH,3466,3467,2024-12-31 12:11:00,2024-12-31 12:19:00,HL,HH,71.66,71.79,71.696,71.732,71.714,3688.0,0.0011961664293037,0.1300000000000096,0.0018141222439298,8.0
HL_to_HH,3468,3469,2024-12-31 12:23:00,2024-12-31 12:26:00,HL,HH,71.74,71.83,71.732,71.768,71.75,5650.0,0.0018325217802511,0.0900000000000034,0.0012545302481181,3.0
HL_to_HH,3472,3473,2024-12-31 12:48:00,2024-12-31 13:24:00,HL,HH,71.76,72.0,71.91199999999999,71.948,71.92999999999999,1387.0,0.0004498597715412,0.2399999999999948,0.0033444816053511,36.0
HL_to_HH,3476,3477,2024-12-31 13:53:00,2024-12-31 13:56:00,HL,HH,71.78,71.88,71.84,71.876,71.858,2807.0,0.0009104227676398,0.0999999999999943,0.0013931457230424,3.0
HL_to_HH,3480,3481,2024-12-31 14:15:00,2024-12-31 14:22:00,HL,HH,71.81,71.91,71.87599999999999,71.91199999999999,71.89399999999999,2605.0,0.0008449060597441,0.0999999999999943,0.0013925637097895,7.0
HL_to_HH,3486,3487,2024-12-31 14:47:00,2024-12-31 14:58:00,HL,HH,71.81,71.93,71.91199999999999,71.948,71.92999999999999,1387.0,0.0004498597715412,0.1200000000000045,0.0016710764517477,11.0
HL_to_HH,3492,3493,2024-12-31 16:30:00,2024-12-31 16:43:00,HL,HH,71.75,71.85,71.732,71.768,71.75,5650.0,0.0018325217802511,0.0999999999999943,0.0013937282229963,13.0
HL_to_HH,3494,3495,2024-12-31 16:47:00,2024-12-31 16:59:00,HL,HH,71.8,71.87,71.84,71.876,71.858,2807.0,0.0009104227676398,0.0700000000000073,0.0009749303621171,12.0
LH_to_LL,15,16,2024-12-01 19:21:00,2024-12-01 20:04:00,LH,LL,68.3,67.99,68.132,68.168,68.15,16084.0,0.0052166867811608,-0.3100000000000023,-0.0045387994143485,43.0
LH_to_LL,29,30,2024-12-01 21:51:00,2024-12-01 22:24:00,LH,LL,68.46,68.35,68.384,68.42,68.402,22930.0,0.0074371193665766,-0.1099999999999994,-0.0016067776803972,33.0
LH_to_LL,31,32,2024-12-01 22:37:00,2024-12-01 23:14:00,LH,LL,68.43,68.32,68.384,68.42,68.402,22930.0,0.0074371193665766,-0.1100000000000136,-0.001607482098495,37.0
LH_to_LL,33,34,2024-12-01 23:39:00,2024-12-01 23:50:00,LH,LL,68.38,68.3,68.312,68.348,68.33,23572.0,0.0076453457352353,-0.0799999999999983,-0.0011699327288681,11.0
LH_to_LL,41,42,2024-12-02 01:27:00,2024-12-02 01:31:00,LH,LL,68.53,68.47,68.492,68.528,68.51,23472.0,0.0076129117214255,-0.0600000000000022,-0.0008755289654166,4.0
LH_to_LL,45,46,2024-12-02 02:01:00,2024-12-02 02:05:00,LH,LL,68.61,68.52,68.528,68.56400000000001,68.546,40129.0,0.0130154454017163,-0.0900000000000034,-0.0013117621337997,4.0
LH_to_LL,51,52,2024-12-02 02:51:00,2024-12-02 03:03:00,LH,LL,68.57,68.35,68.384,68.42,68.402,22930.0,0.0074371193665766,-0.2199999999999988,-0.0032084001750036,12.0
LH_to_LL,59,60,2024-12-02 03:37:00,2024-12-02 03:41:00,LH,LL,68.7,68.51,68.492,68.528,68.51,23472.0,0.0076129117214255,-0.1899999999999977,-0.0027656477438136,4.0
LH_to_LL,83,84,2024-12-02 05:11:00,2024-12-02 05:19:00,LH,LL,68.73,68.59,68.672,68.708,68.69,32116.0,0.0104165078751407,-0.1400000000000005,-0.0020369562054416,8.0
LH_to_LL,85,86,2024-12-02 05:23:00,2024-12-02 05:33:00,LH,LL,68.68,68.54,68.6,68.636,68.618,35737.0,0.0115909435151919,-0.1400000000000005,-0.0020384391380314,10.0
LH_to_LL,99,100,2024-12-02 07:33:00,2024-12-02 07:51:00,LH,LL,68.86,68.66,68.672,68.708,68.69,32116.0,0.0104165078751407,-0.2000000000000028,-0.0029044437990125,18.0
LH_to_LL,121,122,2024-12-02 09:36:00,2024-12-02 09:45:00,LH,LL,68.63,68.35,68.384,68.42,68.402,22930.0,0.0074371193665766,-0.2800000000000011,-0.0040798484627714,9.0
LH_to_LL,123,124,2024-12-02 09:49:00,2024-12-02 09:53:00,LH,LL,68.42,68.29,68.384,68.42,68.402,22930.0,0.0074371193665766,-0.1299999999999954,-0.0019000292312189,4.0
LH_to_LL,125,126,2024-12-02 09:54:00,2024-12-02 09:57:00,LH,LL,68.35,68.2,68.24000000000001,68.27600000000001,68.25800000000001,16194.0,0.0052523641963516,-0.1499999999999914,-0.002194586686174,3.0
LH_to_LL,137,138,2024-12-02 10:42:00,2024-12-02 10:47:00,LH,LL,68.45,68.3,68.384,68.42,68.402,22930.0,0.0074371193665766,-0.1500000000000056,-0.0021913805697589,5.0
LH_to_LL,139,140,2024-12-02 10:49:00,2024-12-02 10:52:00,LH,LL,68.37,68.29,68.312,68.348,68.33,23572.0,0.0076453457352353,-0.0799999999999983,-0.0011701038467163,3.0
LH_to_LL,143,144,2024-12-02 11:07:00,2024-12-02 11:13:00,LH,LL,68.46,68.29,68.384,68.42,68.402,22930.0,0.0074371193665766,-0.1699999999999875,-0.0024832018697047,6.0
LH_to_LL,145,146,2024-12-02 11:15:00,2024-12-02 11:28:00,LH,LL,68.35,67.9,67.952,67.988,67.97,12689.0,0.0041155520123197,-0.4499999999999886,-0.0065837600585221,13.0
LH_to_LL,147,148,2024-12-02 11:31:00,2024-12-02 11:44:00,LH,LL,68.1,67.83,67.88,67.916,67.898,8796.0,0.0028528958547059,-0.269999999999996,-0.003964757709251,13.0
LH_to_LL,149,150,2024-12-02 11:48:00,2024-12-02 12:04:00,LH,LL,67.96,67.74,67.772,67.808,67.79,3016.0,0.0009782098565021,-0.2199999999999988,-0.0032371983519717,16.0
LH_to_LL,161,162,2024-12-02 13:10:00,2024-12-02 13:24:00,LH,LL,68.05,67.93,67.952,67.988,67.97,12689.0,0.0041155520123197,-0.1199999999999903,-0.0017634092578984,14.0
LH_to_LL,163,164,2024-12-02 13:27:00,2024-12-02 13:36:00,LH,LL,67.97,67.86,67.88,67.916,67.898,8796.0,0.0028528958547059,-0.1099999999999994,-0.001618361041636,9.0
LH_to_LL,165,166,2024-12-02 13:38:00,2024-12-02 13:43:00,LH,LL,67.9,67.82,67.808,67.84400000000001,67.82600000000001,7393.0,0.0023978466409551,-0.0800000000000125,-0.0011782032400591,5.0
LH_to_LL,187,188,2024-12-02 20:37:00,2024-12-02 20:39:00,LH,LL,68.09,68.03,68.024,68.06,68.042,20101.0,0.0065195611158987,-0.0600000000000022,-0.0008811866647084,2.0
LH_to_LL,191,192,2024-12-02 20:55:00,2024-12-02 21:04:00,LH,LL,68.07,67.94,67.952,67.988,67.97,12689.0,0.0041155520123197,-0.1299999999999954,-0.0019097987365945,9.0
LH_to_LL,209,210,2024-12-02 23:51:00,2024-12-03 00:13:00,LH,LL,68.21,68.12,68.132,68.168,68.15,16084.0,0.0052166867811608,-0.0899999999999892,-0.0013194546254213,22.0
LH_to_LL,245,246,2024-12-03 05:53:00,2024-12-03 05:58:00,LH,LL,68.84,68.66,68.672,68.708,68.69,32116.0,0.0104165078751407,-0.1800000000000068,-0.0026147588611273,5.0
LH_to_LL,263,264,2024-12-03 08:22:00,2024-12-03 08:24:00,LH,LL,69.18,69.09,69.104,69.14,69.122,22184.0,0.0071951616235559,-0.0900000000000034,-0.0013009540329576,2.0
LH_to_LL,279,280,2024-12-03 09:23:00,2024-12-03 09:25:00,LH,LL,69.15,69.09,69.104,69.14,69.122,22184.0,0.0071951616235559,-0.0600000000000022,-0.0008676789587852,2.0
LH_to_LL,281,282,2024-12-03 09:29:00,2024-12-03 09:38:00,LH,LL,69.14,68.75,69.032,69.068,69.05,20312.0,0.0065879968850373,-0.3900000000000005,-0.0056407289557419,9.0
LH_to_LL,285,286,2024-12-03 09:47:00,2024-12-03 09:53:00,LH,LL,69.01,68.87,68.96000000000001,68.99600000000001,68.97800000000001,23114.0,0.0074967979519866,-0.1400000000000005,-0.0020286914939864,6.0
LH_to_LL,305,306,2024-12-03 11:07:00,2024-12-03 11:09:00,LH,LL,69.73,69.57,69.644,69.68,69.662,26844.0,0.0087065866670904,-0.1600000000000108,-0.0022945647497492,2.0
LH_to_LL,313,314,2024-12-03 11:44:00,2024-12-03 11:47:00,LH,LL,70.06,69.97,70.004,70.04,70.022,35100.0,0.0113843388472237,-0.0900000000000034,-0.0012846131886954,3.0
LH_to_LL,323,324,2024-12-03 12:38:00,2024-12-03 12:42:00,LH,LL,70.18,70.07,70.112,70.148,70.13,35045.0,0.0113665001396284,-0.1100000000000136,-0.0015673981191224,4.0
LH_to_LL,325,326,2024-12-03 12:44:00,2024-12-03 12:47:00,LH,LL,70.11,69.96,70.004,70.04,70.022,35100.0,0.0113843388472237,-0.1500000000000056,-0.0021394950791614,3.0
LH_to_LL,327,328,2024-12-03 12:49:00,2024-12-03 12:55:00,LH,LL,70.01,69.94,69.932,69.968,69.95,25259.0,0.0081925075482058,-0.0700000000000073,-0.0009998571632624,6.0
LH_to_LL,329,330,2024-12-03 12:58:00,2024-12-03 13:01:00,LH,LL,69.99,69.91,69.932,69.968,69.95,25259.0,0.0081925075482058,-0.0799999999999983,-0.0011430204314901,3.0
LH_to_LL,331,332,2024-12-03 13:03:00,2024-12-03 13:11:00,LH,LL,69.98,69.78,69.824,69.86,69.842,18489.0,0.0059967248132854,-0.2000000000000028,-0.0028579594169763,8.0
LH_to_LL,343,344,2024-12-03 13:54:00,2024-12-03 13:55:00,LH,LL,70.1,70.04,70.076,70.112,70.094,38912.0,0.0126207234536516,-0.059999999999988,-0.0008559201141224,1.0
LH_to_LL,349,350,2024-12-03 14:18:00,2024-12-03 14:22:00,LH,LL,70.1,70.02,70.004,70.04,70.022,35100.0,0.0113843388472237,-0.0799999999999983,-0.0011412268188302,4.0
LH_to_LL,351,352,2024-12-03 14:25:00,2024-12-03 14:29:00,LH,LL,70.09,69.9,69.932,69.968,69.95,25259.0,0.0081925075482058,-0.1899999999999977,-0.0027108003994863,4.0
LH_to_LL,357,358,2024-12-03 15:29:00,2024-12-03 15:32:00,LH,LL,70.06,69.98,70.004,70.04,70.022,35100.0,0.0113843388472237,-0.0799999999999983,-0.0011418783899515,3.0
LH_to_LL,359,360,2024-12-03 15:46:00,2024-12-03 16:12:00,LH,LL,70.02,69.94,69.932,69.968,69.95,25259.0,0.0081925075482058,-0.0799999999999983,-0.0011425307055127,26.0
LH_to_LL,361,362,2024-12-03 16:19:00,2024-12-03 16:32:00,LH,LL,69.98,69.89,69.932,69.968,69.95,25259.0,0.0081925075482058,-0.0900000000000034,-0.0012860817376393,13.0
LH_to_LL,369,370,2024-12-03 19:07:00,2024-12-03 19:44:00,LH,LL,70.07,69.96,70.004,70.04,70.022,35100.0,0.0113843388472237,-0.1099999999999994,-0.0015698587127158,37.0
LH_to_LL,371,372,2024-12-03 19:55:00,2024-12-03 20:09:00,LH,LL,70.0,69.95,69.932,69.968,69.95,25259.0,0.0081925075482058,-0.0499999999999971,-0.0007142857142856,14.0
LH_to_LL,385,386,2024-12-03 21:59:00,2024-12-03 22:07:00,LH,LL,70.01,69.95,69.932,69.968,69.95,25259.0,0.0081925075482058,-0.0600000000000022,-0.0008570204256534,8.0
LH_to_LL,411,412,2024-12-04 02:37:00,2024-12-04 02:56:00,LH,LL,70.17,70.06,70.112,70.148,70.13,35045.0,0.0113665001396284,-0.1099999999999994,-0.0015676214906654,19.0
LH_to_LL,413,414,2024-12-04 03:04:00,2024-12-04 03:17:00,LH,LL,70.13,69.99,70.112,70.148,70.13,35045.0,0.0113665001396284,-0.1400000000000005,-0.0019962925994581,13.0
LH_to_LL,421,422,2024-12-04 03:43:00,2024-12-04 03:55:00,LH,LL,70.05,69.88,69.932,69.968,69.95,25259.0,0.0081925075482058,-0.1700000000000017,-0.0024268379728765,12.0
LH_to_LL,425,426,2024-12-04 04:16:00,2024-12-04 04:18:00,LH,LL,70.07,69.96,70.004,70.04,70.022,35100.0,0.0113843388472237,-0.1099999999999994,-0.0015698587127158,2.0
LH_to_LL,433,434,2024-12-04 05:14:00,2024-12-04 05:16:00,LH,LL,70.36,70.31,70.292,70.328,70.31,38597.0,0.0125185563101509,-0.0499999999999971,-0.0007106310403638,2.0
LH_to_LL,447,448,2024-12-04 05:58:00,2024-12-04 06:05:00,LH,LL,70.28,70.19,70.184,70.22,70.202,40910.0,0.0132687550495705,-0.0900000000000034,-0.0012805919180421,7.0
LH_to_LL,449,450,2024-12-04 06:11:00,2024-12-04 06:17:00,LH,LL,70.25,70.1,70.112,70.148,70.13,35045.0,0.0113665001396284,-0.1500000000000056,-0.0021352313167261,6.0
LH_to_LL,451,452,2024-12-04 06:23:00,2024-12-04 06:32:00,LH,LL,70.18,70.04,70.112,70.148,70.13,35045.0,0.0113665001396284,-0.1400000000000005,-0.0019948703334283,9.0
LH_to_LL,459,460,2024-12-04 07:15:00,2024-12-04 07:17:00,LH,LL,69.91,69.8,69.824,69.86,69.842,18489.0,0.0059967248132854,-0.1099999999999994,-0.0015734515806036,2.0
LH_to_LL,461,462,2024-12-04 07:18:00,2024-12-04 07:22:00,LH,LL,69.84,69.79,69.788,69.824,69.806,29710.0,0.009636145502878,-0.0499999999999971,-0.0007159221076746,4.0
LH_to_LL,469,470,2024-12-04 08:06:00,2024-12-04 08:11:00,LH,LL,70.06,70.0,70.004,70.04,70.022,35100.0,0.0113843388472237,-0.0600000000000022,-0.0008564087924636,5.0
LH_to_LL,473,474,2024-12-04 08:25:00,2024-12-04 08:34:00,LH,LL,70.1,69.95,69.932,69.968,69.95,25259.0,0.0081925075482058,-0.1499999999999914,-0.0021398002853065,9.0
LH_to_LL,493,494,2024-12-04 09:55:00,2024-12-04 10:07:00,LH,LL,70.15,69.87,69.932,69.968,69.95,25259.0,0.0081925075482058,-0.2800000000000011,-0.003991446899501,12.0
LH_to_LL,495,496,2024-12-04 10:08:00,2024-12-04 10:09:00,LH,LL,69.91,69.86,69.86,69.896,69.878,31511.0,0.0102202820915917,-0.0499999999999971,-0.0007152052639106,1.0
LH_to_LL,501,502,2024-12-04 10:36:00,2024-12-04 10:40:00,LH,LL,69.9,69.81,69.824,69.86,69.842,18489.0,0.0059967248132854,-0.0900000000000034,-0.0012875536480687,4.0
LH_to_LL,503,504,2024-12-04 10:43:00,2024-12-04 10:48:00,LH,LL,69.88,69.66,69.824,69.86,69.842,18489.0,0.0059967248132854,-0.2199999999999988,-0.0031482541499713,5.0
LH_to_LL,509,510,2024-12-04 11:03:00,2024-12-04 11:24:00,LH,LL,69.88,69.47,69.824,69.86,69.842,18489.0,0.0059967248132854,-0.4099999999999966,-0.0058672009158556,21.0
LH_to_LL,515,516,2024-12-04 11:58:00,2024-12-04 12:11:00,LH,LL,69.48,69.25,69.392,69.428,69.41,33539.0,0.0108780438916535,-0.2300000000000039,-0.0033103051237767,13.0
LH_to_LL,521,522,2024-12-04 12:27:00,2024-12-04 12:32:00,LH,LL,69.34,69.23,69.212,69.248,69.23,22789.0,0.0073913874071049,-0.1099999999999994,-0.0015863859244303,5.0
LH_to_LL,531,532,2024-12-04 13:07:00,2024-12-04 13:16:00,LH,LL,68.83,68.64,68.672,68.708,68.69,32116.0,0.0104165078751407,-0.1899999999999977,-0.0027604242336189,9.0
LH_to_LL,535,536,2024-12-04 13:27:00,2024-12-04 13:34:00,LH,LL,68.82,68.59,68.672,68.708,68.69,32116.0,0.0104165078751407,-0.2299999999999897,-0.0033420517291483,7.0
LH_to_LL,539,540,2024-12-04 13:43:00,2024-12-04 13:46:00,LH,LL,68.65,68.57,68.6,68.636,68.618,35737.0,0.0115909435151919,-0.0800000000000125,-0.0011653313911145,3.0
LH_to_LL,555,556,2024-12-04 15:31:00,2024-12-04 15:47:00,LH,LL,68.89,68.81,68.852,68.888,68.87,34524.0,0.0111975189276796,-0.0799999999999983,-0.0011612715923936,16.0
LH_to_LL,557,558,2024-12-04 15:54:00,2024-12-04 16:31:00,LH,LL,68.85,68.63,68.672,68.708,68.69,32116.0,0.0104165078751407,-0.2199999999999988,-0.00319535221496,37.0
LH_to_LL,565,566,2024-12-04 20:22:00,2024-12-04 20:28:00,LH,LL,68.71,68.62,68.672,68.708,68.69,32116.0,0.0104165078751407,-0.0899999999999892,-0.0013098530053847,6.0
LH_to_LL,575,576,2024-12-04 21:42:00,2024-12-04 22:22:00,LH,LL,68.62,68.47,68.492,68.528,68.51,23472.0,0.0076129117214255,-0.1500000000000056,-0.0021859516176042,40.0
LH_to_LL,581,582,2024-12-05 00:37:00,2024-12-05 00:53:00,LH,LL,68.58,68.5,68.492,68.528,68.51,23472.0,0.0076129117214255,-0.0799999999999983,-0.0011665208515602,16.0
LH_to_LL,583,584,2024-12-05 00:56:00,2024-12-05 01:06:00,LH,LL,68.54,68.48,68.492,68.528,68.51,23472.0,0.0076129117214255,-0.0600000000000022,-0.0008754012255617,10.0
LH_to_LL,585,586,2024-12-05 01:15:00,2024-12-05 01:28:00,LH,LL,68.52,68.46,68.492,68.528,68.51,23472.0,0.0076129117214255,-0.0600000000000022,-0.0008756567425569,13.0
LH_to_LL,589,590,2024-12-05 02:24:00,2024-12-05 02:43:00,LH,LL,68.66,68.47,68.492,68.528,68.51,23472.0,0.0076129117214255,-0.1899999999999977,-0.0027672589571803,19.0
LH_to_LL,605,606,2024-12-05 03:56:00,2024-12-05 04:04:00,LH,LL,68.79,68.66,68.672,68.708,68.69,32116.0,0.0104165078751407,-0.1300000000000096,-0.0018898095653439,8.0
LH_to_LL,609,610,2024-12-05 04:20:00,2024-12-05 04:23:00,LH,LL,68.73,68.68,68.672,68.708,68.69,32116.0,0.0104165078751407,-0.0499999999999971,-0.0007274843590862,3.0
LH_to_LL,617,618,2024-12-05 04:54:00,2024-12-05 05:02:00,LH,LL,68.94,68.79,68.852,68.888,68.87,34524.0,0.0111975189276796,-0.1499999999999914,-0.0021758050478676,8.0
LH_to_LL,619,620,2024-12-05 05:06:00,2024-12-05 05:11:00,LH,LL,68.84,68.73,68.744,68.78,68.762,33877.0,0.0109876708583304,-0.1099999999999994,-0.001597908192911,5.0
LH_to_LL,635,636,2024-12-05 06:44:00,2024-12-05 06:47:00,LH,LL,68.35,68.22,68.24000000000001,68.27600000000001,68.25800000000001,16194.0,0.0052523641963516,-0.1299999999999954,-0.0019019751280174,3.0
LH_to_LL,637,638,2024-12-05 06:49:00,2024-12-05 06:52:00,LH,LL,68.32,68.17,68.24000000000001,68.27600000000001,68.25800000000001,16194.0,0.0052523641963516,-0.1499999999999914,-0.0021955503512879,3.0
LH_to_LL,639,640,2024-12-05 06:53:00,2024-12-05 06:56:00,LH,LL,68.21,68.02,68.132,68.168,68.15,16084.0,0.0052166867811608,-0.1899999999999977,-0.0027855153203342,3.0
LH_to_LL,657,658,2024-12-05 07:45:00,2024-12-05 07:51:00,LH,LL,68.68,68.52,68.6,68.636,68.618,35737.0,0.0115909435151919,-0.1600000000000108,-0.0023296447291789,6.0
LH_to_LL,659,660,2024-12-05 07:54:00,2024-12-05 07:58:00,LH,LL,68.58,68.49,68.492,68.528,68.51,23472.0,0.0076129117214255,-0.0900000000000034,-0.0013123359580052,4.0
LH_to_LL,671,672,2024-12-05 09:01:00,2024-12-05 09:05:00,LH,LL,69.05,68.88,69.032,69.068,69.05,20312.0,0.0065879968850373,-0.1700000000000017,-0.0024619840695149,4.0
LH_to_LL,687,688,2024-12-05 10:05:00,2024-12-05 10:20:00,LH,LL,68.94,68.72,68.744,68.78,68.762,33877.0,0.0109876708583304,-0.2199999999999988,-0.0031911807368726,15.0
LH_to_LL,691,692,2024-12-05 10:34:00,2024-12-05 10:37:00,LH,LL,68.82,68.64,68.672,68.708,68.69,32116.0,0.0104165078751407,-0.1799999999999926,-0.0026155187445509,3.0
LH_to_LL,693,694,2024-12-05 10:39:00,2024-12-05 10:43:00,LH,LL,68.71,68.51,68.492,68.528,68.51,23472.0,0.0076129117214255,-0.1999999999999886,-0.0029107844564107,4.0
LH_to_LL,699,700,2024-12-05 11:06:00,2024-12-05 11:07:00,LH,LL,68.78,68.71,68.744,68.78,68.762,33877.0,0.0109876708583304,-0.0700000000000073,-0.001017737714452,1.0
LH_to_LL,701,702,2024-12-05 11:10:00,2024-12-05 11:27:00,LH,LL,68.77,68.27,68.384,68.42,68.402,22930.0,0.0074371193665766,-0.5,-0.007270612185546,17.0
LH_to_LL,703,704,2024-12-05 11:31:00,2024-12-05 11:33:00,LH,LL,68.39,68.26,68.312,68.348,68.33,23572.0,0.0076453457352353,-0.1299999999999954,-0.0019008626992249,2.0
LH_to_LL,705,706,2024-12-05 11:35:00,2024-12-05 11:36:00,LH,LL,68.3,68.24,68.24000000000001,68.27600000000001,68.25800000000001,16194.0,0.0052523641963516,-0.0600000000000022,-0.0008784773060029,1.0
LH_to_LL,715,716,2024-12-05 12:19:00,2024-12-05 12:20:00,LH,LL,68.48,68.42,68.456,68.492,68.474,23533.0,0.0076326964698495,-0.0600000000000022,-0.0008761682242991,1.0
LH_to_LL,719,720,2024-12-05 12:38:00,2024-12-05 12:45:00,LH,LL,68.42,68.24,68.24000000000001,68.27600000000001,68.25800000000001,16194.0,0.0052523641963516,-0.1800000000000068,-0.0026308097047648,7.0
LH_to_LL,721,722,2024-12-05 12:50:00,2024-12-05 13:02:00,LH,LL,68.34,68.21,68.24000000000001,68.27600000000001,68.25800000000001,16194.0,0.0052523641963516,-0.1300000000000096,-0.0019022534386889,12.0
LH_to_LL,733,734,2024-12-05 13:55:00,2024-12-05 14:10:00,LH,LL,68.58,68.35,68.384,68.42,68.402,22930.0,0.0074371193665766,-0.2300000000000039,-0.0033537474482356,15.0
LH_to_LL,735,736,2024-12-05 14:13:00,2024-12-05 14:28:00,LH,LL,68.46,68.27,68.384,68.42,68.402,22930.0,0.0074371193665766,-0.1899999999999977,-0.0027753432661408,15.0
LH_to_LL,741,742,2024-12-05 15:48:00,2024-12-05 16:04:00,LH,LL,68.52,68.42,68.492,68.528,68.51,23472.0,0.0076129117214255,-0.0999999999999943,-0.0014594279042614,16.0
LH_to_LL,747,748,2024-12-05 16:59:00,2024-12-05 18:09:00,LH,LL,68.45,68.37,68.384,68.42,68.402,22930.0,0.0074371193665766,-0.0799999999999983,-0.0011687363038713,70.0
LH_to_LL,755,756,2024-12-05 19:45:00,2024-12-05 19:59:00,LH,LL,68.45,68.39,68.384,68.42,68.402,22930.0,0.0074371193665766,-0.0600000000000022,-0.0008765522279036,14.0
LH_to_LL,757,758,2024-12-05 20:00:00,2024-12-05 21:01:00,LH,LL,68.44,68.02,68.132,68.168,68.15,16084.0,0.0052166867811608,-0.4200000000000017,-0.0061367621274108,61.0
LH_to_LL,781,782,2024-12-06 02:04:00,2024-12-06 02:16:00,LH,LL,68.27,68.14,68.132,68.168,68.15,16084.0,0.0052166867811608,-0.1299999999999954,-0.001904203896294,12.0
LH_to_LL,783,784,2024-12-06 02:23:00,2024-12-06 02:38:00,LH,LL,68.18,68.08,68.132,68.168,68.15,16084.0,0.0052166867811608,-0.1000000000000085,-0.0014667057788209,15.0
LH_to_LL,785,786,2024-12-06 02:45:00,2024-12-06 02:53:00,LH,LL,68.12,68.06,68.06,68.096,68.078,24044.0,0.0077984342804173,-0.0600000000000022,-0.0008807985907223,8.0
LH_to_LL,793,794,2024-12-06 03:36:00,2024-12-06 03:47:00,LH,LL,68.36,68.03,68.132,68.168,68.15,16084.0,0.0052166867811608,-0.3299999999999983,-0.0048273844353422,11.0
LH_to_LL,795,796,2024-12-06 03:54:00,2024-12-06 03:56:00,LH,LL,68.14,68.02,68.024,68.06,68.042,20101.0,0.0065195611158987,-0.1200000000000045,-0.0017610801291459,2.0
LH_to_LL,797,798,2024-12-06 03:57:00,2024-12-06 04:01:00,LH,LL,68.1,67.99,67.988,68.024,68.006,18935.0,0.0061413805148769,-0.1099999999999994,-0.0016152716593245,4.0
LH_to_LL,801,802,2024-12-06 04:17:00,2024-12-06 04:20:00,LH,LL,68.06,67.97,67.952,67.988,67.97,12689.0,0.0041155520123197,-0.0900000000000034,-0.0013223626212166,3.0
LH_to_LL,805,806,2024-12-06 04:41:00,2024-12-06 04:45:00,LH,LL,68.04,67.96,67.952,67.988,67.97,12689.0,0.0041155520123197,-0.0800000000000125,-0.0011757789535569,4.0
LH_to_LL,809,810,2024-12-06 05:01:00,2024-12-06 05:05:00,LH,LL,68.1,67.93,67.952,67.988,67.97,12689.0,0.0041155520123197,-0.1699999999999875,-0.0024963289280468,4.0
LH_to_LL,811,812,2024-12-06 05:07:00,2024-12-06 05:14:00,LH,LL,67.99,67.86,67.88,67.916,67.898,8796.0,0.0028528958547059,-0.1299999999999954,-0.0019120458891013,7.0
LH_to_LL,817,818,2024-12-06 05:29:00,2024-12-06 05:51:00,LH,LL,67.96,67.75,67.772,67.808,67.79,3016.0,0.0009782098565021,-0.2099999999999937,-0.0030900529723365,22.0
LH_to_LL,819,820,2024-12-06 05:55:00,2024-12-06 06:02:00,LH,LL,67.79,67.57,67.772,67.808,67.79,3016.0,0.0009782098565021,-0.220000000000013,-0.003245316418351,7.0
LH_to_LL,861,862,2024-12-06 09:18:00,2024-12-06 09:19:00,LH,LL,67.62,67.56,67.556,67.592,67.574,7994.0,0.0025927750639517,-0.0600000000000022,-0.0008873114463177,1.0
LH_to_LL,865,866,2024-12-06 09:39:00,2024-12-06 09:42:00,LH,LL,67.34,67.26,67.268,67.304,67.286,4305.0,0.0013962842945099,-0.0799999999999983,-0.0011880011880011,3.0
LH_to_LL,871,872,2024-12-06 09:56:00,2024-12-06 09:57:00,LH,LL,67.37,67.3,67.34,67.376,67.358,8327.0,0.0027007803299382,-0.0700000000000073,-0.0010390381475435,1.0
LH_to_LL,875,876,2024-12-06 10:06:00,2024-12-06 10:09:00,LH,LL,67.25,67.15,67.232,67.268,67.25,3567.0,0.0011569212725939,-0.0999999999999943,-0.0014869888475835,3.0
LH_to_LL,877,878,2024-12-06 10:11:00,2024-12-06 10:13:00,LH,LL,67.2,67.12,67.12400000000001,67.16000000000001,67.14200000000001,11005.0,0.0035693632197634,-0.0799999999999983,-0.0011904761904761,2.0
LH_to_LL,881,882,2024-12-06 10:25:00,2024-12-06 10:30:00,LH,LL,67.14,67.01,67.016,67.052,67.034,2356.0,0.0007641453653578,-0.1299999999999954,-0.0019362526064937,5.0
LH_to_LL,889,890,2024-12-06 11:11:00,2024-12-06 11:23:00,LH,LL,67.38,67.27,67.268,67.304,67.286,4305.0,0.0013962842945099,-0.1099999999999994,-0.0016325319085781,12.0
LH_to_LL,893,894,2024-12-06 11:29:00,2024-12-06 11:35:00,LH,LL,67.44,67.23,67.232,67.268,67.25,3567.0,0.0011569212725939,-0.2099999999999937,-0.0031138790035586,6.0
LH_to_LL,907,908,2024-12-06 12:36:00,2024-12-06 12:43:00,LH,LL,67.43,67.32,67.34,67.376,67.358,8327.0,0.0027007803299382,-0.1100000000000136,-0.0016313213703101,7.0
LH_to_LL,925,926,2024-12-06 14:01:00,2024-12-06 14:07:00,LH,LL,67.57,67.42,67.52000000000001,67.55600000000001,67.53800000000001,2817.0,0.0009136661690207,-0.1499999999999914,-0.0022199200828768,6.0
LH_to_LL,927,928,2024-12-06 14:09:00,2024-12-06 14:14:00,LH,LL,67.49,67.38,67.412,67.44800000000001,67.43,8760.0,0.0028412196097344,-0.1099999999999994,-0.0016298710920136,5.0
LH_to_LL,929,930,2024-12-06 14:17:00,2024-12-06 14:21:00,LH,LL,67.43,67.35,67.34,67.376,67.358,8327.0,0.0027007803299382,-0.0800000000000125,-0.0011864155420437,4.0
LH_to_LL,931,932,2024-12-06 14:23:00,2024-12-06 14:33:00,LH,LL,67.4,67.13,67.232,67.268,67.25,3567.0,0.0011569212725939,-0.2700000000000102,-0.004005934718101,10.0
LH_to_LL,933,934,2024-12-06 14:40:00,2024-12-06 14:57:00,LH,LL,67.19,67.07,67.052,67.08800000000001,67.07000000000001,3921.0,0.0012717376814804,-0.1200000000000045,-0.001785980056556,17.0
LH_to_LL,939,940,2024-12-06 16:59:00,2024-12-08 18:00:00,LH,LL,67.17,67.1,67.08800000000001,67.12400000000001,67.10600000000001,5926.0,0.001922039658366,-0.0700000000000073,-0.0010421319041239,2941.0
LH_to_LL,957,958,2024-12-08 22:13:00,2024-12-08 22:29:00,LH,LL,67.5,67.38,67.412,67.44800000000001,67.43,8760.0,0.0028412196097344,-0.1200000000000045,-0.0017777777777778,16.0
LH_to_LL,981,982,2024-12-09 03:43:00,2024-12-09 03:45:00,LH,LL,68.19,68.13,68.132,68.168,68.15,16084.0,0.0052166867811608,-0.0600000000000022,-0.0008798944126705,2.0
LH_to_LL,987,988,2024-12-09 04:11:00,2024-12-09 04:17:00,LH,LL,68.14,67.97,67.952,67.988,67.97,12689.0,0.0041155520123197,-0.1700000000000017,-0.00249486351629,6.0
LH_to_LL,1005,1006,2024-12-09 05:46:00,2024-12-09 05:54:00,LH,LL,68.0,67.9,67.952,67.988,67.97,12689.0,0.0041155520123197,-0.0999999999999943,-0.001470588235294,8.0
LH_to_LL,1009,1010,2024-12-09 06:31:00,2024-12-09 06:39:00,LH,LL,68.16,68.05,68.132,68.168,68.15,16084.0,0.0052166867811608,-0.1099999999999994,-0.0016138497652582,8.0
LH_to_LL,1011,1012,2024-12-09 06:40:00,2024-12-09 06:43:00,LH,LL,68.09,68.04,68.024,68.06,68.042,20101.0,0.0065195611158987,-0.0499999999999971,-0.0007343222205903,3.0
LH_to_LL,1015,1016,2024-12-09 07:04:00,2024-12-09 07:13:00,LH,LL,68.11,68.04,68.024,68.06,68.042,20101.0,0.0065195611158987,-0.0699999999999931,-0.001027749229188,9.0
LH_to_LL,1017,1018,2024-12-09 07:20:00,2024-12-09 07:24:00,LH,LL,68.1,67.99,67.988,68.024,68.006,18935.0,0.0061413805148769,-0.1099999999999994,-0.0016152716593245,4.0
LH_to_LL,1029,1030,2024-12-09 08:31:00,2024-12-09 08:37:00,LH,LL,68.15,68.09,68.132,68.168,68.15,16084.0,0.0052166867811608,-0.0600000000000022,-0.0008804108584006,6.0
LH_to_LL,1035,1036,2024-12-09 09:00:00,2024-12-09 09:06:00,LH,LL,68.31,68.19,68.24000000000001,68.27600000000001,68.25800000000001,16194.0,0.0052523641963516,-0.1200000000000045,-0.0017566974088714,6.0
LH_to_LL,1039,1040,2024-12-09 09:30:00,2024-12-09 09:33:00,LH,LL,68.24,68.13,68.132,68.168,68.15,16084.0,0.0052166867811608,-0.1099999999999994,-0.001611957796014,3.0
LH_to_LL,1041,1042,2024-12-09 09:35:00,2024-12-09 09:39:00,LH,LL,68.22,68.1,68.132,68.168,68.15,16084.0,0.0052166867811608,-0.1200000000000045,-0.0017590149516271,4.0
LH_to_LL,1055,1056,2024-12-09 10:59:00,2024-12-09 11:02:00,LH,LL,68.65,68.57,68.6,68.636,68.618,35737.0,0.0115909435151919,-0.0800000000000125,-0.0011653313911145,3.0
LH_to_LL,1059,1060,2024-12-09 11:11:00,2024-12-09 11:15:00,LH,LL,68.69,68.64,68.672,68.708,68.69,32116.0,0.0104165078751407,-0.0499999999999971,-0.0007279079924297,4.0
LH_to_LL,1061,1062,2024-12-09 11:17:00,2024-12-09 11:21:00,LH,LL,68.68,68.57,68.6,68.636,68.618,35737.0,0.0115909435151919,-0.1100000000000136,-0.0016016307513105,4.0
LH_to_LL,1069,1070,2024-12-09 12:01:00,2024-12-09 12:10:00,LH,LL,68.53,68.42,68.492,68.528,68.51,23472.0,0.0076129117214255,-0.1099999999999994,-0.001605136436597,9.0
LH_to_LL,1077,1078,2024-12-09 13:20:00,2024-12-09 13:22:00,LH,LL,68.6,68.53,68.528,68.56400000000001,68.546,40129.0,0.0130154454017163,-0.0699999999999931,-0.0010204081632652,2.0
LH_to_LL,1083,1084,2024-12-09 13:57:00,2024-12-09 14:04:00,LH,LL,68.57,68.43,68.492,68.528,68.51,23472.0,0.0076129117214255,-0.1399999999999863,-0.0020417092022748,7.0
LH_to_LL,1085,1086,2024-12-09 14:13:00,2024-12-09 14:28:00,LH,LL,68.55,68.34,68.384,68.42,68.402,22930.0,0.0074371193665766,-0.2099999999999937,-0.0030634573304156,15.0
LH_to_LL,1087,1088,2024-12-09 14:30:00,2024-12-09 14:54:00,LH,LL,68.46,68.23,68.24000000000001,68.27600000000001,68.25800000000001,16194.0,0.0052523641963516,-0.2299999999999897,-0.0033596260590124,24.0
LH_to_LL,1089,1090,2024-12-09 14:59:00,2024-12-09 16:18:00,LH,LL,68.31,68.1,68.132,68.168,68.15,16084.0,0.0052166867811608,-0.2100000000000079,-0.0030742204655249,79.0
LH_to_LL,1095,1096,2024-12-09 19:26:00,2024-12-09 19:59:00,LH,LL,68.17,68.12,68.132,68.168,68.15,16084.0,0.0052166867811608,-0.0499999999999971,-0.0007334604664808,33.0
LH_to_LL,1101,1102,2024-12-09 20:28:00,2024-12-09 20:41:00,LH,LL,68.35,68.18,68.24000000000001,68.27600000000001,68.25800000000001,16194.0,0.0052523641963516,-0.1699999999999875,-0.0024871982443304,13.0
LH_to_LL,1103,1104,2024-12-09 20:44:00,2024-12-09 21:03:00,LH,LL,68.27,68.17,68.24000000000001,68.27600000000001,68.25800000000001,16194.0,0.0052523641963516,-0.0999999999999943,-0.0014647722279185,19.0
LH_to_LL,1105,1106,2024-12-09 21:08:00,2024-12-09 21:28:00,LH,LL,68.26,68.12,68.132,68.168,68.15,16084.0,0.0052166867811608,-0.1400000000000005,-0.0020509815411661,20.0
LH_to_LL,1107,1108,2024-12-09 21:34:00,2024-12-09 21:56:00,LH,LL,68.17,68.08,68.132,68.168,68.15,16084.0,0.0052166867811608,-0.0900000000000034,-0.0013202288396655,22.0
LH_to_LL,1109,1110,2024-12-09 22:03:00,2024-12-09 22:26:00,LH,LL,68.12,68.03,68.024,68.06,68.042,20101.0,0.0065195611158987,-0.0900000000000034,-0.0013211978860834,23.0
LH_to_LL,1115,1116,2024-12-09 23:48:00,2024-12-10 00:04:00,LH,LL,68.09,67.94,67.952,67.988,67.97,12689.0,0.0041155520123197,-0.1500000000000056,-0.0022029666617712,16.0
LH_to_LL,1117,1118,2024-12-10 00:12:00,2024-12-10 00:29:00,LH,LL,67.98,67.92,67.952,67.988,67.97,12689.0,0.0041155520123197,-0.0600000000000022,-0.0008826125330979,17.0
LH_to_LL,1139,1140,2024-12-10 03:48:00,2024-12-10 03:50:00,LH,LL,68.31,68.2,68.24000000000001,68.27600000000001,68.25800000000001,16194.0,0.0052523641963516,-0.1099999999999994,-0.001610305958132,2.0
LH_to_LL,1155,1156,2024-12-10 05:39:00,2024-12-10 06:02:00,LH,LL,68.06,67.73,67.772,67.808,67.79,3016.0,0.0009782098565021,-0.3299999999999983,-0.0048486629444607,23.0
LH_to_LL,1165,1166,2024-12-10 06:46:00,2024-12-10 06:56:00,LH,LL,67.98,67.91,67.952,67.988,67.97,12689.0,0.0041155520123197,-0.0700000000000073,-0.0010297146219477,10.0
LH_to_LL,1175,1176,2024-12-10 08:16:00,2024-12-10 08:23:00,LH,LL,68.18,68.08,68.132,68.168,68.15,16084.0,0.0052166867811608,-0.1000000000000085,-0.0014667057788209,7.0
LH_to_LL,1187,1188,2024-12-10 09:06:00,2024-12-10 09:07:00,LH,LL,68.57,68.5,68.492,68.528,68.51,23472.0,0.0076129117214255,-0.0699999999999931,-0.0010208546011374,1.0
LH_to_LL,1189,1190,2024-12-10 09:09:00,2024-12-10 09:16:00,LH,LL,68.55,68.47,68.492,68.528,68.51,23472.0,0.0076129117214255,-0.0799999999999983,-0.0011670313639678,7.0
LH_to_LL,1191,1192,2024-12-10 09:19:00,2024-12-10 09:27:00,LH,LL,68.54,68.39,68.384,68.42,68.402,22930.0,0.0074371193665766,-0.1500000000000056,-0.0021885030639043,8.0
LH_to_LL,1193,1194,2024-12-10 09:30:00,2024-12-10 09:32:00,LH,LL,68.47,68.36,68.384,68.42,68.402,22930.0,0.0074371193665766,-0.1099999999999994,-0.0016065430115378,2.0
LH_to_LL,1195,1196,2024-12-10 09:34:00,2024-12-10 09:39:00,LH,LL,68.42,68.28,68.384,68.42,68.402,22930.0,0.0074371193665766,-0.1400000000000005,-0.0020461853259281,5.0
LH_to_LL,1225,1226,2024-12-10 11:59:00,2024-12-10 12:03:00,LH,LL,69.01,68.91,68.96000000000001,68.99600000000001,68.97800000000001,23114.0,0.0074967979519866,-0.1000000000000085,-0.0014490653528475,4.0
LH_to_LL,1239,1240,2024-12-10 13:41:00,2024-12-10 13:47:00,LH,LL,68.76,68.68,68.672,68.708,68.69,32116.0,0.0104165078751407,-0.0799999999999983,-0.0011634671320535,6.0
LH_to_LL,1271,1272,2024-12-10 21:49:00,2024-12-10 22:06:00,LH,LL,69.02,68.97,68.96000000000001,68.99600000000001,68.97800000000001,23114.0,0.0074967979519866,-0.0499999999999971,-0.0007244277021153,17.0
LH_to_LL,1287,1288,2024-12-11 02:13:00,2024-12-11 02:16:00,LH,LL,68.98,68.92,68.96000000000001,68.99600000000001,68.97800000000001,23114.0,0.0074967979519866,-0.0600000000000022,-0.000869817338359,3.0
LH_to_LL,1291,1292,2024-12-11 02:32:00,2024-12-11 02:50:00,LH,LL,68.85,68.71,68.744,68.78,68.762,33877.0,0.0109876708583304,-0.1400000000000005,-0.0020334059549745,18.0
LH_to_LL,1293,1294,2024-12-11 02:56:00,2024-12-11 03:02:00,LH,LL,68.75,68.7,68.708,68.744,68.726,41524.0,0.0134678998943624,-0.0499999999999971,-0.0007272727272726,6.0
LH_to_LL,1297,1298,2024-12-11 03:25:00,2024-12-11 03:26:00,LH,LL,68.8,68.74,68.744,68.78,68.762,33877.0,0.0109876708583304,-0.0600000000000022,-0.0008720930232558,1.0
LH_to_LL,1301,1302,2024-12-11 03:35:00,2024-12-11 03:39:00,LH,LL,68.81,68.74,68.744,68.78,68.762,33877.0,0.0109876708583304,-0.0700000000000073,-0.0010172939979655,4.0
LH_to_LL,1311,1312,2024-12-11 04:48:00,2024-12-11 04:57:00,LH,LL,69.31,69.22,69.212,69.248,69.23,22789.0,0.0073913874071049,-0.0900000000000034,-0.0012985139229548,9.0
LH_to_LL,1315,1316,2024-12-11 05:28:00,2024-12-11 05:37:00,LH,LL,69.34,69.17,69.212,69.248,69.23,22789.0,0.0073913874071049,-0.1700000000000017,-0.002451687337756,9.0
LH_to_LL,1321,1322,2024-12-11 06:07:00,2024-12-11 06:27:00,LH,LL,69.32,69.14,69.212,69.248,69.23,22789.0,0.0073913874071049,-0.1799999999999926,-0.0025966532025388,20.0
LH_to_LL,1329,1330,2024-12-11 07:22:00,2024-12-11 07:26:00,LH,LL,69.6,69.51,69.572,69.608,69.59,34880.0,0.0113129840168423,-0.0899999999999892,-0.0012931034482757,4.0
LH_to_LL,1335,1336,2024-12-11 07:50:00,2024-12-11 08:04:00,LH,LL,69.49,69.31,69.464,69.5,69.482,32312.0,0.0104800785422078,-0.1799999999999926,-0.0025903007626996,14.0
LH_to_LL,1341,1342,2024-12-11 08:36:00,2024-12-11 08:37:00,LH,LL,69.44,69.39,69.392,69.428,69.41,33539.0,0.0108780438916535,-0.0499999999999971,-0.0007200460829492,1.0
LH_to_LL,1347,1348,2024-12-11 08:54:00,2024-12-11 09:00:00,LH,LL,69.51,69.37,69.464,69.5,69.482,32312.0,0.0104800785422078,-0.1400000000000005,-0.0020140986908359,6.0
LH_to_LL,1351,1352,2024-12-11 09:10:00,2024-12-11 09:12:00,LH,LL,69.46,69.37,69.392,69.428,69.41,33539.0,0.0108780438916535,-0.0899999999999892,-0.0012957097610133,2.0
LH_to_LL,1359,1360,2024-12-11 09:34:00,2024-12-11 09:40:00,LH,LL,69.46,69.19,69.212,69.248,69.23,22789.0,0.0073913874071049,-0.269999999999996,-0.0038871292830405,6.0
LH_to_LL,1371,1372,2024-12-11 10:29:00,2024-12-11 10:31:00,LH,LL,69.51,69.4,69.464,69.5,69.482,32312.0,0.0104800785422078,-0.1099999999999994,-0.0015825061142281,2.0
LH_to_LL,1375,1376,2024-12-11 10:37:00,2024-12-11 10:43:00,LH,LL,69.48,69.13,69.212,69.248,69.23,22789.0,0.0073913874071049,-0.3500000000000085,-0.0050374208405297,6.0
LH_to_LL,1405,1406,2024-12-11 12:58:00,2024-12-11 13:17:00,LH,LL,70.01,69.82,69.824,69.86,69.842,18489.0,0.0059967248132854,-0.1900000000000119,-0.0027138980145695,19.0
LH_to_LL,1415,1416,2024-12-11 14:26:00,2024-12-11 14:28:00,LH,LL,70.39,70.29,70.364,70.4,70.382,38388.0,0.0124507692212885,-0.0999999999999943,-0.0014206563432305,2.0
LH_to_LL,1427,1428,2024-12-11 16:13:00,2024-12-11 16:40:00,LH,LL,70.35,70.26,70.292,70.328,70.31,38597.0,0.0125185563101509,-0.0899999999999892,-0.0012793176972279,27.0
LH_to_LL,1437,1438,2024-12-11 20:06:00,2024-12-11 20:13:00,LH,LL,70.39,70.3,70.364,70.4,70.382,38388.0,0.0124507692212885,-0.0900000000000034,-0.0012785907089075,7.0
LH_to_LL,1461,1462,2024-12-12 01:17:00,2024-12-12 01:48:00,LH,LL,70.46,70.34,70.43599999999999,70.472,70.454,32672.0,0.0105968409919229,-0.1199999999999903,-0.0017030939540163,31.0
LH_to_LL,1467,1468,2024-12-12 02:34:00,2024-12-12 02:46:00,LH,LL,70.44,70.35,70.364,70.4,70.382,38388.0,0.0124507692212885,-0.0900000000000034,-0.0012776831345826,12.0
LH_to_LL,1483,1484,2024-12-12 05:00:00,2024-12-12 05:09:00,LH,LL,70.57,70.42,70.544,70.58,70.562,22352.0,0.0072496507667563,-0.1499999999999914,-0.0021255491001841,9.0
LH_to_LL,1485,1486,2024-12-12 05:16:00,2024-12-12 05:19:00,LH,LL,70.48,70.39,70.43599999999999,70.472,70.454,32672.0,0.0105968409919229,-0.0900000000000034,-0.0012769580022702,3.0
LH_to_LL,1487,1488,2024-12-12 05:20:00,2024-12-12 05:34:00,LH,LL,70.43,70.33,70.364,70.4,70.382,38388.0,0.0124507692212885,-0.1000000000000085,-0.0014198494959535,14.0
LH_to_LL,1489,1490,2024-12-12 05:36:00,2024-12-12 05:38:00,LH,LL,70.38,70.32,70.328,70.364,70.346,46106.0,0.0149540264071253,-0.0600000000000022,-0.000852514919011,2.0
LH_to_LL,1491,1492,2024-12-12 05:45:00,2024-12-12 05:47:00,LH,LL,70.36,70.31,70.292,70.328,70.31,38597.0,0.0125185563101509,-0.0499999999999971,-0.0007106310403638,2.0
LH_to_LL,1493,1494,2024-12-12 05:50:00,2024-12-12 06:03:00,LH,LL,70.35,70.24,70.292,70.328,70.31,38597.0,0.0125185563101509,-0.1099999999999994,-0.0015636105188343,13.0
LH_to_LL,1511,1512,2024-12-12 07:49:00,2024-12-12 08:08:00,LH,LL,70.54,70.3,70.472,70.508,70.49,27649.0,0.0089676804782589,-0.2400000000000091,-0.0034023249220301,19.0
LH_to_LL,1513,1514,2024-12-12 08:13:00,2024-12-12 08:17:00,LH,LL,70.35,70.29,70.292,70.328,70.31,38597.0,0.0125185563101509,-0.059999999999988,-0.0008528784648186,4.0
LH_to_LL,1515,1516,2024-12-12 08:19:00,2024-12-12 08:27:00,LH,LL,70.33,70.25,70.292,70.328,70.31,38597.0,0.0125185563101509,-0.0799999999999983,-0.0011374946679937,8.0
LH_to_LL,1517,1518,2024-12-12 08:30:00,2024-12-12 08:38:00,LH,LL,70.29,70.12,70.112,70.148,70.13,35045.0,0.0113665001396284,-0.1700000000000017,-0.0024185517143263,8.0
LH_to_LL,1521,1522,2024-12-12 09:00:00,2024-12-12 09:05:00,LH,LL,70.28,70.01,70.112,70.148,70.13,35045.0,0.0113665001396284,-0.269999999999996,-0.0038417757541262,5.0
LH_to_LL,1523,1524,2024-12-12 09:06:00,2024-12-12 09:14:00,LH,LL,70.06,69.86,69.932,69.968,69.95,25259.0,0.0081925075482058,-0.2000000000000028,-0.0028546959748787,8.0
LH_to_LL,1525,1526,2024-12-12 09:20:00,2024-12-12 09:34:00,LH,LL,70.02,69.73,69.824,69.86,69.842,18489.0,0.0059967248132854,-0.289999999999992,-0.0041416738074834,14.0
LH_to_LL,1527,1528,2024-12-12 09:38:00,2024-12-12 09:39:00,LH,LL,69.78,69.7,69.752,69.788,69.77,26486.0,0.0085904728976515,-0.0799999999999983,-0.0011464603038119,1.0
LH_to_LL,1529,1530,2024-12-12 09:40:00,2024-12-12 09:41:00,LH,LL,69.74,69.69,69.716,69.752,69.734,36590.0,0.0118676056529891,-0.0499999999999971,-0.0007169486664754,1.0
LH_to_LL,1537,1538,2024-12-12 10:03:00,2024-12-12 10:11:00,LH,LL,69.62,69.33,69.464,69.5,69.482,32312.0,0.0104800785422078,-0.2900000000000062,-0.0041654696926171,8.0
LH_to_LL,1539,1540,2024-12-12 10:13:00,2024-12-12 10:16:00,LH,LL,69.41,69.25,69.392,69.428,69.41,33539.0,0.0108780438916535,-0.1599999999999966,-0.0023051433511021,3.0
LH_to_LL,1553,1554,2024-12-12 11:00:00,2024-12-12 11:04:00,LH,LL,69.33,69.26,69.284,69.32000000000001,69.302,38490.0,0.0124838519153744,-0.0699999999999931,-0.0010096639261502,4.0
LH_to_LL,1555,1556,2024-12-12 11:06:00,2024-12-12 11:12:00,LH,LL,69.32,69.16,69.212,69.248,69.23,22789.0,0.0073913874071049,-0.1599999999999966,-0.0023081361800345,6.0
LH_to_LL,1587,1588,2024-12-12 13:46:00,2024-12-12 13:56:00,LH,LL,70.24,70.12,70.112,70.148,70.13,35045.0,0.0113665001396284,-0.1199999999999903,-0.0017084282460135,10.0
LH_to_LL,1605,1606,2024-12-12 15:46:00,2024-12-12 15:56:00,LH,LL,70.24,70.11,70.112,70.148,70.13,35045.0,0.0113665001396284,-0.1299999999999954,-0.0018507972665147,10.0
LH_to_LL,1607,1608,2024-12-12 16:01:00,2024-12-12 16:58:00,LH,LL,70.17,70.0,70.112,70.148,70.13,35045.0,0.0113665001396284,-0.1700000000000017,-0.0024226877583013,57.0
LH_to_LL,1609,1610,2024-12-12 18:00:00,2024-12-12 18:31:00,LH,LL,70.04,69.87,69.932,69.968,69.95,25259.0,0.0081925075482058,-0.1700000000000017,-0.0024271844660194,31.0
LH_to_LL,1619,1620,2024-12-12 20:31:00,2024-12-12 20:37:00,LH,LL,70.01,69.93,69.932,69.968,69.95,25259.0,0.0081925075482058,-0.0799999999999983,-0.0011426939008712,6.0
LH_to_LL,1625,1626,2024-12-12 22:01:00,2024-12-12 22:14:00,LH,LL,70.05,69.98,70.004,70.04,70.022,35100.0,0.0113843388472237,-0.0699999999999931,-0.0009992862241254,13.0
LH_to_LL,1645,1646,2024-12-13 03:14:00,2024-12-13 03:22:00,LH,LL,70.27,70.19,70.184,70.22,70.202,40910.0,0.0132687550495705,-0.0799999999999983,-0.0011384659171765,8.0
LH_to_LL,1647,1648,2024-12-13 03:23:00,2024-12-13 03:31:00,LH,LL,70.24,70.16,70.184,70.22,70.202,40910.0,0.0132687550495705,-0.0799999999999983,-0.001138952164009,8.0
LH_to_LL,1653,1654,2024-12-13 03:45:00,2024-12-13 03:50:00,LH,LL,70.21,70.1,70.112,70.148,70.13,35045.0,0.0113665001396284,-0.1099999999999994,-0.0015667283862697,5.0
LH_to_LL,1655,1656,2024-12-13 03:54:00,2024-12-13 03:59:00,LH,LL,70.19,70.04,70.112,70.148,70.13,35045.0,0.0113665001396284,-0.1499999999999914,-0.0021370565607635,5.0
LH_to_LL,1657,1658,2024-12-13 04:00:00,2024-12-13 04:03:00,LH,LL,70.12,69.98,70.004,70.04,70.022,35100.0,0.0113843388472237,-0.1400000000000005,-0.0019965772960639,3.0
LH_to_LL,1675,1676,2024-12-13 06:30:00,2024-12-13 06:40:00,LH,LL,70.84,70.64,70.79599999999999,70.832,70.814,11246.0,0.0036475291930449,-0.2000000000000028,-0.0028232636928289,10.0
LH_to_LL,1681,1682,2024-12-13 07:21:00,2024-12-13 07:32:00,LH,LL,70.65,70.46,70.544,70.58,70.562,22352.0,0.0072496507667563,-0.1900000000000119,-0.0026893135173391,11.0
LH_to_LL,1683,1684,2024-12-13 07:46:00,2024-12-13 07:57:00,LH,LL,70.6,70.39,70.544,70.58,70.562,22352.0,0.0072496507667563,-0.2099999999999937,-0.0029745042492916,11.0
LH_to_LL,1685,1686,2024-12-13 08:00:00,2024-12-13 08:10:00,LH,LL,70.44,70.28,70.364,70.4,70.382,38388.0,0.0124507692212885,-0.1599999999999966,-0.0022714366837024,10.0
LH_to_LL,1687,1688,2024-12-13 08:11:00,2024-12-13 08:17:00,LH,LL,70.32,70.25,70.292,70.328,70.31,38597.0,0.0125185563101509,-0.0699999999999931,-0.0009954493742888,6.0
LH_to_LL,1695,1696,2024-12-13 08:53:00,2024-12-13 09:00:00,LH,LL,70.48,70.3,70.43599999999999,70.472,70.454,32672.0,0.0105968409919229,-0.1800000000000068,-0.0025539160045403,7.0
LH_to_LL,1697,1698,2024-12-13 09:03:00,2024-12-13 09:06:00,LH,LL,70.38,70.25,70.292,70.328,70.31,38597.0,0.0125185563101509,-0.1299999999999954,-0.0018471156578573,3.0
LH_to_LL,1711,1712,2024-12-13 10:22:00,2024-12-13 10:28:00,LH,LL,70.66,70.46,70.544,70.58,70.562,22352.0,0.0072496507667563,-0.2000000000000028,-0.0028304557033682,6.0
LH_to_LL,1737,1738,2024-12-13 12:44:00,2024-12-13 12:51:00,LH,LL,71.25,71.16,71.192,71.228,71.21,12670.0,0.0041093895496958,-0.0900000000000034,-0.0012631578947368,7.0
LH_to_LL,1739,1740,2024-12-13 12:53:00,2024-12-13 13:00:00,LH,LL,71.2,71.12,71.15599999999999,71.192,71.17399999999999,14853.0,0.0048174240711628,-0.0799999999999983,-0.0011235955056179,7.0
LH_to_LL,1749,1750,2024-12-13 14:04:00,2024-12-13 14:06:00,LH,LL,71.26,71.19,71.192,71.228,71.21,12670.0,0.0041093895496958,-0.0700000000000073,-0.0009823182711199,2.0
LH_to_LL,1757,1758,2024-12-13 15:08:00,2024-12-13 15:12:00,LH,LL,71.22,71.12,71.192,71.228,71.21,12670.0,0.0041093895496958,-0.0999999999999943,-0.0014040999719179,4.0
LH_to_LL,1763,1764,2024-12-13 16:09:00,2024-12-13 16:30:00,LH,LL,71.21,71.06,71.084,71.12,71.102,11322.0,0.0036721790435403,-0.1499999999999914,-0.002106445723915,21.0
LH_to_LL,1765,1766,2024-12-13 16:41:00,2024-12-13 16:56:00,LH,LL,71.14,71.05,71.084,71.12,71.102,11322.0,0.0036721790435403,-0.0900000000000034,-0.0012651110486365,15.0
LH_to_LL,1769,1770,2024-12-15 18:10:00,2024-12-15 18:14:00,LH,LL,71.07,71.02,71.048,71.084,71.066,11841.0,0.003840511575213,-0.0499999999999971,-0.0007035317292809,4.0
LH_to_LL,1775,1776,2024-12-15 19:13:00,2024-12-15 19:51:00,LH,LL,71.14,71.01,71.084,71.12,71.102,11322.0,0.0036721790435403,-0.1299999999999954,-0.0018273826258081,38.0
LH_to_LL,1777,1778,2024-12-15 20:01:00,2024-12-15 20:18:00,LH,LL,71.06,70.95,71.012,71.048,71.03,13672.0,0.0044343783680696,-0.1099999999999994,-0.001547987616099,17.0
LH_to_LL,1781,1782,2024-12-15 20:36:00,2024-12-15 20:41:00,LH,LL,71.02,70.97,70.976,71.012,70.994,13729.0,0.0044528657559411,-0.0499999999999971,-0.0007040270346381,5.0
LH_to_LL,1785,1786,2024-12-15 21:24:00,2024-12-15 21:26:00,LH,LL,71.08,70.95,71.048,71.084,71.066,11841.0,0.003840511575213,-0.1299999999999954,-0.0018289251547551,2.0
LH_to_LL,1787,1788,2024-12-15 21:46:00,2024-12-15 22:09:00,LH,LL,71.06,70.91,70.904,70.94,70.922,8958.0,0.0029054389570777,-0.1500000000000056,-0.0021108922037715,23.0
LH_to_LL,1797,1798,2024-12-16 00:06:00,2024-12-16 00:55:00,LH,LL,70.92,70.81,70.832,70.868,70.85,10199.0,0.0033079450684568,-0.1099999999999994,-0.0015510434292159,49.0
LH_to_LL,1799,1800,2024-12-16 01:04:00,2024-12-16 01:13:00,LH,LL,70.86,70.79,70.832,70.868,70.85,10199.0,0.0033079450684568,-0.0699999999999931,-0.000987863392605,9.0
LH_to_LL,1823,1824,2024-12-16 03:52:00,2024-12-16 03:59:00,LH,LL,70.68,70.61,70.652,70.688,70.67,17524.0,0.0056837365800213,-0.0700000000000073,-0.0009903791737408,7.0
LH_to_LL,1827,1828,2024-12-16 04:05:00,2024-12-16 04:09:00,LH,LL,70.69,70.61,70.652,70.688,70.67,17524.0,0.0056837365800213,-0.0799999999999983,-0.0011317017965766,4.0
LH_to_LL,1829,1830,2024-12-16 04:11:00,2024-12-16 04:15:00,LH,LL,70.66,70.55,70.544,70.58,70.562,22352.0,0.0072496507667563,-0.1099999999999994,-0.0015567506368525,4.0
LH_to_LL,1839,1840,2024-12-16 04:56:00,2024-12-16 04:59:00,LH,LL,70.61,70.52,70.544,70.58,70.562,22352.0,0.0072496507667563,-0.0900000000000034,-0.0012746069961762,3.0
LH_to_LL,1847,1848,2024-12-16 05:32:00,2024-12-16 05:39:00,LH,LL,70.65,70.52,70.544,70.58,70.562,22352.0,0.0072496507667563,-0.1300000000000096,-0.0018400566171268,7.0
LH_to_LL,1849,1850,2024-12-16 05:48:00,2024-12-16 05:54:00,LH,LL,70.64,70.5,70.544,70.58,70.562,22352.0,0.0072496507667563,-0.1400000000000005,-0.0019818799546998,6.0
LH_to_LL,1851,1852,2024-12-16 06:00:00,2024-12-16 06:17:00,LH,LL,70.55,70.38,70.472,70.508,70.49,27649.0,0.0089676804782589,-0.1700000000000017,-0.0024096385542169,17.0
LH_to_LL,1881,1882,2024-12-16 09:29:00,2024-12-16 09:32:00,LH,LL,71.05,70.92,70.904,70.94,70.922,8958.0,0.0029054389570777,-0.1299999999999954,-0.0018296973961997,3.0
LH_to_LL,1887,1888,2024-12-16 09:53:00,2024-12-16 10:00:00,LH,LL,70.92,70.77,70.832,70.868,70.85,10199.0,0.0033079450684568,-0.1500000000000056,-0.0021150592216583,7.0
LH_to_LL,1895,1896,2024-12-16 10:34:00,2024-12-16 10:40:00,LH,LL,71.14,70.92,70.904,70.94,70.922,8958.0,0.0029054389570777,-0.2199999999999988,-0.0030924936744447,6.0
LH_to_LL,1897,1898,2024-12-16 10:49:00,2024-12-16 10:55:00,LH,LL,71.06,70.85,70.904,70.94,70.922,8958.0,0.0029054389570777,-0.2100000000000079,-0.0029552490852801,6.0
LH_to_LL,1899,1900,2024-12-16 10:57:00,2024-12-16 11:07:00,LH,LL,70.94,70.79,70.904,70.94,70.922,8958.0,0.0029054389570777,-0.1499999999999914,-0.0021144629264165,10.0
LH_to_LL,1901,1902,2024-12-16 11:10:00,2024-12-16 11:16:00,LH,LL,70.87,70.7,70.832,70.868,70.85,10199.0,0.0033079450684568,-0.1700000000000017,-0.0023987582898264,6.0
LH_to_LL,1903,1904,2024-12-16 11:18:00,2024-12-16 11:29:00,LH,LL,70.76,70.51,70.724,70.76,70.742,15259.0,0.0049491061672304,-0.25,-0.0035330695308083,11.0
LH_to_LL,1913,1914,2024-12-16 12:07:00,2024-12-16 12:09:00,LH,LL,70.58,70.51,70.544,70.58,70.562,22352.0,0.0072496507667563,-0.0699999999999931,-0.0009917823746102,2.0
LH_to_LL,1919,1920,2024-12-16 12:40:00,2024-12-16 12:43:00,LH,LL,71.01,70.89,70.904,70.94,70.922,8958.0,0.0029054389570777,-0.1200000000000045,-0.0016899028305873,3.0
LH_to_LL,1921,1922,2024-12-16 12:51:00,2024-12-16 13:06:00,LH,LL,70.96,70.84,70.904,70.94,70.922,8958.0,0.0029054389570777,-0.1199999999999903,-0.0016910935738443,15.0
LH_to_LL,1925,1926,2024-12-16 13:43:00,2024-12-16 13:54:00,LH,LL,70.77,70.64,70.724,70.76,70.742,15259.0,0.0049491061672304,-0.1299999999999954,-0.0018369365550373,11.0
LH_to_LL,1927,1928,2024-12-16 13:58:00,2024-12-16 14:13:00,LH,LL,70.7,70.63,70.652,70.688,70.67,17524.0,0.0056837365800213,-0.0700000000000073,-0.0009900990099011,15.0
LH_to_LL,1945,1946,2024-12-16 16:22:00,2024-12-16 16:39:00,LH,LL,70.61,70.53,70.544,70.58,70.562,22352.0,0.0072496507667563,-0.0799999999999983,-0.001132983996601,17.0
LH_to_LL,1955,1956,2024-12-16 20:16:00,2024-12-16 20:19:00,LH,LL,70.33,70.16,70.292,70.328,70.31,38597.0,0.0125185563101509,-0.1700000000000017,-0.0024171761694867,3.0
LH_to_LL,1963,1964,2024-12-16 21:51:00,2024-12-16 22:13:00,LH,LL,70.3,70.16,70.184,70.22,70.202,40910.0,0.0132687550495705,-0.1400000000000005,-0.0019914651493598,22.0
LH_to_LL,1967,1968,2024-12-16 22:44:00,2024-12-16 22:49:00,LH,LL,70.23,70.18,70.184,70.22,70.202,40910.0,0.0132687550495705,-0.0499999999999971,-0.000711946461626,5.0
LH_to_LL,1987,1988,2024-12-17 03:27:00,2024-12-17 03:31:00,LH,LL,69.98,69.75,69.824,69.86,69.842,18489.0,0.0059967248132854,-0.2300000000000039,-0.0032866533295228,4.0
LH_to_LL,1989,1990,2024-12-17 03:34:00,2024-12-17 03:40:00,LH,LL,69.81,69.67,69.752,69.788,69.77,26486.0,0.0085904728976515,-0.1400000000000005,-0.0020054433462254,6.0
LH_to_LL,1991,1992,2024-12-17 03:41:00,2024-12-17 03:48:00,LH,LL,69.71,69.58,69.644,69.68,69.662,26844.0,0.0087065866670904,-0.1299999999999954,-0.0018648687419308,7.0
LH_to_LL,2001,2002,2024-12-17 04:23:00,2024-12-17 04:31:00,LH,LL,69.76,69.64,69.644,69.68,69.662,26844.0,0.0087065866670904,-0.1200000000000045,-0.0017201834862385,8.0
LH_to_LL,2007,2008,2024-12-17 05:01:00,2024-12-17 05:14:00,LH,LL,69.87,69.69,69.824,69.86,69.842,18489.0,0.0059967248132854,-0.1800000000000068,-0.0025762129669386,13.0
LH_to_LL,2009,2010,2024-12-17 05:19:00,2024-12-17 05:26:00,LH,LL,69.74,69.61,69.644,69.68,69.662,26844.0,0.0087065866670904,-0.1299999999999954,-0.0018640665328362,7.0
LH_to_LL,2025,2026,2024-12-17 07:27:00,2024-12-17 07:31:00,LH,LL,69.5,69.42,69.464,69.5,69.482,32312.0,0.0104800785422078,-0.0799999999999983,-0.0011510791366906,4.0
LH_to_LL,2029,2030,2024-12-17 07:52:00,2024-12-17 07:57:00,LH,LL,69.59,69.45,69.464,69.5,69.482,32312.0,0.0104800785422078,-0.1400000000000005,-0.0020117833021986,5.0
LH_to_LL,2047,2048,2024-12-17 09:36:00,2024-12-17 09:41:00,LH,LL,69.32,69.12,69.104,69.14,69.122,22184.0,0.0071951616235559,-0.1999999999999886,-0.002885170225043,5.0
LH_to_LL,2051,2052,2024-12-17 09:50:00,2024-12-17 09:54:00,LH,LL,69.35,69.26,69.284,69.32000000000001,69.302,38490.0,0.0124838519153744,-0.0899999999999892,-0.0012977649603459,4.0
LH_to_LL,2057,2058,2024-12-17 10:17:00,2024-12-17 10:25:00,LH,LL,69.26,69.01,69.032,69.068,69.05,20312.0,0.0065879968850373,-0.25,-0.0036095870632399,8.0
LH_to_LL,2061,2062,2024-12-17 10:31:00,2024-12-17 10:34:00,LH,LL,69.14,69.05,69.032,69.068,69.05,20312.0,0.0065879968850373,-0.0900000000000034,-0.0013017066820943,3.0
LH_to_LL,2063,2064,2024-12-17 10:35:00,2024-12-17 10:37:00,LH,LL,69.1,69.02,69.032,69.068,69.05,20312.0,0.0065879968850373,-0.0799999999999983,-0.0011577424023154,2.0
LH_to_LL,2065,2066,2024-12-17 10:38:00,2024-12-17 10:48:00,LH,LL,69.07,68.88,69.032,69.068,69.05,20312.0,0.0065879968850373,-0.1899999999999977,-0.0027508324887794,10.0
LH_to_LL,2067,2068,2024-12-17 10:49:00,2024-12-17 10:57:00,LH,LL,68.96,68.87,68.924,68.96000000000001,68.94200000000001,34114.0,0.0110645394710596,-0.0899999999999892,-0.0013051044083525,8.0
LH_to_LL,2097,2098,2024-12-17 13:18:00,2024-12-17 13:29:00,LH,LL,69.52,69.37,69.464,69.5,69.482,32312.0,0.0104800785422078,-0.1499999999999914,-0.002157652474108,11.0
LH_to_LL,2103,2104,2024-12-17 14:17:00,2024-12-17 14:21:00,LH,LL,69.63,69.54,69.572,69.608,69.59,34880.0,0.0113129840168423,-0.0899999999999892,-0.0012925463162428,4.0
LH_to_LL,2113,2114,2024-12-17 16:09:00,2024-12-17 16:27:00,LH,LL,69.78,69.72,69.752,69.788,69.77,26486.0,0.0085904728976515,-0.0600000000000022,-0.0008598452278589,18.0
LH_to_LL,2119,2120,2024-12-17 18:07:00,2024-12-17 18:40:00,LH,LL,69.85,69.74,69.824,69.86,69.842,18489.0,0.0059967248132854,-0.1099999999999994,-0.0015748031496063,33.0
LH_to_LL,2121,2122,2024-12-17 19:16:00,2024-12-17 19:38:00,LH,LL,69.8,69.73,69.752,69.788,69.77,26486.0,0.0085904728976515,-0.0699999999999931,-0.0010028653295127,22.0
LH_to_LL,2123,2124,2024-12-17 19:44:00,2024-12-17 20:06:00,LH,LL,69.77,69.64,69.752,69.788,69.77,26486.0,0.0085904728976515,-0.1299999999999954,-0.0018632650136161,22.0
LH_to_LL,2129,2130,2024-12-17 21:19:00,2024-12-17 21:51:00,LH,LL,69.86,69.71,69.824,69.86,69.842,18489.0,0.0059967248132854,-0.1500000000000056,-0.0021471514457487,32.0
LH_to_LL,2131,2132,2024-12-17 22:07:00,2024-12-17 22:35:00,LH,LL,69.76,69.65,69.644,69.68,69.662,26844.0,0.0087065866670904,-0.1099999999999994,-0.0015768348623853,28.0
LH_to_LL,2143,2144,2024-12-18 00:30:00,2024-12-18 00:57:00,LH,LL,69.75,69.66,69.644,69.68,69.662,26844.0,0.0087065866670904,-0.0900000000000034,-0.0012903225806452,27.0
LH_to_LL,2149,2150,2024-12-18 03:22:00,2024-12-18 03:33:00,LH,LL,70.1,69.99,70.004,70.04,70.022,35100.0,0.0113843388472237,-0.1099999999999994,-0.0015691868758915,11.0
LH_to_LL,2155,2156,2024-12-18 04:05:00,2024-12-18 04:06:00,LH,LL,70.22,70.17,70.184,70.22,70.202,40910.0,0.0132687550495705,-0.0499999999999971,-0.0007120478496154,1.0
LH_to_LL,2159,2160,2024-12-18 04:21:00,2024-12-18 04:28:00,LH,LL,70.28,70.18,70.184,70.22,70.202,40910.0,0.0132687550495705,-0.0999999999999943,-0.0014228799089356,7.0
LH_to_LL,2161,2162,2024-12-18 04:35:00,2024-12-18 04:43:00,LH,LL,70.23,70.15,70.184,70.22,70.202,40910.0,0.0132687550495705,-0.0799999999999983,-0.0011391143386016,8.0
LH_to_LL,2163,2164,2024-12-18 04:47:00,2024-12-18 04:53:00,LH,LL,70.22,70.03,70.112,70.148,70.13,35045.0,0.0113665001396284,-0.1899999999999977,-0.0027057818285388,6.0
LH_to_LL,2169,2170,2024-12-18 05:52:00,2024-12-18 06:01:00,LH,LL,70.1,70.0,70.004,70.04,70.022,35100.0,0.0113843388472237,-0.0999999999999943,-0.0014265335235377,9.0
LH_to_LL,2189,2190,2024-12-18 08:34:00,2024-12-18 08:39:00,LH,LL,70.34,70.19,70.292,70.328,70.31,38597.0,0.0125185563101509,-0.1500000000000056,-0.002132499289167,5.0
LH_to_LL,2205,2206,2024-12-18 09:50:00,2024-12-18 10:00:00,LH,LL,70.47,70.21,70.43599999999999,70.472,70.454,32672.0,0.0105968409919229,-0.2600000000000051,-0.0036895132680574,10.0
LH_to_LL,2215,2216,2024-12-18 10:38:00,2024-12-18 10:40:00,LH,LL,70.46,70.38,70.43599999999999,70.472,70.454,32672.0,0.0105968409919229,-0.0799999999999983,-0.0011353959693443,2.0
LH_to_LL,2233,2234,2024-12-18 11:44:00,2024-12-18 11:49:00,LH,LL,70.68,70.59,70.652,70.688,70.67,17524.0,0.0056837365800213,-0.0900000000000034,-0.0012733446519525,5.0
LH_to_LL,2235,2236,2024-12-18 11:53:00,2024-12-18 12:08:00,LH,LL,70.66,70.5,70.544,70.58,70.562,22352.0,0.0072496507667563,-0.1599999999999966,-0.0022643645626945,15.0
LH_to_LL,2241,2242,2024-12-18 12:37:00,2024-12-18 12:43:00,LH,LL,70.27,70.12,70.112,70.148,70.13,35045.0,0.0113665001396284,-0.1499999999999914,-0.002134623594706,6.0
LH_to_LL,2251,2252,2024-12-18 14:13:00,2024-12-18 14:22:00,LH,LL,70.22,70.09,70.112,70.148,70.13,35045.0,0.0113665001396284,-0.1299999999999954,-0.0018513244090002,9.0
LH_to_LL,2253,2254,2024-12-18 14:25:00,2024-12-18 14:30:00,LH,LL,70.17,69.95,69.932,69.968,69.95,25259.0,0.0081925075482058,-0.2199999999999988,-0.003135242981331,5.0
LH_to_LL,2255,2256,2024-12-18 14:32:00,2024-12-18 14:38:00,LH,LL,70.06,69.93,69.932,69.968,69.95,25259.0,0.0081925075482058,-0.1299999999999954,-0.001855552383671,6.0
LH_to_LL,2257,2258,2024-12-18 14:39:00,2024-12-18 15:04:00,LH,LL,69.97,69.66,69.824,69.86,69.842,18489.0,0.0059967248132854,-0.3100000000000023,-0.0044304702015149,25.0
LH_to_LL,2259,2260,2024-12-18 15:06:00,2024-12-18 15:13:00,LH,LL,69.72,69.58,69.644,69.68,69.662,26844.0,0.0087065866670904,-0.1400000000000005,-0.002008032128514,7.0
LH_to_LL,2261,2262,2024-12-18 15:18:00,2024-12-18 15:47:00,LH,LL,69.68,69.41,69.644,69.68,69.662,26844.0,0.0087065866670904,-0.2700000000000102,-0.0038748564867969,29.0
LH_to_LL,2267,2268,2024-12-18 16:38:00,2024-12-18 16:44:00,LH,LL,69.5,69.43,69.464,69.5,69.482,32312.0,0.0104800785422078,-0.0699999999999931,-0.0010071942446042,6.0
LH_to_LL,2275,2276,2024-12-18 18:49:00,2024-12-18 18:59:00,LH,LL,69.49,69.43,69.464,69.5,69.482,32312.0,0.0104800785422078,-0.059999999999988,-0.0008634335875663,10.0
LH_to_LL,2283,2284,2024-12-18 20:51:00,2024-12-18 21:29:00,LH,LL,69.66,69.44,69.464,69.5,69.482,32312.0,0.0104800785422078,-0.2199999999999988,-0.0031581969566465,38.0
LH_to_LL,2291,2292,2024-12-18 23:55:00,2024-12-19 00:27:00,LH,LL,69.61,69.45,69.464,69.5,69.482,32312.0,0.0104800785422078,-0.1599999999999966,-0.002298520327539,32.0
LH_to_LL,2297,2298,2024-12-19 02:08:00,2024-12-19 02:27:00,LH,LL,69.68,69.56,69.644,69.68,69.662,26844.0,0.0087065866670904,-0.1200000000000045,-0.0017221584385763,19.0
LH_to_LL,2299,2300,2024-12-19 02:29:00,2024-12-19 02:43:00,LH,LL,69.61,69.52,69.572,69.608,69.59,34880.0,0.0113129840168423,-0.0900000000000034,-0.0012929176842407,14.0
LH_to_LL,2307,2308,2024-12-19 03:02:00,2024-12-19 03:15:00,LH,LL,69.54,69.3,69.464,69.5,69.482,32312.0,0.0104800785422078,-0.2400000000000091,-0.003451251078516,13.0
LH_to_LL,2321,2322,2024-12-19 04:17:00,2024-12-19 04:18:00,LH,LL,69.97,69.91,69.932,69.968,69.95,25259.0,0.0081925075482058,-0.0600000000000022,-0.0008575103615835,1.0
LH_to_LL,2323,2324,2024-12-19 04:19:00,2024-12-19 04:26:00,LH,LL,69.95,69.84,69.824,69.86,69.842,18489.0,0.0059967248132854,-0.1099999999999994,-0.0015725518227305,7.0
LH_to_LL,2327,2328,2024-12-19 04:51:00,2024-12-19 05:05:00,LH,LL,70.0,69.88,69.932,69.968,69.95,25259.0,0.0081925075482058,-0.1200000000000045,-0.0017142857142857,14.0
LH_to_LL,2333,2334,2024-12-19 05:43:00,2024-12-19 06:04:00,LH,LL,70.08,69.9,69.932,69.968,69.95,25259.0,0.0081925075482058,-0.1799999999999926,-0.0025684931506848,21.0
LH_to_LL,2335,2336,2024-12-19 06:06:00,2024-12-19 06:11:00,LH,LL,69.95,69.89,69.932,69.968,69.95,25259.0,0.0081925075482058,-0.0600000000000022,-0.0008577555396712,5.0
LH_to_LL,2365,2366,2024-12-19 09:14:00,2024-12-19 09:16:00,LH,LL,70.54,70.4,70.472,70.508,70.49,27649.0,0.0089676804782589,-0.1400000000000005,-0.0019846895378509,2.0
LH_to_LL,2367,2368,2024-12-19 09:20:00,2024-12-19 09:30:00,LH,LL,70.53,70.35,70.472,70.508,70.49,27649.0,0.0089676804782589,-0.1800000000000068,-0.0025521054870268,10.0
LH_to_LL,2373,2374,2024-12-19 09:40:00,2024-12-19 09:43:00,LH,LL,70.41,70.29,70.364,70.4,70.382,38388.0,0.0124507692212885,-0.1199999999999903,-0.001704303365999,3.0
LH_to_LL,2375,2376,2024-12-19 09:44:00,2024-12-19 09:45:00,LH,LL,70.36,70.27,70.292,70.328,70.31,38597.0,0.0125185563101509,-0.0900000000000034,-0.0012791358726549,1.0
LH_to_LL,2379,2380,2024-12-19 10:00:00,2024-12-19 10:04:00,LH,LL,70.34,70.24,70.292,70.328,70.31,38597.0,0.0125185563101509,-0.1000000000000085,-0.001421666192778,4.0
LH_to_LL,2381,2382,2024-12-19 10:05:00,2024-12-19 10:10:00,LH,LL,70.28,70.08,70.112,70.148,70.13,35045.0,0.0113665001396284,-0.2000000000000028,-0.0028457598178713,5.0
LH_to_LL,2383,2384,2024-12-19 10:13:00,2024-12-19 10:16:00,LH,LL,70.13,69.91,69.932,69.968,69.95,25259.0,0.0081925075482058,-0.2199999999999988,-0.0031370312277199,3.0
LH_to_LL,2391,2392,2024-12-19 10:37:00,2024-12-19 10:41:00,LH,LL,69.9,69.77,69.824,69.86,69.842,18489.0,0.0059967248132854,-0.1300000000000096,-0.001859799713877,4.0
LH_to_LL,2393,2394,2024-12-19 10:42:00,2024-12-19 10:48:00,LH,LL,69.81,69.75,69.752,69.788,69.77,26486.0,0.0085904728976515,-0.0600000000000022,-0.0008594757198109,6.0
LH_to_LL,2397,2398,2024-12-19 11:09:00,2024-12-19 11:13:00,LH,LL,69.77,69.53,69.752,69.788,69.77,26486.0,0.0085904728976515,-0.2399999999999948,-0.0034398738712912,4.0
LH_to_LL,2399,2400,2024-12-19 11:16:00,2024-12-19 11:18:00,LH,LL,69.61,69.39,69.464,69.5,69.482,32312.0,0.0104800785422078,-0.2199999999999988,-0.0031604654503663,2.0
LH_to_LL,2407,2408,2024-12-19 11:38:00,2024-12-19 11:41:00,LH,LL,69.43,69.28,69.392,69.428,69.41,33539.0,0.0108780438916535,-0.1500000000000056,-0.0021604493734697,3.0
LH_to_LL,2427,2428,2024-12-19 13:21:00,2024-12-19 13:29:00,LH,LL,69.45,69.36,69.392,69.428,69.41,33539.0,0.0108780438916535,-0.0900000000000034,-0.0012958963282937,8.0
LH_to_LL,2431,2432,2024-12-19 13:55:00,2024-12-19 14:13:00,LH,LL,69.47,69.21,69.212,69.248,69.23,22789.0,0.0073913874071049,-0.2600000000000051,-0.003742622714841,18.0
LH_to_LL,2437,2438,2024-12-19 14:39:00,2024-12-19 15:02:00,LH,LL,69.33,69.19,69.212,69.248,69.23,22789.0,0.0073913874071049,-0.1400000000000005,-0.0020193278523006,23.0
LH_to_LL,2439,2440,2024-12-19 15:04:00,2024-12-19 15:12:00,LH,LL,69.23,69.16,69.212,69.248,69.23,22789.0,0.0073913874071049,-0.0700000000000073,-0.0010111223458039,8.0
LH_to_LL,2443,2444,2024-12-19 15:31:00,2024-12-19 15:37:00,LH,LL,69.19,69.12,69.104,69.14,69.122,22184.0,0.0071951616235559,-0.0699999999999931,-0.0010117068940597,6.0
LH_to_LL,2451,2452,2024-12-19 19:36:00,2024-12-19 19:53:00,LH,LL,69.13,69.07,69.104,69.14,69.122,22184.0,0.0071951616235559,-0.0600000000000022,-0.000867929986981,17.0
LH_to_LL,2459,2460,2024-12-19 21:00:00,2024-12-19 21:55:00,LH,LL,69.11,68.96,69.032,69.068,69.05,20312.0,0.0065879968850373,-0.1500000000000056,-0.0021704529011721,55.0
LH_to_LL,2461,2462,2024-12-19 22:00:00,2024-12-19 22:04:00,LH,LL,69.0,68.93,68.96000000000001,68.99600000000001,68.97800000000001,23114.0,0.0074967979519866,-0.0699999999999931,-0.001014492753623,4.0
LH_to_LL,2477,2478,2024-12-20 02:44:00,2024-12-20 03:00:00,LH,LL,69.03,68.89,68.96000000000001,68.99600000000001,68.97800000000001,23114.0,0.0074967979519866,-0.1400000000000005,-0.0020281037230189,16.0
LH_to_LL,2487,2488,2024-12-20 04:04:00,2024-12-20 04:06:00,LH,LL,68.86,68.78,68.816,68.852,68.834,37431.0,0.0121403757091291,-0.0799999999999983,-0.001161777519605,2.0
LH_to_LL,2489,2490,2024-12-20 04:08:00,2024-12-20 04:21:00,LH,LL,68.85,68.75,68.744,68.78,68.762,33877.0,0.0109876708583304,-0.0999999999999943,-0.0014524328249817,13.0
LH_to_LL,2491,2492,2024-12-20 04:25:00,2024-12-20 04:35:00,LH,LL,68.81,68.67,68.672,68.708,68.69,32116.0,0.0104165078751407,-0.1400000000000005,-0.0020345879959308,10.0
LH_to_LL,2497,2498,2024-12-20 04:57:00,2024-12-20 05:02:00,LH,LL,68.71,68.63,68.672,68.708,68.69,32116.0,0.0104165078751407,-0.0799999999999983,-0.0011643137825644,5.0
LH_to_LL,2501,2502,2024-12-20 05:17:00,2024-12-20 05:30:00,LH,LL,68.67,68.58,68.6,68.636,68.618,35737.0,0.0115909435151919,-0.0900000000000034,-0.001310615989515,13.0
LH_to_LL,2507,2508,2024-12-20 05:48:00,2024-12-20 06:03:00,LH,LL,68.72,68.58,68.672,68.708,68.69,32116.0,0.0104165078751407,-0.1400000000000005,-0.0020372526193248,15.0
LH_to_LL,2513,2514,2024-12-20 06:53:00,2024-12-20 06:57:00,LH,LL,68.56,68.48,68.492,68.528,68.51,23472.0,0.0076129117214255,-0.0799999999999983,-0.0011668611435239,4.0
LH_to_LL,2533,2534,2024-12-20 08:49:00,2024-12-20 09:00:00,LH,LL,68.93,68.64,68.672,68.708,68.69,32116.0,0.0104165078751407,-0.2900000000000062,-0.0042071666908458,11.0
LH_to_LL,2537,2538,2024-12-20 09:10:00,2024-12-20 09:18:00,LH,LL,68.92,68.83,68.852,68.888,68.87,34524.0,0.0111975189276796,-0.0900000000000034,-0.0013058618688335,8.0
LH_to_LL,2539,2540,2024-12-20 09:20:00,2024-12-20 09:24:00,LH,LL,68.87,68.78,68.852,68.888,68.87,34524.0,0.0111975189276796,-0.0900000000000034,-0.0013068099317555,4.0
LH_to_LL,2541,2542,2024-12-20 09:27:00,2024-12-20 09:38:00,LH,LL,68.82,68.56,68.672,68.708,68.69,32116.0,0.0104165078751407,-0.2599999999999909,-0.0037779715199068,11.0
LH_to_LL,2543,2544,2024-12-20 09:41:00,2024-12-20 09:48:00,LH,LL,68.76,68.47,68.492,68.528,68.51,23472.0,0.0076129117214255,-0.2900000000000062,-0.0042175683536941,7.0
LH_to_LL,2563,2564,2024-12-20 11:36:00,2024-12-20 11:40:00,LH,LL,69.3,69.2,69.212,69.248,69.23,22789.0,0.0073913874071049,-0.0999999999999943,-0.0014430014430013,4.0
LH_to_LL,2591,2592,2024-12-20 14:24:00,2024-12-20 14:36:00,LH,LL,69.54,69.38,69.464,69.5,69.482,32312.0,0.0104800785422078,-0.1600000000000108,-0.0023008340523441,12.0
LH_to_LL,2601,2602,2024-12-20 15:59:00,2024-12-20 16:34:00,LH,LL,69.54,69.46,69.464,69.5,69.482,32312.0,0.0104800785422078,-0.0800000000000125,-0.0011504170261721,35.0
LH_to_LL,2625,2626,2024-12-22 23:38:00,2024-12-23 00:01:00,LH,LL,69.88,69.81,69.824,69.86,69.842,18489.0,0.0059967248132854,-0.0699999999999931,-0.0010017172295362,23.0
LH_to_LL,2627,2628,2024-12-23 00:09:00,2024-12-23 00:27:00,LH,LL,69.85,69.79,69.824,69.86,69.842,18489.0,0.0059967248132854,-0.059999999999988,-0.0008589835361487,18.0
LH_to_LL,2629,2630,2024-12-23 00:52:00,2024-12-23 01:11:00,LH,LL,69.84,69.72,69.752,69.788,69.77,26486.0,0.0085904728976515,-0.1200000000000045,-0.0017182130584193,19.0
LH_to_LL,2633,2634,2024-12-23 01:46:00,2024-12-23 02:05:00,LH,LL,69.83,69.74,69.752,69.788,69.77,26486.0,0.0085904728976515,-0.0900000000000034,-0.0012888443362452,19.0
LH_to_LL,2637,2638,2024-12-23 02:59:00,2024-12-23 03:04:00,LH,LL,69.72,69.64,69.644,69.68,69.662,26844.0,0.0087065866670904,-0.0799999999999983,-0.0011474469305794,5.0
LH_to_LL,2641,2642,2024-12-23 03:27:00,2024-12-23 03:32:00,LH,LL,69.66,69.57,69.572,69.608,69.59,34880.0,0.0113129840168423,-0.0900000000000034,-0.0012919896640827,5.0
LH_to_LL,2647,2648,2024-12-23 03:57:00,2024-12-23 04:04:00,LH,LL,69.8,69.68,69.752,69.788,69.77,26486.0,0.0085904728976515,-0.1199999999999903,-0.0017191977077362,7.0
LH_to_LL,2653,2654,2024-12-23 05:14:00,2024-12-23 05:23:00,LH,LL,69.54,69.39,69.464,69.5,69.482,32312.0,0.0104800785422078,-0.1500000000000056,-0.0021570319240725,9.0
LH_to_LL,2655,2656,2024-12-23 05:29:00,2024-12-23 05:40:00,LH,LL,69.43,69.28,69.392,69.428,69.41,33539.0,0.0108780438916535,-0.1500000000000056,-0.0021604493734697,11.0
LH_to_LL,2661,2662,2024-12-23 05:51:00,2024-12-23 06:03:00,LH,LL,69.29,69.18,69.212,69.248,69.23,22789.0,0.0073913874071049,-0.1099999999999994,-0.001587530668206,12.0
LH_to_LL,2669,2670,2024-12-23 06:53:00,2024-12-23 06:59:00,LH,LL,69.24,69.16,69.212,69.248,69.23,22789.0,0.0073913874071049,-0.0799999999999983,-0.0011554015020219,6.0
LH_to_LL,2677,2678,2024-12-23 07:53:00,2024-12-23 07:59:00,LH,LL,69.15,69.06,69.104,69.14,69.122,22184.0,0.0071951616235559,-0.0900000000000034,-0.0013015184381779,6.0
LH_to_LL,2685,2686,2024-12-23 08:31:00,2024-12-23 08:43:00,LH,LL,69.18,69.03,69.032,69.068,69.05,20312.0,0.0065879968850373,-0.1500000000000056,-0.0021682567215959,12.0
LH_to_LL,2701,2702,2024-12-23 09:51:00,2024-12-23 09:52:00,LH,LL,69.18,69.08,69.104,69.14,69.122,22184.0,0.0071951616235559,-0.1000000000000085,-0.001445504481064,1.0
LH_to_LL,2705,2706,2024-12-23 10:01:00,2024-12-23 10:11:00,LH,LL,69.15,68.9,69.032,69.068,69.05,20312.0,0.0065879968850373,-0.25,-0.0036153289949385,10.0
LH_to_LL,2707,2708,2024-12-23 10:22:00,2024-12-23 10:37:00,LH,LL,69.02,68.81,68.96000000000001,68.99600000000001,68.97800000000001,23114.0,0.0074967979519866,-0.2099999999999937,-0.0030425963488842,15.0
LH_to_LL,2709,2710,2024-12-23 10:38:00,2024-12-23 10:59:00,LH,LL,68.91,68.67,68.672,68.708,68.69,32116.0,0.0104165078751407,-0.2399999999999948,-0.0034828036569437,21.0
LH_to_LL,2715,2716,2024-12-23 11:17:00,2024-12-23 11:24:00,LH,LL,68.89,68.71,68.744,68.78,68.762,33877.0,0.0109876708583304,-0.1800000000000068,-0.0026128610828858,7.0
LH_to_LL,2717,2718,2024-12-23 11:25:00,2024-12-23 11:29:00,LH,LL,68.75,68.69,68.672,68.708,68.69,32116.0,0.0104165078751407,-0.0600000000000022,-0.0008727272727273,4.0
LH_to_LL,2735,2736,2024-12-23 14:06:00,2024-12-23 14:09:00,LH,LL,69.42,69.35,69.392,69.428,69.41,33539.0,0.0108780438916535,-0.0700000000000073,-0.0010083549409393,3.0
LH_to_LL,2739,2740,2024-12-23 14:22:00,2024-12-23 14:26:00,LH,LL,69.36,69.24,69.284,69.32000000000001,69.302,38490.0,0.0124838519153744,-0.1200000000000045,-0.0017301038062284,4.0
LH_to_LL,2741,2742,2024-12-23 14:27:00,2024-12-23 14:28:00,LH,LL,69.28,69.22,69.212,69.248,69.23,22789.0,0.0073913874071049,-0.0600000000000022,-0.0008660508083141,1.0
LH_to_LL,2747,2748,2024-12-23 15:12:00,2024-12-23 15:19:00,LH,LL,69.47,69.35,69.392,69.428,69.41,33539.0,0.0108780438916535,-0.1200000000000045,-0.0017273643299267,7.0
LH_to_LL,2755,2756,2024-12-23 16:54:00,2024-12-23 18:08:00,LH,LL,69.59,69.48,69.464,69.5,69.482,32312.0,0.0104800785422078,-0.1099999999999994,-0.0015806868802988,74.0
LH_to_LL,2757,2758,2024-12-23 18:15:00,2024-12-23 18:24:00,LH,LL,69.52,69.44,69.464,69.5,69.482,32312.0,0.0104800785422078,-0.0799999999999983,-0.0011507479861909,9.0
LH_to_LL,2759,2760,2024-12-23 18:41:00,2024-12-23 18:43:00,LH,LL,69.49,69.42,69.464,69.5,69.482,32312.0,0.0104800785422078,-0.0699999999999931,-0.0010073391854942,2.0
LH_to_LL,2765,2766,2024-12-23 20:22:00,2024-12-23 20:51:00,LH,LL,69.52,69.47,69.464,69.5,69.482,32312.0,0.0104800785422078,-0.0499999999999971,-0.0007192174913693,29.0
LH_to_LL,2767,2768,2024-12-23 20:54:00,2024-12-23 20:57:00,LH,LL,69.51,69.44,69.464,69.5,69.482,32312.0,0.0104800785422078,-0.0700000000000073,-0.001007049345418,3.0
LH_to_LL,2771,2772,2024-12-23 21:58:00,2024-12-23 22:16:00,LH,LL,69.51,69.43,69.464,69.5,69.482,32312.0,0.0104800785422078,-0.0799999999999983,-0.0011509135376204,18.0
LH_to_LL,2773,2774,2024-12-23 22:21:00,2024-12-23 22:33:00,LH,LL,69.5,69.39,69.464,69.5,69.482,32312.0,0.0104800785422078,-0.1099999999999994,-0.0015827338129495,12.0
LH_to_LL,2775,2776,2024-12-23 22:41:00,2024-12-23 22:48:00,LH,LL,69.44,69.38,69.392,69.428,69.41,33539.0,0.0108780438916535,-0.0600000000000022,-0.0008640552995392,7.0
LH_to_LL,2777,2778,2024-12-23 22:51:00,2024-12-23 23:03:00,LH,LL,69.42,69.37,69.392,69.428,69.41,33539.0,0.0108780438916535,-0.0499999999999971,-0.0007202535292422,12.0
LH_to_LL,2791,2792,2024-12-24 01:49:00,2024-12-24 02:01:00,LH,LL,69.57,69.52,69.536,69.572,69.554,38461.0,0.0124744460513696,-0.0499999999999971,-0.0007187005893344,12.0
LH_to_LL,2799,2800,2024-12-24 03:35:00,2024-12-24 03:40:00,LH,LL,69.75,69.63,69.644,69.68,69.662,26844.0,0.0087065866670904,-0.1200000000000045,-0.0017204301075269,5.0
LH_to_LL,2807,2808,2024-12-24 04:49:00,2024-12-24 04:52:00,LH,LL,69.73,69.66,69.644,69.68,69.662,26844.0,0.0087065866670904,-0.0700000000000073,-0.0010038720780153,3.0
LH_to_LL,2809,2810,2024-12-24 04:57:00,2024-12-24 05:03:00,LH,LL,69.72,69.59,69.644,69.68,69.662,26844.0,0.0087065866670904,-0.1299999999999954,-0.0018646012621915,6.0
LH_to_LL,2823,2824,2024-12-24 06:53:00,2024-12-24 07:09:00,LH,LL,69.91,69.51,69.824,69.86,69.842,18489.0,0.0059967248132854,-0.3999999999999915,-0.0057216421112857,16.0
LH_to_LL,2835,2836,2024-12-24 08:05:00,2024-12-24 08:12:00,LH,LL,69.78,69.68,69.752,69.788,69.77,26486.0,0.0085904728976515,-0.0999999999999943,-0.0014330753797648,7.0
LH_to_LL,2837,2838,2024-12-24 08:15:00,2024-12-24 08:16:00,LH,LL,69.72,69.65,69.644,69.68,69.662,26844.0,0.0087065866670904,-0.0699999999999931,-0.0010040160642569,1.0
LH_to_LL,2847,2848,2024-12-24 09:09:00,2024-12-24 09:14:00,LH,LL,70.25,70.09,70.112,70.148,70.13,35045.0,0.0113665001396284,-0.1599999999999966,-0.0022775800711742,5.0
LH_to_LL,2851,2852,2024-12-24 09:27:00,2024-12-24 09:37:00,LH,LL,70.15,69.93,69.932,69.968,69.95,25259.0,0.0081925075482058,-0.2199999999999988,-0.003136136849608,10.0
LH_to_LL,2855,2856,2024-12-24 09:48:00,2024-12-24 09:50:00,LH,LL,70.08,70.02,70.004,70.04,70.022,35100.0,0.0113843388472237,-0.0600000000000022,-0.0008561643835617,2.0
LH_to_LL,2869,2870,2024-12-24 11:58:00,2024-12-24 12:05:00,LH,LL,70.27,70.12,70.112,70.148,70.13,35045.0,0.0113665001396284,-0.1499999999999914,-0.002134623594706,7.0
LH_to_LL,2877,2878,2024-12-24 12:33:00,2024-12-24 12:36:00,LH,LL,70.13,70.01,70.112,70.148,70.13,35045.0,0.0113665001396284,-0.1199999999999903,-0.0017111079423925,3.0
LH_to_LL,2879,2880,2024-12-24 12:38:00,2024-12-24 12:55:00,LH,LL,70.05,70.0,70.004,70.04,70.022,35100.0,0.0113843388472237,-0.0499999999999971,-0.0007137758743753,17.0
LH_to_LL,2881,2882,2024-12-24 12:58:00,2024-12-24 13:03:00,LH,LL,70.04,69.98,70.004,70.04,70.022,35100.0,0.0113843388472237,-0.0600000000000022,-0.000856653340948,5.0
LH_to_LL,2885,2886,2024-12-24 13:15:00,2024-12-24 13:25:00,LH,LL,70.07,69.94,69.932,69.968,69.95,25259.0,0.0081925075482058,-0.1299999999999954,-0.0018552875695732,10.0
LH_to_LL,2897,2898,2024-12-25 18:30:00,2024-12-25 18:44:00,LH,LL,70.28,70.2,70.184,70.22,70.202,40910.0,0.0132687550495705,-0.0799999999999983,-0.0011383039271485,14.0
LH_to_LL,2907,2908,2024-12-25 21:34:00,2024-12-25 21:43:00,LH,LL,70.28,70.2,70.184,70.22,70.202,40910.0,0.0132687550495705,-0.0799999999999983,-0.0011383039271485,9.0
LH_to_LL,2911,2912,2024-12-25 22:57:00,2024-12-26 00:22:00,LH,LL,70.42,70.1,70.112,70.148,70.13,35045.0,0.0113665001396284,-0.3200000000000074,-0.0045441635898892,85.0
LH_to_LL,2915,2916,2024-12-26 00:50:00,2024-12-26 01:03:00,LH,LL,70.23,70.17,70.184,70.22,70.202,40910.0,0.0132687550495705,-0.0600000000000022,-0.0008543357539513,13.0
LH_to_LL,2917,2918,2024-12-26 01:07:00,2024-12-26 01:10:00,LH,LL,70.21,70.15,70.184,70.22,70.202,40910.0,0.0132687550495705,-0.059999999999988,-0.0008545791197833,3.0
LH_to_LL,2919,2920,2024-12-26 01:11:00,2024-12-26 01:38:00,LH,LL,70.19,70.14,70.148,70.184,70.166,56442.0,0.0183064060745015,-0.0499999999999971,-0.0007123521869212,27.0
LH_to_LL,2945,2946,2024-12-26 07:01:00,2024-12-26 07:22:00,LH,LL,70.54,70.33,70.472,70.508,70.49,27649.0,0.0089676804782589,-0.2100000000000079,-0.0029770343067764,21.0
LH_to_LL,2957,2958,2024-12-26 08:52:00,2024-12-26 09:04:00,LH,LL,70.62,70.46,70.544,70.58,70.562,22352.0,0.0072496507667563,-0.1600000000000108,-0.0022656471254604,12.0
LH_to_LL,2971,2972,2024-12-26 10:00:00,2024-12-26 10:16:00,LH,LL,70.46,70.13,70.43599999999999,70.472,70.454,32672.0,0.0105968409919229,-0.3299999999999983,-0.0046835083735452,16.0
LH_to_LL,2975,2976,2024-12-26 10:23:00,2024-12-26 10:43:00,LH,LL,70.23,70.02,70.112,70.148,70.13,35045.0,0.0113665001396284,-0.2100000000000079,-0.0029901751388297,20.0
LH_to_LL,2981,2982,2024-12-26 11:20:00,2024-12-26 11:29:00,LH,LL,70.2,70.02,70.112,70.148,70.13,35045.0,0.0113665001396284,-0.1800000000000068,-0.0025641025641026,9.0
LH_to_LL,2983,2984,2024-12-26 11:37:00,2024-12-26 11:47:00,LH,LL,70.12,69.89,69.932,69.968,69.95,25259.0,0.0081925075482058,-0.2300000000000039,-0.003280091272105,10.0
LH_to_LL,2989,2990,2024-12-26 12:06:00,2024-12-26 12:07:00,LH,LL,70.0,69.94,69.932,69.968,69.95,25259.0,0.0081925075482058,-0.0600000000000022,-0.0008571428571428,1.0
LH_to_LL,2991,2992,2024-12-26 12:10:00,2024-12-26 12:30:00,LH,LL,69.98,69.82,69.824,69.86,69.842,18489.0,0.0059967248132854,-0.1600000000000108,-0.0022863675335811,20.0
LH_to_LL,3003,3004,2024-12-26 14:04:00,2024-12-26 14:23:00,LH,LL,69.79,69.41,69.752,69.788,69.77,26486.0,0.0085904728976515,-0.3800000000000096,-0.0054449061470126,19.0
LH_to_LL,3009,3010,2024-12-26 14:42:00,2024-12-26 14:51:00,LH,LL,69.62,69.54,69.572,69.608,69.59,34880.0,0.0113129840168423,-0.0799999999999983,-0.0011490950876185,9.0
LH_to_LL,3011,3012,2024-12-26 14:58:00,2024-12-26 15:06:00,LH,LL,69.58,69.49,69.536,69.572,69.554,38461.0,0.0124744460513696,-0.0900000000000034,-0.0012934751365335,8.0
LH_to_LL,3017,3018,2024-12-26 15:30:00,2024-12-26 15:49:00,LH,LL,69.54,69.49,69.5,69.536,69.518,46165.0,0.0149731624752731,-0.0500000000000113,-0.0007190106413577,19.0
LH_to_LL,3025,3026,2024-12-26 20:00:00,2024-12-26 20:11:00,LH,LL,69.57,69.45,69.464,69.5,69.482,32312.0,0.0104800785422078,-0.1199999999999903,-0.0017248814144026,11.0
LH_to_LL,3035,3036,2024-12-26 21:53:00,2024-12-26 22:06:00,LH,LL,69.66,69.58,69.572,69.608,69.59,34880.0,0.0113129840168423,-0.0799999999999983,-0.0011484352569623,13.0
LH_to_LL,3037,3038,2024-12-26 22:14:00,2024-12-26 22:37:00,LH,LL,69.65,69.57,69.572,69.608,69.59,34880.0,0.0113129840168423,-0.0800000000000125,-0.0011486001435752,23.0
LH_to_LL,3041,3042,2024-12-26 23:19:00,2024-12-26 23:48:00,LH,LL,69.68,69.6,69.644,69.68,69.662,26844.0,0.0087065866670904,-0.0800000000000125,-0.0011481056257177,29.0
LH_to_LL,3043,3044,2024-12-27 00:19:00,2024-12-27 00:32:00,LH,LL,69.66,69.59,69.572,69.608,69.59,34880.0,0.0113129840168423,-0.0699999999999931,-0.0010048808498419,13.0
LH_to_LL,3047,3048,2024-12-27 01:18:00,2024-12-27 01:35:00,LH,LL,69.59,69.51,69.572,69.608,69.59,34880.0,0.0113129840168423,-0.0799999999999983,-0.0011495904583991,17.0
LH_to_LL,3067,3068,2024-12-27 03:57:00,2024-12-27 04:16:00,LH,LL,69.86,69.66,69.824,69.86,69.842,18489.0,0.0059967248132854,-0.2000000000000028,-0.0028628685943316,19.0
LH_to_LL,3083,3084,2024-12-27 06:31:00,2024-12-27 06:41:00,LH,LL,70.27,70.17,70.184,70.22,70.202,40910.0,0.0132687550495705,-0.0999999999999943,-0.0014230823964707,10.0
LH_to_LL,3095,3096,2024-12-27 08:04:00,2024-12-27 08:09:00,LH,LL,70.28,70.17,70.184,70.22,70.202,40910.0,0.0132687550495705,-0.1099999999999994,-0.0015651678998293,5.0
LH_to_LL,3103,3104,2024-12-27 08:43:00,2024-12-27 08:46:00,LH,LL,70.28,70.23,70.256,70.292,70.274,46051.0,0.0149361876995299,-0.0499999999999971,-0.0007114399544677,3.0
LH_to_LL,3105,3106,2024-12-27 08:50:00,2024-12-27 08:54:00,LH,LL,70.27,70.22,70.22,70.256,70.238,56931.0,0.0184650084020312,-0.0499999999999971,-0.0007115411982353,4.0
LH_to_LL,3123,3124,2024-12-27 10:02:00,2024-12-27 10:07:00,LH,LL,70.35,70.24,70.292,70.328,70.31,38597.0,0.0125185563101509,-0.1099999999999994,-0.0015636105188343,5.0
LH_to_LL,3125,3126,2024-12-27 10:08:00,2024-12-27 10:15:00,LH,LL,70.28,70.09,70.112,70.148,70.13,35045.0,0.0113665001396284,-0.1899999999999977,-0.0027034718269777,7.0
LH_to_LL,3129,3130,2024-12-27 10:31:00,2024-12-27 10:39:00,LH,LL,70.18,70.11,70.112,70.148,70.13,35045.0,0.0113665001396284,-0.0700000000000073,-0.0009974351667142,8.0
LH_to_LL,3141,3142,2024-12-27 11:43:00,2024-12-27 11:45:00,LH,LL,70.5,70.39,70.472,70.508,70.49,27649.0,0.0089676804782589,-0.1099999999999994,-0.0015602836879432,2.0
LH_to_LL,3143,3144,2024-12-27 11:47:00,2024-12-27 11:52:00,LH,LL,70.44,70.32,70.364,70.4,70.382,38388.0,0.0124507692212885,-0.1200000000000045,-0.0017035775127769,5.0
LH_to_LL,3145,3146,2024-12-27 11:54:00,2024-12-27 12:07:00,LH,LL,70.36,70.17,70.292,70.328,70.31,38597.0,0.0125185563101509,-0.1899999999999977,-0.0027003979533826,13.0
LH_to_LL,3173,3174,2024-12-27 14:34:00,2024-12-27 15:46:00,LH,LL,70.58,70.16,70.544,70.58,70.562,22352.0,0.0072496507667563,-0.4200000000000017,-0.0059506942476622,72.0
LH_to_LL,3179,3180,2024-12-27 16:59:00,2024-12-29 18:03:00,LH,LL,70.26,70.17,70.184,70.22,70.202,40910.0,0.0132687550495705,-0.0900000000000034,-0.0012809564474808,2944.0
LH_to_LL,3199,3200,2024-12-29 21:12:00,2024-12-29 21:30:00,LH,LL,70.71,70.65,70.652,70.688,70.67,17524.0,0.0056837365800213,-0.059999999999988,-0.0008485362749255,18.0
LH_to_LL,3201,3202,2024-12-29 21:41:00,2024-12-29 22:15:00,LH,LL,70.69,70.61,70.652,70.688,70.67,17524.0,0.0056837365800213,-0.0799999999999983,-0.0011317017965766,34.0
LH_to_LL,3203,3204,2024-12-29 22:20:00,2024-12-29 22:29:00,LH,LL,70.66,70.6,70.616,70.652,70.634,31514.0,0.010221255112006,-0.0600000000000022,-0.0008491367110105,9.0
LH_to_LL,3215,3216,2024-12-30 02:00:00,2024-12-30 02:04:00,LH,LL,70.56,70.5,70.508,70.544,70.526,35675.0,0.0115708344266298,-0.0600000000000022,-0.0008503401360544,4.0
LH_to_LL,3221,3222,2024-12-30 02:49:00,2024-12-30 02:54:00,LH,LL,70.57,70.5,70.544,70.58,70.562,22352.0,0.0072496507667563,-0.0699999999999931,-0.0009919229134192,5.0
LH_to_LL,3225,3226,2024-12-30 03:30:00,2024-12-30 03:35:00,LH,LL,70.57,70.4,70.544,70.58,70.562,22352.0,0.0072496507667563,-0.1699999999999875,-0.0024089556468752,5.0
LH_to_LL,3227,3228,2024-12-30 03:38:00,2024-12-30 03:44:00,LH,LL,70.47,70.29,70.43599999999999,70.472,70.454,32672.0,0.0105968409919229,-0.1799999999999926,-0.0025542784163472,6.0
LH_to_LL,3229,3230,2024-12-30 03:51:00,2024-12-30 03:57:00,LH,LL,70.38,70.21,70.292,70.328,70.31,38597.0,0.0125185563101509,-0.1700000000000017,-0.002415458937198,6.0
LH_to_LL,3235,3236,2024-12-30 04:50:00,2024-12-30 05:12:00,LH,LL,70.62,70.32,70.544,70.58,70.562,22352.0,0.0072496507667563,-0.3000000000000113,-0.004248088360238,22.0
LH_to_LL,3237,3238,2024-12-30 05:26:00,2024-12-30 05:28:00,LH,LL,70.41,70.31,70.364,70.4,70.382,38388.0,0.0124507692212885,-0.0999999999999943,-0.0014202528049992,2.0
LH_to_LL,3241,3242,2024-12-30 06:00:00,2024-12-30 06:05:00,LH,LL,70.51,70.46,70.472,70.508,70.49,27649.0,0.0089676804782589,-0.0500000000000113,-0.000709119273862,5.0
LH_to_LL,3257,3258,2024-12-30 07:41:00,2024-12-30 07:48:00,LH,LL,70.96,70.87,70.904,70.94,70.922,8958.0,0.0029054389570777,-0.0899999999999892,-0.0012683201803831,7.0
LH_to_LL,3259,3260,2024-12-30 07:51:00,2024-12-30 07:56:00,LH,LL,70.92,70.79,70.832,70.868,70.85,10199.0,0.0033079450684568,-0.1299999999999954,-0.001833051325437,5.0
LH_to_LL,3261,3262,2024-12-30 08:01:00,2024-12-30 08:13:00,LH,LL,70.85,70.73,70.832,70.868,70.85,10199.0,0.0033079450684568,-0.1199999999999903,-0.0016937191249116,12.0
LH_to_LL,3285,3286,2024-12-30 09:41:00,2024-12-30 09:43:00,LH,LL,71.22,71.12,71.192,71.228,71.21,12670.0,0.0041093895496958,-0.0999999999999943,-0.0014040999719179,2.0
LH_to_LL,3299,3300,2024-12-30 10:44:00,2024-12-30 10:49:00,LH,LL,71.41,71.21,71.372,71.408,71.39,6599.0,0.0021403205713056,-0.2000000000000028,-0.0028007281893293,5.0
LH_to_LL,3305,3306,2024-12-30 11:30:00,2024-12-30 11:33:00,LH,LL,71.0,70.91,70.904,70.94,70.922,8958.0,0.0029054389570777,-0.0900000000000034,-0.0012676056338029,3.0
LH_to_LL,3313,3314,2024-12-30 12:29:00,2024-12-30 12:52:00,LH,LL,71.5,71.25,71.444,71.48,71.462,3631.0,0.0011776790414321,-0.25,-0.0034965034965035,23.0
LH_to_LL,3321,3322,2024-12-30 13:44:00,2024-12-30 13:53:00,LH,LL,71.12,71.05,71.084,71.12,71.102,11322.0,0.0036721790435403,-0.0700000000000073,-0.000984251968504,9.0
LH_to_LL,3323,3324,2024-12-30 14:02:00,2024-12-30 14:19:00,LH,LL,71.09,70.84,70.904,70.94,70.922,8958.0,0.0029054389570777,-0.25,-0.0035166690111126,17.0
LH_to_LL,3325,3326,2024-12-30 14:21:00,2024-12-30 14:22:00,LH,LL,70.88,70.79,70.832,70.868,70.85,10199.0,0.0033079450684568,-0.0899999999999892,-0.0012697516930021,1.0
LH_to_LL,3335,3336,2024-12-30 16:58:00,2024-12-30 18:13:00,LH,LL,71.15,71.09,71.084,71.12,71.102,11322.0,0.0036721790435403,-0.0600000000000022,-0.000843288826423,75.0
LH_to_LL,3341,3342,2024-12-30 20:10:00,2024-12-30 20:25:00,LH,LL,71.39,71.31,71.372,71.408,71.39,6599.0,0.0021403205713056,-0.0799999999999983,-0.0011206051267684,15.0
LH_to_LL,3349,3350,2024-12-30 21:57:00,2024-12-30 22:04:00,LH,LL,71.43,71.33,71.372,71.408,71.39,6599.0,0.0021403205713056,-0.1000000000000085,-0.00139997200056,7.0
LH_to_LL,3361,3362,2024-12-31 00:18:00,2024-12-31 00:31:00,LH,LL,71.64,71.57,71.55199999999999,71.588,71.57,4017.0,0.0013028743347378,-0.0700000000000073,-0.0009771077610274,13.0
LH_to_LL,3371,3372,2024-12-31 02:09:00,2024-12-31 02:49:00,LH,LL,71.68,71.56,71.55199999999999,71.588,71.57,4017.0,0.0013028743347378,-0.1200000000000045,-0.0016741071428572,40.0
LH_to_LL,3373,3374,2024-12-31 02:56:00,2024-12-31 03:17:00,LH,LL,71.6,71.48,71.55199999999999,71.588,71.57,4017.0,0.0013028743347378,-0.1199999999999903,-0.0016759776536311,21.0
LH_to_LL,3375,3376,2024-12-31 03:23:00,2024-12-31 03:34:00,LH,LL,71.53,71.4,71.444,71.48,71.462,3631.0,0.0011776790414321,-0.1299999999999954,-0.0018174192646441,11.0
LH_to_LL,3379,3380,2024-12-31 03:47:00,2024-12-31 03:49:00,LH,LL,71.6,71.49,71.55199999999999,71.588,71.57,4017.0,0.0013028743347378,-0.1099999999999994,-0.001536312849162,2.0
LH_to_LL,3385,3386,2024-12-31 04:03:00,2024-12-31 04:06:00,LH,LL,71.52,71.43,71.444,71.48,71.462,3631.0,0.0011776790414321,-0.0899999999999892,-0.0012583892617448,3.0
LH_to_LL,3387,3388,2024-12-31 04:07:00,2024-12-31 04:14:00,LH,LL,71.47,71.41,71.444,71.48,71.462,3631.0,0.0011776790414321,-0.0600000000000022,-0.0008395130824122,7.0
LH_to_LL,3389,3390,2024-12-31 04:21:00,2024-12-31 04:28:00,LH,LL,71.45,71.38,71.372,71.408,71.39,6599.0,0.0021403205713056,-0.0700000000000073,-0.0009797060881736,7.0
LH_to_LL,3391,3392,2024-12-31 04:33:00,2024-12-31 04:39:00,LH,LL,71.44,71.37,71.372,71.408,71.39,6599.0,0.0021403205713056,-0.0699999999999931,-0.0009798432250839,6.0
LH_to_LL,3395,3396,2024-12-31 04:57:00,2024-12-31 05:04:00,LH,LL,71.43,71.36,71.372,71.408,71.39,6599.0,0.0021403205713056,-0.0700000000000073,-0.000979980400392,7.0
LH_to_LL,3413,3414,2024-12-31 07:19:00,2024-12-31 07:33:00,LH,LL,71.63,71.2,71.444,71.48,71.462,3631.0,0.0011776790414321,-0.4299999999999926,-0.0060030713388243,14.0
LH_to_LL,3415,3416,2024-12-31 07:35:00,2024-12-31 07:38:00,LH,LL,71.29,71.19,71.192,71.228,71.21,12670.0,0.0041093895496958,-0.1000000000000085,-0.0014027212792818,3.0
LH_to_LL,3417,3418,2024-12-31 07:39:00,2024-12-31 07:45:00,LH,LL,71.26,71.17,71.192,71.228,71.21,12670.0,0.0041093895496958,-0.0900000000000034,-0.0012629806342969,6.0
LH_to_LL,3419,3420,2024-12-31 07:49:00,2024-12-31 07:53:00,LH,LL,71.22,71.1,71.084,71.12,71.102,11322.0,0.0036721790435403,-0.1200000000000045,-0.0016849199663017,4.0
LH_to_LL,3421,3422,2024-12-31 07:54:00,2024-12-31 08:01:00,LH,LL,71.15,70.95,71.084,71.12,71.102,11322.0,0.0036721790435403,-0.2000000000000028,-0.0028109627547435,7.0
LH_to_LL,3427,3428,2024-12-31 08:10:00,2024-12-31 08:12:00,LH,LL,70.98,70.89,70.904,70.94,70.922,8958.0,0.0029054389570777,-0.0900000000000034,-0.0012679628064243,2.0
LH_to_LL,3435,3436,2024-12-31 08:41:00,2024-12-31 08:51:00,LH,LL,71.07,70.99,71.048,71.084,71.066,11841.0,0.003840511575213,-0.0799999999999983,-0.0011256507668495,10.0
LH_to_LL,3443,3444,2024-12-31 09:43:00,2024-12-31 09:51:00,LH,LL,71.52,71.3,71.444,71.48,71.462,3631.0,0.0011776790414321,-0.2199999999999988,-0.0030760626398209,8.0
LH_to_LL,3451,3452,2024-12-31 10:30:00,2024-12-31 10:34:00,LH,LL,71.64,71.52,71.55199999999999,71.588,71.57,4017.0,0.0013028743347378,-0.1200000000000045,-0.0016750418760469,4.0
LH_to_LL,3483,3484,2024-12-31 14:27:00,2024-12-31 14:28:00,LH,LL,71.81,71.69,71.696,71.732,71.714,3688.0,0.0011961664293037,-0.1200000000000045,-0.0016710764517476,1.0
LH_to_LL,3489,3490,2024-12-31 15:26:00,2024-12-31 16:20:00,LH,LL,71.88,71.75,71.84,71.876,71.858,2807.0,0.0009104227676398,-0.1299999999999954,-0.0018085698386198,54.0
